:020000043418AE
:10040000F8FF1F3489881834B51018345909183486
:10041000B5101834B5101834B5101834B510183498
:10042000000000000000000000000000B5101834BB
:10043000B5101834000000009B08183435891834B2
:10044000B510183400000000B5101834B510183479
:10045000B5101834B5101834B5101834B510183458
:10046000B510183400000000B5101834B510183459
:10047000B5101834B5101834B51018340000000049
:10048000B510183400000000B5101834B510183439
:10049000B9101834CD101834E1101834F510183490
:1004A00009111834B5101834B5101834B5101834B3
:1004B000B5101834B5101834B5101834B5101834F8
:1004C000B5101834B5101834B5101834B5101834E8
:1004D000B5101834B5101834B5101834B5101834D8
:1004E000B510183400000000B5101834B5101834D9
:1004F000B5101834B5101834B5101834B5101834B8
:10050000B5101834000000000000000000000000DA
:10051000B5101834B5101834B5101834B510183497
:10052000B5101834B5101834B5101834B510183487
:10053000B5101834B5101834B5101834B510183477
:10054000B5101834B5101834B5101834B510183467
:10055000B5101834B5101834B5101834B510183457
:10056000B5101834B5101834B5101834B510183447
:10057000B5101834B5101834B5101834B510183437
:10058000B5101834B5101834B5101834B510183427
:10059000B5101834B5101834B5101834B510183417
:1005A000B5101834B5101834B5101834B510183407
:1005B000B5101834B5101834B5101834B5101834F7
:1005C000B5101834B5101834B5101834B5101834E7
:1005D000B5101834B5101834B5101834B5101834D7
:1005E000B5101834B5101834B5101834B5101834C7
:1005F000B5101834B5101834B5101834B5101834B7
:10060000B5101834B5101834B5101834B5101834A6
:10061000B5101834B5101834B5101834B510183496
:10062000B5101834B5101834B5101834B510183486
:10063000B5101834B5101834B5101834B510183476
:10064000B5101834B5101834B5101834B510183466
:10065000B5101834B5101834B5101834B510183456
:10066000B5101834B5101834B5101834B510183446
:10067000B5101834B5101834B5101834B510183436
:10068000B5101834B5101834B5101834B510183426
:10069000B5101834B5101834B5101834B510183416
:1006A000B5101834B5101834B5101834B510183406
:1006B000B5101834B5101834B5101834319A1834F0
:1006C000B5101834B5101834B5101834B5101834E6
:1006D000B5101834B5101834B5101834B5101834D6
:1006E000B5101834B5101834B5101834B5101834C6
:1006F000B5101834B5101834B5101834B5101834B6
:10070000B5101834B5101834B5101834B5101834A5
:10071000B5101834B5101834B5101834B510183495
:10072000B5101834B5101834B5101834B510183485
:10073000B5101834B5101834B5101834B510183475
:1007400000000000B5101834B510183400F002F89D
:1007500000F07BF814A696E8000CB244B344DA45E6
:1007600001D100F072F8BAE80F000FA696E8300049
:10077000A5EB040504EB0607AAEB0704A7F10107A4
:100780004FEA15154FEA3414A4F10104AC4201D329
:1007900000F05BF813F0010F18BFFB1A43F00103E0
:1007A00000F001F8DBE7184718680100386801001D
:1007B0000A444FF0000C10F8013B13F0070408BF87
:1007C00010F8014B1D1108BF10F8015B641E05D025
:1007D00010F8016B641E01F8016BF9D113F0080FDA
:1007E0001EBF10F8014BAD1C0C1B09D16D1E58BF6C
:1007F00001F801CBFAD505E014F8016B01F8016BA3
:100800006D1EF9D59142D6D37047000070470000A5
:100810000023002400250026103A28BF78C1FBD809
:10082000520728BF30C148BF0B6070471FB513F097
:10083000FDFC00F0DDFA04000020002113F0E0FCD4
:10084000401C60601FBD10B510BDDFF810D0FFF771
:10085000EDFF00F095FB00F08AFB0000F8FF1F346D
:1008600003B4FFF7F0FF03BC0AF00EFBEFF31080B8
:1008700072B6704780F310887047464A1368012BA0
:1008800004D04FF001031360434A1060434A1160E3
:1008900043484FF0805101607047EFF3108272B609
:1008A0003C48016851B34FF0000101603A480168CB
:1008B00091B1EFF309811EF0100F08BF21ED108BED
:1008C00021E9F00F4FF000041EF0100F08BF0124C3
:1008D00041F8044D0068016030490968096808C999
:1008E000B1E8F00F002B18BFB1EC108B81F3098831
:1008F0004EF0100E002B18BF2EF0100E82F3108851
:100900004EF0040E704725490860EFF3148222F080
:10091000040282F3148820494FF0000008601D494A
:100920004FF0010008601F481F49D0F8002041EA3D
:10093000020101601A484FF0805101601B480068B5
:10094000006800BF80F3088861B662B6BFF34F8FBE
:10095000BFF36F8F704700BFEFF308801EF0040FE6
:1009600001D0EFF3098020E9F00F40F804ED40F8E2
:1009700004ED1EF0040F02D080F3098801E080F33B
:10098000088800B50EF09EFA5DF804EB4EF0040EF8
:1009900070470000A8091C34E0071C34EC071C3425
:1009A00004ED00E020ED00E00000FFFF08ED00E0B6
:1009B0007047000010B500F01BFA001D10BD00BF0D
:1009C0004138010053EA020C00F069802DE9F04B38
:1009D0004FF00006002B1FBFB3FA83F503FA05F4AE
:1009E00024FA05F65E4012BF1643B2FA82F502FA07
:1009F00005F4C5F120051EBF22FA05FC44EA0C04EB
:100A0000203556EA044C4FEA144418BF641C4FF0DA
:100A100000084FF00009904271EB030C39D3002914
:100A200019BFB1FA81F701FA07F6B0FA80F700FAB8
:100A300007F6C7F120071EBF20FA07FC46EA0C069E
:100A40002037B6FBF4FCA7EB0507103F07F01F0BA0
:100A5000CBF120062CFA06F60CFA0BFB44BFB3468A
:100A60000026202FA4BF5E464FF0000B5BEA060C69
:100A700008BF4FF0010B19EB0B0948EB0608ABFB65
:100A8000027C06FB02CC0BFB03CCC01B71EB0C0100
:100A9000C1E70B46024641464846BDE8F08B13B518
:100AA000084318BF4FF0FF300146AFF30080BDE8A8
:100AB0001C40704770B5064600F09EF90468054674
:100AC00030460A22002100F0EAF92C6070BD2DE9C1
:100AD000F05F93460F4680460446002600F08CF9EE
:100AE000D0F80090824614F8015B2DB1FFF762FF49
:100AF0000068405DC007F6D12B2D02D02D2D1AD0F5
:100B0000641E0021CAF800105A463946204600F0FB
:100B100077F9014627B13868A04201D1C7F80080B3
:100B2000DAF80000022809D0CAF80090700505D54F
:100B30004842BDE8F09F46F48066E2E70846F8E7E1
:100B4000401ECAB210F8011F8A4202D00029F9D112
:100B50000020704740EA010310B59B070FD1042A1B
:100B60000DD310C808C9121F9C42F8D020BA19BA78
:100B7000884201D9012010BD4FF0FF3010BD1AB1DD
:100B8000D30703D0521C07E0002010BD10F8013B32
:100B900011F8014B1B1B07D110F8013B11F8014B59
:100BA0001B1B01D1921EF1D1184610BD40EA010372
:100BB000024630B59B0710D14FF0013400E008C267
:100BC00008C91D1B9D4315EAC41FF8D013F0FF018F
:100BD00002F8011B0DD01B0AF8E711F8013B002BAE
:100BE00002F8013B05D011F8013B002B02F8013B54
:100BF000F3D130BD10B5431C02E010F8011B71B1F8
:100C00008107FAD14FF0013202C88C1A8C4314EAE2
:100C1000C211F9D0C01A0A0603D0C01E10BDC01AF6
:100C200010BD0A0401D0801E10BD0902FCD0401E78
:100C300010BD40EA010370B59B072ED14FF001367D
:100C4000042A2AD308C810C99D1B9D43121F15EA08
:100C5000C61517D0D8B2E1B2401A50EA056110D1DA
:100C600098B2A1B2401A50EA05410AD123F07F4060
:100C700024F07F41401A50EA052102D1180EA0EB62
:100C8000146070BDA342DBD018BA21BA884201D9E2
:100C9000012070BD4FF0FF3070BD0AB9002070BD5B
:100CA00010F8013B11F8014B63B1A3420AD1521E67
:100CB00008D010F8013B11F8014B1BB1A34201D140
:100CC000521EEDD1181B70BD4FF0000200B5134647
:100CD00094469646203922BFA0E80C50A0E80C505C
:100CE000B1F12001BFF4F7AF090728BFA0E80C500D
:100CF00048BF0CC05DF804EB890028BF40F8042B06
:100D000008BF704748BF20F8022B11F0804F18BF72
:100D100000F8012B704710B5044610F0030F08BF10
:100D200011F0030F40F015804FF0013E121FC0F28A
:100D30000E8051F8043BA3EB0E0C2CEA030C1CEACA
:100D4000CE1C08BF40F8043BF0D0A1F1040102F131
:100D50000402521E08DB11F8013B00F8013B002B96
:100D6000F7D1114600F0D3F8204610BD0000000076
:100D700030B44FF0013C50F8042B51F8043BCCFA4E
:100D800052F4D51A20D1FCB950F8042B51F8043B89
:100D9000CCFA52F4D51A17D1B4B950F8042B51F843
:100DA000043BCCFA52F4D51A0ED16CB950F8042B8E
:100DB00051F8043BCCFA52F4D51A05D1002CDAD004
:100DC00030BC4FF00000704729BAB1FA81F111F040
:100DD0001801D1F120008440F2D1CA40CB4012F07A
:100DE000FF0213F0FF0330BCD01A704770470000B9
:100DF0000048704748031C340048704728031C34DF
:100E00002DE9F05F824615468B4600270AF1010462
:100E1000B9460078302801D09DB113E014F8010BD9
:100E20000127782803D0582801D045B10AE00DB138
:100E3000102D07D1002714F8010B102502E008251A
:100E400000E00A250026B0460EE005FB080005FB81
:100E500006F101271FFA80F801EB1046B6F5803F36
:100E600000D3B94614F8010B294600F072F80028A7
:100E7000EBDABBF1000F05D00FB1641E00E0544661
:100E8000CBF80040B9F1000F06D0FFF7B5FF022103
:100E90000160C81EBDE8F09F48EA0640FAE72DE968
:100EA000F04791460F4680460446002614F8015B41
:100EB0002DB1FFF77FFD0068405DC007F6D12B2DF7
:100EC00002D02D2D18D0641E4A4639462046FFF721
:100ED00097FF27B13968A14201D1C7F800804FF0D0
:100EE000020471050BD54042002803DDFFF784FFA3
:100EF0000460A007BDE8F08746F48066E4E70028B8
:100F0000F8DAFFF779FF04606FF00040F2E74FF086
:100F100000020429C0F0128010F0030C3FF4D6AE9A
:100F2000CCF1040CBCF1020F18BF00F8012BA8BFD4
:100F300020F8022BA1EB0C01FFF7C8BE5FEAC17CD1
:100F400024BF00F8012B00F8012B48BF00F8012B4B
:100F500070473A2800D2303820F02002412A01D3CD
:100F6000A2F13700884201D34FF0FF30704710B52F
:100F70000446AFF300802046BDE81040FFF770BC88
:100F800080B512F065F9002080BD000080B584B006
:100F90008DF80F00029100200190029820B9FFE720
:100FA0006FF00100019032E09DF80F2040F2000048
:100FB000C3F21C4050F82200942102FB01F340F2DE
:100FC000F042C3F21C42D0509DF80F0010FB0120EC
:100FD00008F040FA0198C8B9FFE79DF80F0098B9EA
:100FE000FFE79DF80F0040F2F042C3F21C4294214B
:100FF00010FB0120029903F085FE20B1FFE76FF09E
:1010000003000190FFE700E0FFE7FFE7FFE701983B
:1010100004B080BD83B0029001910092029890F8D4
:1010200020008007002811D5FFE7019830B1FFE7C5
:1010300001990020CFF601600860FFE7009820B119
:10104000FFE7009907200860FFE710E0019830B142
:10105000FFE701990020CFF601000860FFE7009844
:1010600020B1FFE7009905200860FFE7FFE703B024
:101070007047000084B0039002910192009303989E
:101080000068806C4FF6FF718843BDF8001008447B
:10109000039909688864039801684FF4FE40C860AA
:1010A000029803990968C86401980399096808655A
:1010B00004B07047FFE7FEE780B50EF0C9F90120E4
:1010C00000F060FB0EF0F2F980BD000080B50EF07C
:1010D000BFF9022000F056FB0EF0E8F980BD0000D9
:1010E00080B50EF0B5F9042000F04CFB0EF0DEF9EF
:1010F00080BD000080B50EF0ABF9082000F042FB87
:101100000EF0D4F980BD000080B50EF0A1F91020DA
:1011100000F038FB0EF0CAF980BD000072B6FFE7A0
:10112000FEE7000080B586B00490049820B1FFE788
:101130000498406F20B9FFE701208DF8170088E080
:10114000049890F854008DF80F00049800684069E6
:1011500000F4803002909DF80F00012809D0FFE7CD
:101160009DF80F00022863D1FFE7029800285FD0A6
:10117000FFE7049890F85400012852D1FFE7FFE7F9
:10118000049890F84C00012804D1FFE702208DF864
:1011900017005EE00499012081F84C00FFE7FFE7AB
:1011A0000499022081F854000499496F0873049946
:1011B000002088650499496F0861049801684869AE
:1011C00040F4BA4048610498406E38B1FFE7049893
:1011D0000168486940F400704861FFE70498006FB7
:1011E00038B1FFE704980168486940F4005048614D
:1011F000FFE70498406F006801A90022FFF70AFF8B
:1012000004980168406F40880004086004980168F1
:10121000406F00684FF6FC721040019A1043C86797
:10122000FFE704980168486940F0010048610CE05C
:10123000049940208865FFE70499002081F84C005C
:10124000FFE701208DF8170003E000208DF817005C
:10125000FFE79DF8170006B080BD000080B584B0A0
:10126000029000F0FFFC0190029820B9FFE70120F6
:101270008DF80F0079E0029890F8540002280DD004
:10128000FFE7029920208865FFE70299002081F896
:101290004C00FFE701208DF80F0066E0029801681E
:1012A000486940F0040048610299052081F8540023
:1012B000FFE70298006800698004002827D4FFE750
:1012C00000F0D0FC0199401A06281FD3FFE70299CD
:1012D000886D40F0100088650299032081F8540061
:1012E000029890F850000006002805D5FFE7029804
:1012F000416F01200873FFE7FFE70299002081F8A2
:101300004C00FFE701208DF80F002EE0D1E7029896
:101310000168486940F0020048610299042081F8A0
:101320005400029801684FF4FE40C8600299012001
:1013300081F85400029890F850000006002809D562
:10134000FFE70298416F01200873029801680020AE
:101350008864FFE7FFE70299002081F84C00FFE76F
:10136000FFE700208DF80F00FFE79DF80F0004B0A5
:1013700080BD000082B00090009820B9FFE70120F6
:101380008DF807001CE0009890F85400022807D060
:10139000FFE700992020886501208DF807000FE005
:1013A0000099042081F8540000980168486942F2CD
:1013B000040210434861FFE700208DF80700FFE7B3
:1013C0009DF8070002B0704780B586B00490039185
:1013D00002920193049820B9FFE701208DF81700CD
:1013E00057E0FFE7049890F84C00012804D1FFE78C
:1013F00002208DF817004CE00499012081F84C0080
:10140000FFE7FFE7049890F85400012830D1FFE788
:101410000499022081F854000499002088650498FA
:101420000399029A019BFFF725FE04980168486919
:1014300040F4BA4048610498406E38B1FFE7049820
:101440000168486940F400704861FFE70498006F44
:1014500038B1FFE704980168486940F400504861DA
:10146000FFE704980168486940F0010048610CE01A
:10147000049940208865FFE70499002081F84C001A
:10148000FFE701208DF8170003E000208DF817001A
:10149000FFE79DF8170006B080BD000080B591B051
:1014A00010900F9100200E90FFE70F980E99C84002
:1014B000002800F05E81FFE70F980E9A012191400D
:1014C00008400D900D98002800F04F81FFE70E981E
:1014D00020F0030045F26001C5F2026140580C9013
:1014E0000E9800F00300C1000F2000FA01F10C98E3
:1014F00008400C900C980B9010980021C5F20261E6
:10150000884203D1FFE700200A9096E0109840F24D
:101510000041C5F20261884203D1FFE70120099032
:1015200088E0109840F60001C5F20261884203D1BC
:10153000FFE7022008907AE0109840F60041C5F2DB
:101540000261884203D1FFE7032007906CE0109806
:1015500041F20001C5F20261884203D1FFE7042095
:1015600006905EE0109841F20041C5F202618842A7
:1015700003D1FFE70520059050E0109841F60001E7
:10158000C5F20261884203D1FFE70620049042E0E1
:10159000109841F60041C5F20261884203D1FFE78D
:1015A0000720039034E0109843F20041C5F2026135
:1015B000884203D1FFE70820029026E0109843F606
:1015C0000001C5F20261884203D1FFE709200190C2
:1015D00018E0109843F60041C5F20261884203D139
:1015E000FFE70A2000900AE0109944F20002C5F2D9
:1015F00002621020914208BF0B200090FFE7009884
:101600000190FFE701980290FFE702980390FFE73F
:1016100003980490FFE704980590FFE7059806906B
:10162000FFE706980790FFE707980890FFE70898FC
:101630000990FFE709980A90FFE70B980A990E9A1C
:1016400002F00302D2009140884233D1FFE70D9AA5
:1016500045F28001C5F202610868904308600D9A66
:1016600045F28401C5F202610868904308600D9A52
:1016700045F20001C5F202610868904308600D9AC6
:1016800045F20401C5F202610868904308600E98B3
:1016900000F00300C1000F2088400C900C9B0E98B6
:1016A00020F0030145F26002C5F2026288589843B7
:1016B0008850FFE70E984000032202FA00F31099C9
:1016C000086818430860DDF838C00CF00700810096
:1016D0000F2000FA01FE109B6FF0030101EA5C0C81
:1016E0009C44DCF8203023EA0E03CCF820300E9B1B
:1016F0005B0002FA03FEDDF840C0DCF8083023EAA4
:101700000E03CCF80830DDF838C0012303FA0CFED4
:10171000DDF840C0DCF8043023EA0E03CCF80430D6
:101720000E9B5B0002FA03FC109BDA6822EA0C02B3
:10173000DA600E9B03F00702920000FA02FC109A96
:1017400001EA530313441A6C22EA0C021A640E9B3A
:1017500003F00702920000FA02F2109801EA530126
:101760000144886C90438864FFE70E9801300E9026
:101770009BE611B080BD000081B0ADF8020001B061
:101780007047000080B582B0ADF8060045F20C004D
:10179000C5F202600068BDF8061008420CD0FFE7F1
:1017A000BDF8060045F20C01C5F202610860BDF803
:1017B000060000F019F8FFE745F21000C5F20260DC
:1017C0000068BDF8061008420CD0FFE7BDF806001F
:1017D00045F21001C5F202610860BDF80600FFF78E
:1017E000CBFFFFE702B080BD81B0ADF8020001B0D1
:1017F0007047000090B00F900E9100200D90FFE711
:101800000E9800680D99C840002800F0FA81FFE7A3
:101810000E9800680D9A0121914008400C900C9898
:10182000002800F0EA81FFE70E98406800F003000E
:10183000012807D0FFE70E98406800F00300022857
:101840002FD1FFE70F9880680B900D98410003207F
:1018500000FA01F10B9888430B900E98C0680D991F
:10186000490000FA01F10B9808430B900B980F996F
:1018700088600F9840680B900D99012000FA01F1E3
:101880000B9888430B900E984068C0F300100D9998
:1018900000FA01F10B9808430B900B980F994860E0
:1018A000FFE70E98406800F0030003280CD1FFE723
:1018B0000E98406800F0030003281DD1FFE70E9842
:1018C0008068012818D0FFE70F98C0680B900D982A
:1018D0004100032000FA01F10B9888430B900E9809
:1018E00080680D99490000FA01F10B9808430B90AC
:1018F0000B980F99C860FFE70E98406800F003004E
:10190000022826D1FFE70F980D996FF0030202EA33
:1019100051010844006A0B900D9800F00700810007
:101920000F2000FA01F10B9888430B900E98006984
:101930000D9901F00701890000FA01F10B980843A5
:101940000B900B980F990D9B02EA53021144086209
:10195000FFE70F9800680B900D984100032000FAF4
:1019600001F10B9888430B900E98406800F003003B
:101970000D99490000FA01F10B9808430B900B9860
:101980000F9908600E9880798007002800F0348154
:10199000FFE70D9820F0030045F26001C5F20261F7
:1019A00040580B900D9800F00300C1000F2000FA82
:1019B00001F10B9888430B900F980021C5F202614A
:1019C000884203D1FFE700200A9096E00F9840F28A
:1019D0000041C5F20261884203D1FFE7012009906E
:1019E00088E00F9840F60001C5F20261884203D1F9
:1019F000FFE7022008907AE00F9840F60041C5F218
:101A00000261884203D1FFE7032007906CE00F9842
:101A100041F20001C5F20261884203D1FFE70420D0
:101A200006905EE00F9841F20041C5F202618842E3
:101A300003D1FFE70520059050E00F9841F6000123
:101A4000C5F20261884203D1FFE70620049042E01C
:101A50000F9841F60041C5F20261884203D1FFE7C9
:101A60000720039034E00F9843F20041C5F2026171
:101A7000884203D1FFE70820029026E00F9843F642
:101A80000001C5F20261884203D1FFE709200190FD
:101A900018E00F9843F60041C5F20261884203D175
:101AA000FFE70A2000900AE00F9944F20002C5F215
:101AB00002621020914208BF0B200090FFE70098BF
:101AC0000190FFE701980290FFE702980390FFE77B
:101AD00003980490FFE704980590FFE705980690A7
:101AE000FFE706980790FFE707980890FFE7089838
:101AF0000990FFE709980A90FFE70A980D9901F00D
:101B00000301C90000FA01F10B9808430B900B98F0
:101B10000D9921F0030145F26002C5F2026288507E
:101B200045F28000C5F2026000680B900C990B989A
:101B300088430B900E988079C00728B1FFE70C9975
:101B40000B9808430B90FFE70B9845F28001C5F214
:101B50000261086045F28400C5F2026000680B90E3
:101B60000C990B9888430B900E9880798007002879
:101B700005D5FFE70C990B9808430B90FFE70B98EE
:101B800045F28401C5F20261086045F20000C5F229
:101B9000026000680B900C990B9888430B900E988C
:101BA0008079C006002805D5FFE70C990B980843FB
:101BB0000B90FFE70B9845F20001C5F20261086047
:101BC00045F20400C5F2026000680B900C990B9876
:101BD00088430B900E9880798006002805D5FFE792
:101BE0000C990B9808430B90FFE70B9845F2040102
:101BF000C5F202610860FFE7FFE70D9801300D9024
:101C0000FEE510B07047000082B00190ADF8021000
:101C100001980069BDF80210084204D0FFE70120D6
:101C20008DF8010003E000208DF80100FFE79DF82A
:101C3000010002B07047000082B00190ADF80210C0
:101C40008DF801209DF8010028B1FFE7BDF80200E2
:101C50000199886104E0BDF8020001998862FFE7FC
:101C600002B0704780B54EF21000CEF2000000685E
:101C7000C003002803D5FFE700F008F8FFE740F6AF
:101C8000D420C3F21C40006880BD000040F21C104C
:101C9000C3F21C40026840F6D421C3F21C4108681C
:101CA000104408607047000080B582B0032000F047
:101CB00067F806F0D1FE0F2000F010F820B1FFE722
:101CC00001208DF8070005E000F010F800208DF8E5
:101CD0000700FFE79DF8070002B080BD80B582B025
:101CE00001900DF023FB002002B080BD80B500F014
:101CF0007FF800F087F800F08FF802F0A3FF40F2C1
:101D00008831C3F21C414FF4E13008600020486084
:101D1000088148818881FFF739F908B1FFE7FFE7BB
:101D200080BD000080B582B0ADF80600BDF90600A8
:101D300007F0A8FE02B080BD80B582B0ADF8060005
:101D4000BDF9060007F0BAFE02B080BD80B586B0CE
:101D5000ADF816000491039207F0C8FE00F00700EA
:101D60000290BDF91600019002980499039A02F0BE
:101D7000F7FF0146019807F0E3FE06B080BD0000C2
:101D800080B582B00190019807F0FCFE02B080BDE2
:101D900080B584B0029044F60001C5F20261086883
:101DA00020F00400029A10430860FFF75BFF0190E7
:101DB000FFE744F62000C5F20260006880030028B7
:101DC0000DD4FFE7FFF74EFF0199401AB0F57A7F77
:101DD00004D9FFE701208DF80F0004E0E9E70020B7
:101DE0008DF80F00FFE79DF80F0004B080BD0000E4
:101DF00044F63C01C5F20261086840F48070086056
:101E00007047000044F63C01C5F20261086840F4E6
:101E1000007008607047000044F63401C5F20261AA
:101E2000086840F4807008607047000010B58AB000
:101E30000020099002F0D6FDA0B3FFE702F082FD7A
:101E400078B3FFE702F0AEFD04F036FE0790079886
:101E500030B3FFE702F086FD08900898F8B1FFE77D
:101E6000079806900898039002F084FD049002F011
:101E700071FD059002F086FD029002F08BFDDDF809
:101E800008C00399049A059B04460698EE46CEF8CE
:101E90000440CEF800C002F099FF0990FFE7FFE789
:101EA000FFE70BE002F08EFD30B1FFE702F07AFDB4
:101EB00004F002FE099000E0FFE7FFE709980AB08E
:101EC00010BD000010B58AB00020099002F0EAFDB4
:101ED000A0B3FFE702F096FD78B3FFE702F0C2FD82
:101EE00004F0EAFD0790079830B3FFE702F09AFD8F
:101EF00008900898F8B1FFE70798069008980390B3
:101F000002F098FD049002F085FD059002F09AFD24
:101F1000029002F09FFDDDF808C00399049A059B2A
:101F200004460698EE46CEF80440CEF800C002F013
:101F30004DFF0990FFE7FFE7FFE70BE002F0A2FD8E
:101F400030B1FFE702F08EFD04F0B6FD099000E02D
:101F5000FFE7FFE709980AB010BD000010B58AB08E
:101F60000020099002F0FEFDA0B3FFE702F0AAFDF9
:101F700078B3FFE702F0D6FD04F09EFD07900798C6
:101F800030B3FFE702F0AEFD08900898F8B1FFE724
:101F9000079806900898039002F0ACFD049002F0B8
:101FA00099FD059002F0AEFD029002F0B3FDDDF860
:101FB00008C00399049A059B04460698EE46CEF89D
:101FC0000440CEF800C002F001FF0990FFE7FFE7F0
:101FD000FFE70BE002F0B6FD30B1FFE702F0A2FD33
:101FE00004F06AFD099000E0FFE7FFE709980AB0F6
:101FF00010BD000010B58AB00020099002F012FE5A
:10200000A0B3FFE702F0BEFD78B3FFE702F0EAFD00
:1020100004F052FD0790079830B3FFE702F0C2FDCD
:1020200008900898F8B1FFE7079806900898039081
:1020300002F0C0FD049002F0ADFD059002F0C2FD7B
:10204000029002F0C7FDDDF808C00399049A059BD1
:1020500004460698EE46CEF80440CEF800C002F0E2
:10206000B5FE0990FFE7FFE7FFE70BE002F0CAFDCE
:1020700030B1FFE702F0B6FD04F01EFD099000E06C
:10208000FFE7FFE709980AB010BD000080B586B0F1
:102090000591049000200390049801900599029105
:1020A00080F001000843002800F0D581FFE7029985
:1020B000019880F002000843002800F0D181FFE77A
:1020C0000299019880F004000843002800F0D181B3
:1020D000FFE70299019880F008000843002800F00B
:1020E000C481FFE70299019880F01000084300289E
:1020F00000F0C481FFE70299019880F020000843B6
:10210000002800F0C181FFE70299019880F4007077
:102110000843002800F0BE81FFE70299019880F48F
:1021200080600843002800F0BA81FFE70299019817
:1021300080F400600843002800F0B681FFE70299B0
:10214000019880F480500843002800F0B281FFE736
:102150000299019880F400500843002800F0B081F3
:10216000FFE70299019880F480400843002800F0BE
:10217000AF81FFE70299019880F4004008430028EE
:1021800000F0AE81FFE70299019880F480300843A7
:10219000002800F0AD81FFE70299019880F400303B
:1021A0000843002800F0AC81FFE70299019880F411
:1021B00080200843002800F0AB81FFE702990198D6
:1021C00080F400200843002800F0AA81FFE702996C
:1021D000019880F480100843002800F0A981FFE7EF
:1021E0000299019880F400100843002800F0A881AB
:1021F000FFE70299019880F480000843002800F06E
:10220000A781FFE70299019880F4000008430028A5
:1022100000F0A681FFE70299019880F080700843E2
:10222000002800F0A381FFE70299019880F0007078
:102230000843002800F0A081FFE70299019880F090
:1022400080600843002800F09D81FFE70299019813
:1022500080F000600843002800F09981FFE70299B0
:10226000019880F080500843002800F09481FFE737
:102270000299019880F000500843002800F09381F3
:10228000FFE70299019880F080400843002800F0A1
:102290009281FFE70299019880F0004008430028EE
:1022A00000F09081FFE70198029981F00101084355
:1022B000002800F08F81FFE70198029981F0020168
:1022C0000843002800F08B81FFE70198029981F014
:1022D00004010843002800F08A81FFE70198029971
:1022E00081F008010843002800F08981FFE7019888
:1022F000029981F010010843002800F08881FFE76F
:102300000198029981F020010843002800F087819C
:10231000FFE70198029981F040010843002800F08E
:102320008681FFE70198029981F4807108430028B3
:1023300000F08581FFE70198029981F4007108435C
:10234000002800F08381FFE70198029981F4806101
:102350000843002800F08281FFE70198029981F488
:1023600000610843002800F08181FFE7019802998D
:1023700081F480510843002800F08081FFE7019834
:10238000029981F400510843002800F07F81FFE7A3
:102390000198029981F480410843002800F07E8171
:1023A000FFE70198029981F400410843002800F0FA
:1023B0007D81FFE70198029981F48031084300286C
:1023C00000F07C81FFE70198029981F40031084315
:1023D000002800F07A81FFE70198029981F48021BA
:1023E0000843002800F07981FFE70198029981F401
:1023F00000210843002800F07881FFE70198029946
:1024000081F480110843002800F07781FFE70198EC
:10241000029981F400110843002800F07681FFE75B
:102420000198029981F480010843002800F0758129
:10243000FFE70198029981F400010843002800F0A9
:102440007381FFE70198029981F0807108430028A9
:1024500000F0728178E1702002F0FCFC039074E1DE
:10246000072002F0EDFD03906FE103F05BF80390AD
:102470006BE1072002F0BAFE039066E14FF44010D2
:1024800003F09AF8039060E14FF4405003F014F920
:1024900003905AE1032003F089F9039055E10320EA
:1024A00003F0FEF9039050E1302003F06BFA039043
:1024B0004BE10C20C0F2007003F022FB039044E1DA
:1024C00040F20C40C0F2007003F01AFB03903CE1B4
:1024D00040F60C00C0F2007003F012FB039034E1F0
:1024E00040F60C40C0F2007003F00AFB03902CE1B0
:1024F00041F20C00C0F2007003F08EFC039024E166
:1025000041F20C40C0F2007003F086FC03901CE125
:1025100040F62C00C0F2007003F09EFD039014E121
:1025200040F62C40C0F2007003F096FD03900CE1E1
:1025300041F22C00C0F2007003F08EFD039004E124
:1025400041F22C40C0F2007003F086FD0390FCE0E5
:1025500041F62C00C0F2007003F07EFD0390F4E021
:102560004FF4E06003F006FF0390EEE04FF04070A0
:1025700003F0EAFF0390E8E04FF4E02004F064F891
:102580000390E2E0302004F0E9FA0390DDE004F08B
:102590005FFB0390D9E041F21840C0F2007004F0F4
:1025A000A1FB0390D1E041F61800C0F2007004F0E6
:1025B00099FB0390C9E01C20C0F2003004F0E4FC59
:1025C0000390C2E040F21C40C0F2003004F0DCFC9A
:1025D0000390BAE0072004F0B3FD0390B5E040F2A9
:1025E0002040C0F2007004F079FE0390ADE040F6A8
:1025F0002000C0F2007004F071FE0390A5E040F6E8
:102600002040C0F2007004F069FE03909DE041F2AA
:102610002000C0F2007004F061FE039095E041F2EA
:102620002040C0F2007004F059FE03908DE041F6A6
:102630002000C0F2007004F051FE039085E03020CD
:10264000C0F2007005F0E8FA03907EE040F23040FE
:10265000C0F2007005F0E0FA039076E040F630003A
:10266000C0F2007005F0D8FA03906EE040F63040FA
:10267000C0F2007005F0CEF8039066E041F2300041
:10268000C0F2007005F0C6F803905EE041F2304001
:10269000C0F2007005F0C0FA039056E041F6300039
:1026A000C0F2007005F0B6F803904EE041F63040FD
:1026B000C0F2007005F0AEF8039046E03420C0F29E
:1026C000007005F0A7F803903FE040F23440C0F2FC
:1026D000007005F0A1FA039037E041F21400C0F257
:1026E000001004F0A5F803902FE040F61440C0F26B
:1026F000003004F0F1F8039027E041F61400C0F236
:10270000001004F095F803901FE041F21440C0F26D
:10271000003004F0E1F8039017E01420C0F200301C
:1027200005F07CFC039010E040F21440C0F2003051
:1027300005F074FC039008E040F61400C0F200308D
:1027400005F06CFC039000E0FFE7039806B080BD45
:1027500080B584B00290029820B9FFE701208DF87F
:102760000F006CE2029800780007002819D5FFE7F7
:102770000298006948F22401C5F20261096801F07B
:10278000070188420CD9FFE748F22401C5F2026133
:10279000086820F00700029A126910430860FFE7FA
:1027A000FFE702980078C006002819D5FFE70298D5
:1027B000406948F22401C5F20261096801F0700124
:1027C00088420CD9FFE748F22401C5F2026108688B
:1027D00020F07000029A526910430860FFE7FFE79B
:1027E000029800788006002819D5FFE702988069D2
:1027F00048F22401C5F20261096801F4E04188420F
:102800000CD9FFE748F22401C5F20261086820F400
:10281000E040029A926910430860FFE7FFE70298E0
:1028200000784006002819D5FFE70298C06948F2F1
:102830002401C5F20261096801F4E02188420CD943
:10284000FFE748F22401C5F20261086820F4E020A5
:10285000029AD26910430860FFE7FFE70298007808
:102860004007002819D5FFE70298C06848F2240104
:10287000C5F20261096801F4E00188420CD9FFE762
:1028800048F22401C5F20261086820F4E000029ACF
:10289000D26810430860FFE7FFE702980078C0079E
:1028A00000287AD0FFE702984068B0F5003F09D1D0
:1028B000FFE701F073FD20B9FFE701208DF80F005D
:1028C000BDE13DE002984068B0F5403F1ED1FFE712
:1028D00001F0DAFE0299096A05F018FD012804D01A
:1028E000FFE701208DF80F00A9E10299086A4A6A02
:1028F0000021CFF6FF7101EB0241084348F2C40109
:10290000C5F20261086001F0ABFE18E00298406871
:10291000B0F5803F09D1FFE701F0EEFF20B9FFE7F6
:1029200001208DF80F008AE108E001F06FFD20B969
:10293000FFE701208DF80F0081E1FFE7FFE7FFE7E8
:1029400048F22001C5F20261086820F44030029A82
:10295000526810430860FFF785F90190FFE701F026
:1029600025FC02994968B0EB011F0ED0FFE7FFF785
:1029700079F90199401A41F28931884204D3FFE77D
:1029800003208DF80F005AE1E9E700F0D5F940F295
:102990000801C3F21C410860FFE702980078800735
:1029A000002840F1A780FFE702988068B0F1007F1F
:1029B00009D1FFE701F0F2FC20B9FFE701208DF813
:1029C0000F003CE170E002988068B0F1407F53D185
:1029D000FFE701F089FE0299896A05F097FC01285A
:1029E00004D0FFE701208DF80F0028E101F0D8FEA8
:1029F0000299096B05F08AFC012804D0FFE7012049
:102A00008DF80F001BE101F043FD0299896B05F081
:102A10007DFC012804D0FFE701208DF80F000EE1B6
:102A20000299886ACA6A0021CFF6FF7101EB02425F
:102A3000104348F2C802C5F202621060029A106B9D
:102A4000526B01EB0242104348F2D802C5F2026217
:102A50001060029A906BD26B01EB0241084348F27E
:102A6000EC01C5F20261086048F64021C5F202613E
:102A700040F22240086016E00298806848B9FFE7FB
:102A800001F0C4FC20B9FFE701208DF80F00D6E06B
:102A900008E001F031FF20B9FFE701208DF80F00B9
:102AA000CDE0FFE7FFE7FFE748F22001C5F2026152
:102AB000086820F04070029A926810430860FFF79F
:102AC000D1F80190FFE701F031FC02998968B0EB81
:102AD000011F0ED0FFE7FFF7C5F80199401A41F238
:102AE0008931884204D3FFE703208DF80F00A6E068
:102AF000E9E7FFE7029800784007002819D5FFE7CB
:102B00000298C06848F22401C5F20261096801F424
:102B1000E00188420CD2FFE748F22401C5F20261CD
:102B2000086820F4E000029AD26810430860FFE7CA
:102B3000FFE7029800780007002819D5FFE7029800
:102B4000006948F22401C5F20261096801F0070139
:102B500088420CD2FFE748F22401C5F202610868FE
:102B600020F00700029A126910430860FFE7FFE7B0
:102B700002980078C006002819D5FFE7029840693E
:102B800048F22401C5F20261096801F0700188422F
:102B90000CD2FFE748F22401C5F20261086820F078
:102BA0007000029A526910430860FFE7FFE702983D
:102BB00000788006002819D5FFE70298806948F25E
:102BC0002401C5F20261096801F4E04188420CD297
:102BD000FFE748F22401C5F20261086820F4E040F2
:102BE000029A926910430860FFE7FFE702980078B5
:102BF0004006002819D5FFE70298C06948F2240171
:102C0000C5F20261096801F4E02188420CD2FFE7B5
:102C100048F22401C5F20261086820F4E020029A1B
:102C2000D26910430860FFE7FFE740F22430C3F2A7
:102C30001C400068FFF752F88DF80F00FFE79DF881
:102C40000F0004B080BD000082B0019001997F2088
:102C5000086048F22000C5F2026000680090009809
:102C600000F44010000901994860009800F04050BD
:102C700000090199886048F22400C5F202600068EA
:102C80000090009800F4E0000199C860009800F0FE
:102C9000070001990861009800F0700001994861EF
:102CA000009800F4E04001998861009800F4E02069
:102CB0000199C86148F2C400C5F202600068009042
:102CC000009800F04050019908629DF80200013020
:102CD0000199486248F2C800C5F20260006800909D
:102CE000009800F04050019988629DF80200013080
:102CF0000199C86248F2D800C5F2026000680090ED
:102D0000009800F04050019908639DF802000130DE
:102D10000199486348F2EC00C5F202600068009037
:102D2000009800F04050019988639DF8020001303E
:102D30000199C86302B0704780B584B00020039049
:102D400001F034FA0146019178B1FFE70198B0F53E
:102D5000801F14D0FFE70198B0F5001F23D0FFE7D4
:102D60000198B0F5401F24D061E001F03FFBC1099C
:102D700049F20000C0F2D030C840039058E048F259
:102D80004400C5F20260006800F4007140F60010D3
:102D9000C0F23D00B1F5007F04BF42F20040C0F236
:102DA000F400039044E043F20060C0F26E10039020
:102DB0003EE001F05DFC029001F066FC01460091EE
:102DC00078B1FFE70098B0F1805F13D0FFE700987B
:102DD000B0F1005F17D0FFE70098B0F1405F1BD063
:102DE00023E0FFF723F8039003980299B0FBF1F07A
:102DF00003901BE0FFF766F8039003980299B0FB7D
:102E0000F1F0039012E0FFF7A9F8039003980299FC
:102E1000B0FBF1F0039009E0FFF7ECF803900398A2
:102E20000299B0FBF1F0039000E0FFE700E0FFE75C
:102E3000039804B080BD000080B582B001F054FC5E
:102E4000019001F045FC0146019805F0E3F902B05C
:102E500080BD000080B5A2B02090209828B9FFE77F
:102E600001208DF8870000F085BC01F09FF91D90CE
:102E700001F05CFA1E9001F09DFD1C9001F0FAFD3E
:102E80001B9001F057FE1A9001F0B4FE199048F221
:102E90000400C5F202600068189020980078C0070E
:102EA000002800F0E080FFE71D98B0F5001F34D047
:102EB000FFE71E98B0F1005F2FD0FFE71C98B0F13C
:102EC000005F07D1FFE7189800F48070B0F5807FAD
:102ED00023D0FFE71B98B0F1005F07D1FFE71898F8
:102EE00000F40070B0F5007F17D0FFE71A98B0F13A
:102EF000005F07D1FFE7189800F48060B0F5806F9D
:102F00000BD0FFE71998B0F1005F10D1FFE79DF8F3
:102F10006100000700280AD5FFE72098406828B91B
:102F2000FFE701208DF8870000F024BC9AE0FFE75E
:102F300020984068102807D1FFE748F60001C5F245
:102F400002611020086056E02098406878B9FFE7D9
:102F500049F20001C5F202611020086048F25401F4
:102F6000C5F20261086820F4C030086042E0209891
:102F7000406848F21001884213D1FFE748F254013B
:102F8000C5F20261086840F400400860086820F457
:102F90008030086048F60001C5F202611020086028
:102FA00027E02098406848F21001C0F201018842F1
:102FB0000FD1FFE748F25401C5F20261086840F4FE
:102FC000C030086048F60001C5F2026110200860B8
:102FD0000EE049F20001C5F202611020086048F2DB
:102FE0005401C5F20261086820F4C0300860FFE7B0
:102FF000FFE7FFE7FFE7FFE7FEF734FE1F902098AB
:103000004068B8B1FFE7FFE748F20400C5F202608C
:103010000068C00600280CD4FFE7FEF723FE1F99C6
:10302000401A652804D3FFE703208DF88700A1E349
:10303000EAE716E0FFE748F20400C5F20260006824
:10304000C00600280CD5FFE7FEF70CFE1F99401ABA
:10305000652804D3FFE703208DF887008AE3EAE7B9
:10306000FFE7FFE7FFE720980078800700287BD57F
:10307000FFE71D9850B3FFE71E9838B3FFE71C9891
:1030800038B9FFE7189800F48070B0F5807F1DD044
:10309000FFE71B9838B9FFE7189800F40070B0F507
:1030A000007F13D0FFE71A9838B9FFE7189800F4AB
:1030B0008060B0F5806F09D0FFE71998C0B9FFE7CD
:1030C0009DF861000007002812D5FFE72098C0682E
:1030D00020B9FFE701208DF887004BE320980069B5
:1030E00001F0ACF92098406901F098F9FFE73AE067
:1030F0002098C068F8B1FFE701F068F9FEF7B2FD6B
:103100001F90FFE701F082F960B9FFE7FEF7AAFD23
:103110001F99401A022804D3FFE703208DF8870087
:1031200028E3EFE72098006901F088F920984069CA
:1031300001F074F916E001F041F9FEF793FD1F90DC
:10314000FFE701F063F960B1FFE7FEF78BFD1F9920
:10315000401A022804D3FFE703208DF8870009E313
:10316000EFE7FFE7FFE7FFE720980078C0060028B9
:1031700040F18480FFE71D98B0F5801F34D0FFE751
:103180001E98B0F1805F2FD0FFE71C98B0F1805FF0
:1031900007D1FFE7189800F48070B0F5807F23D046
:1031A000FFE71B98B0F1805F07D1FFE7189800F4A4
:1031B0000070B0F5007F17D0FFE71A98B0F1805F7C
:1031C00007D1FFE7189800F48060B0F5806F0BD04E
:1031D000FFE71998B0F1805F14D1FFE79DF8610017
:1031E000000700280ED5FFE72098C06920B9FFE747
:1031F00001208DF88700BDE22098406A01F084FB31
:10320000FFE73AE02098C069F8B1FFE72098006A2C
:1032100001F08AFB01F058FBFEF724FD1F90FFE749
:1032200001F06AFB60B9FFE7FEF71CFD1F99401A29
:10323000022804D3FFE703208DF887009AE2EFE726
:103240002098406A01F060FB16E001F035FBFEF7C4
:1032500009FD1F90FFE701F04FFB60B1FFE7FEF7AC
:1032600001FD1F99401A022804D3FFE703208DF8BF
:1032700087007FE2EFE7FFE7FFE7FFE720980078AE
:103280000007002833D5FFE720988069B8B1FFE731
:1032900001F0FAFAFEF7E6FC1F90FFE701F004FBED
:1032A00060B9FFE7FEF7DEFC1F99401A022804D33D
:1032B000FFE703208DF887005CE2EFE716E001F0FE
:1032C000DBFAFEF7CFFC1F90FFE701F0EDFA60B1EB
:1032D000FFE7FEF7C7FC1F99401A022804D3FFE757
:1032E00003208DF8870045E2EFE7FFE7FFE720982E
:1032F00000784007002840F1A580FFE7FFE720980D
:103300008068022807D1FFE748F60001C5F2026194
:103310000220086062E02098806898B9FFE749F2CF
:103320000001C5F202610220086048F24001C5F2C6
:103330000261086820F480300860086820F40040CA
:1033400008604AE02098806848F20201884213D160
:10335000FFE748F24001C5F20261086840F400400E
:103360000860086820F48030086048F60001C5F263
:103370000261022008602FE02098806848F2020174
:10338000C0F20101884213D1FFE748F24001C5F2C3
:103390000261086840F400400860086840F480302A
:1033A000086048F60001C5F202610220086012E0E0
:1033B00049F20001C5F202610220086048F24001B2
:1033C000C5F20261086820F400400860086820F433
:1033D00080300860FFE7FFE7FFE7FFE7FFE720989F
:1033E0008068B8B1FFE7FEF73DFC1F90FFE701F0F2
:1033F0003BFA70B9FFE7FEF735FC1F99401A41F21E
:103400008931884204D3FFE703208DF88700B1E1BA
:10341000EDE716E0FEF726FC1F90FFE701F024FA27
:1034200070B1FFE7FEF71EFC1F99401A41F2893187
:10343000884204D3FFE703208DF887009AE1EDE787
:10344000FFE7FFE72098806A00285AD0FFE720981E
:1034500000F12801002005F067F9179001F0CAFA81
:1034600016901798012837D1FFE701F00DF9159054
:1034700001F03AF9149001F093F9139001F008F873
:1034800012901D98B0F5401F07D1FFE7159820B99D
:10349000FFE701208DF887006CE11E98B0F1405FD6
:1034A0000DD1FFE7149830B1FFE7139818B1FFE78B
:1034B000129820B9FFE701208DF887005AE1209883
:1034C00000F12801002004F0BFFF20B1FFE7012038
:1034D0008DF887004EE113E02098806A02280DD114
:1034E000FFE7169850B9FFE7002005F0E9F820B192
:1034F000FFE701208DF887003CE100E0FFE7FFE7F0
:10350000FFE72098406C002862D0FFE7209800F188
:103510004401012005F008F9119001F0CBFA109058
:10352000119801283FD1FFE701F0AEF80F9001F0AC
:10353000DBF80E9001F034F90D9000F0A9FF0C902B
:103540001D98B0F5401F09D1FFE70F98B0F1805FDB
:1035500004D1FFE701208DF887000BE11E98B0F140
:10356000405F13D1FFE70E98B0F1805F0AD0FFE70C
:103570000D98B0F1805F05D0FFE70C98B0F1805F47
:1035800004D1FFE701208DF88700F3E0209800F1D7
:103590004401012004F058FF20B1FFE701208DF81D
:1035A0008700E7E013E02098406C02280DD1FFE788
:1035B000109850B9FFE7012005F082F820B1FFE72D
:1035C00001208DF88700D5E000E0FFE7FFE7FFE787
:1035D0002098006E002862D0FFE7209800F160017B
:1035E000022005F0A1F80B9001F004FA0A900B9864
:1035F00001283FD1FFE701F047F8099001F074F886
:10360000089001F0CDF8079000F042FF06901D9859
:10361000B0F5401F09D1FFE70998B0F1005F04D170
:10362000FFE701208DF88700A4E01E98B0F1405F0D
:1036300013D1FFE70898B0F1005F0AD0FFE70798C1
:10364000B0F1005F05D0FFE70698B0F1005F04D14C
:10365000FFE701208DF887008CE0209800F16001E1
:10366000022004F0F1FE20B1FFE701208DF8870071
:1036700080E013E02098006E02280DD1FFE70A9841
:1036800050B9FFE7022005F01BF820B1FFE7012049
:103690008DF887006EE000E0FFE7FFE7FFE7209886
:1036A000C06F002862D0FFE7209800F17C01032062
:1036B00005F03AF8059001F0BDFA0490059801284C
:1036C0003FD1FFE700F0E0FF039001F00DF802901A
:1036D00001F066F8019000F0DBFE00901D98B0F557
:1036E000401F09D1FFE70398B0F1405F04D1FFE725
:1036F00001208DF887003DE01E98B0F1405F13D1A6
:10370000FFE70298B0F1405F0AD0FFE70198B0F1FF
:10371000405F05D0FFE70098B0F1405F04D1FFE7BC
:1037200001208DF8870025E0209800F17C0103201E
:1037300004F08AFE20B1FFE701208DF8870019E030
:1037400013E02098C06F02280DD1FFE7049850B90C
:10375000FFE7032004F0B4FF20B1FFE701208DF85C
:10376000870007E000E0FFE7FFE7FFE700208DF8B4
:103770008700FFE79DF8870022B080BD80B582B04A
:103780000190019805F0ACF802B080BD82B00190C4
:10379000ADF8021002B0704781B0009001B07047E0
:1037A00081B0009001B0704781B0009001B07047C7
:1037B00080B584B00290029820B9FFE701208DF80F
:1037C0000F002FE002992420C1F8880002980168B8
:1037D000086820F00100086002980168002001904C
:1037E000086002990968486002990968886002982F
:1037F00000F03EFB01980299C1F890000299C1F8CF
:1038000088000299C1F88C000299C866029908677D
:10381000FFE70299002081F88400FFE700208DF87F
:103820000F00FFE79DF80F0004B080BD81B000904D
:1038300001B0704780B590B00F900F980068C069D4
:103840000E900F98006800680D900F9800688068CF
:103850000C900E9840F60F0108400B900B98E0B9C1
:10386000FFE79DF838008006002815D5FFE79DF892
:1038700034008006002806D4FFE79DF83300C00618
:10388000002809D5FFE70F98406F20B1FFE70F9898
:10389000416F8847FFE792E2FFE70B98002800F0AE
:1038A0000C81FFE70C980121C1F20001084209D107
:1038B000FFE70D9840F22011C0F20041084200F0ED
:1038C000FC80FFE79DF83800C00788B1FFE79DF84E
:1038D0003500C00760B1FFE70F980168012008625A
:1038E0000F99D1F8900040F00100C1F89000FFE777
:1038F0009DF838008007002811D5FFE79DF83000BB
:10390000C00760B1FFE70F980168022008620F99B5
:10391000D1F8900040F00400C1F89000FFE79DF856
:1039200038004007002811D5FFE79DF83000C00798
:1039300060B1FFE70F980168042008620F99D1F881
:10394000900040F00200C1F89000FFE79DF83800B9
:103950000007002819D5FFE79DF8340080060028ED
:1039600007D4FFE70C980121C1F2000108420CD0F6
:10397000FFE70F980168082008620F99D1F89000BE
:1039800040F00800C1F89000FFE79DF839000007FB
:10399000002813D5FFE79DF83700400700280DD514
:1039A000FFE70F9801684FF4006008620F99D1F8A3
:1039B000900040F02000C1F89000FFE70F98D0F889
:1039C0009000002878D0FFE79DF838008006002896
:1039D00015D5FFE79DF834008006002806D4FFE7E0
:1039E0009DF83300C006002809D5FFE70F98406F07
:1039F00020B1FFE70F98416F8847FFE7FFE70F9877
:103A0000D0F890000A900F980068806800F040009D
:103A1000402806D0FFE79DF8280010F0280F42D07C
:103A2000FFE70F9805F076FC0F9800688068400665
:103A3000002833D5FFE7FFE7FFE70F98006850E85D
:103A4000020F20F040000990FFE709990F980268E3
:103A500042E8021008B12FF011C0FFE70F98D0F82C
:103A60008000B0B1FFE70F98D0F8801049F2E51060
:103A7000C3F21840C8660F98D0F88000FDF77AFCB2
:103A800030B1FFE70F98D0F88000C16E8847FFE79C
:103A900003E00F98FFF7CAFEFFE703E00F98FFF778
:103AA000C5FEFFE707E00F98FFF7C0FE0F99002063
:103AB000C1F89000FFE7FFE781E10F98C06E012891
:103AC00040F01E81FFE79DF83800C006002840F155
:103AD0001781FFE79DF83400C006002840F11081EF
:103AE000FFE70F980168102008620F98006880684F
:103AF0004006002840F1A280FFE70F98D0F8800030
:103B00000068806CADF82200BDF8220000287AD051
:103B1000FFE7BDF822000F99B1F85C10884272DA15
:103B2000FFE7BDF822000F99A1F85E000F98D0F8CA
:103B30008000006D812859D0FFE7FFE7FFE70F986D
:103B4000006850E8000F20F480700790FFE70799A5
:103B50000F98026842E8001008B12FF011C0FFE78B
:103B6000FFE7FFE70F98006850E8020F20F0010020
:103B70000690FFE706990F98026842E8021008B124
:103B80002FF011C0FFE7FFE7FFE70F98006850E84C
:103B9000020F20F040000590FFE705990F9802689A
:103BA00042E8021008B12FF011C0FFE70F99202062
:103BB000C1F88C000F990020C866FFE7FFE70F9857
:103BC000006850E8000F20F010000490FFE704990F
:103BD0000F98026842E8001008B12FF011C0FFE70B
:103BE0000F98D0F88000FDF739FBFFE70F9902200E
:103BF00008670F98B0F85C10B0F85E20891A89B297
:103C0000FFF7C4FD19E0BDF822000F99B1F85C1070
:103C1000884211D1FFE70F98D0F88000006D81280D
:103C200009D1FFE70F99022008670F98B0F85C10E0
:103C3000FFF7ACFDFFE7FFE7FFE7C0E00F99B1F842
:103C40005C00B1F85E10401AADF80E000F98B0F8A5
:103C50005E00002853D0FFE7BDF80E0000284ED0CC
:103C6000FFE7FFE7FFE70F98006850E8000F20F438
:103C700090700290FFE702990F98026842E80010E6
:103C800008B12FF011C0FFE7FFE7FFE70F980068CA
:103C900050E8020F4FF6FE71CEF6FF71084001901A
:103CA000FFE701990F98026842E8021008B12FF06F
:103CB00013C8FFE70F992020C1F88C000F9900204E
:103CC000C8660F994867FFE7FFE70F98006850E85C
:103CD000000F20F010000090FFE700990F98026895
:103CE00042E8001008B12FF011C0FFE70F99022041
:103CF00008670F98BDF80E10FFF748FDFFE75EE07C
:103D00009DF83A00C00600280FD5FFE79DF8320065
:103D10004006002809D5FFE70F9801684FF480108E
:103D200008620F98FFF740FD49E09DF83800000653
:103D3000002815D5FFE79DF834000006002806D4BA
:103D4000FFE79DF832000006002809D5FFE70F982D
:103D5000806F20B1FFE70F98816F8847FFE72EE063
:103D60009DF83800400600280AD5FFE79DF834008A
:103D70004006002804D5FFE70F9805F01BFB1EE066
:103D80009DF83A00000600280AD5FFE79DF83700A5
:103D90004006002804D5FFE70F98FFF701FD0EE06D
:103DA0009DF83B00C00750B1FFE79DF837000006C3
:103DB000002804D5FFE70F98FFF7EEFCFFE710B0EF
:103DC00080BD000080B582B00090009820B9FFE768
:103DD00001208DF8070046E00098806908B1FFE7F0
:103DE00000E0FFE70098D0F8880040B9FFE70099AD
:103DF000002081F88400009800F03EF8FFE7009969
:103E00002420C1F8880000980168086820F00100AB
:103E100008600098806A20B1FFE7009805F09AF8E2
:103E2000FFE7009805F07AFB012804D1FFE70120A5
:103E30008DF8070017E000980168486820F490406A
:103E4000486000980168886820F02A00886000981F
:103E50000168086840F001000860009805F01EF94C
:103E60008DF80700FFE79DF8070002B080BD000055
:103E700081B0009001B0704781B0009001B07047F0
:103E800080B586B004900391ADF80A20BDF80A0011
:103E9000ADF806000498D0F88800202840F0BA80D9
:103EA000FFE7039820B1FFE7BDF80A0020B9FFE75C
:103EB00001208DF81700B1E0039804990865BDF85A
:103EC0000A000499A1F85400BDF80A000499A1F869
:103ED000560004990020C1F8900004992120C1F8EF
:103EE00088000498C06F002879D0FFE70498C16F5C
:103EF00049F28520C3F2184008660498C16F49F260
:103F0000FD20C3F2184048660498C16F49F20520AD
:103F1000C3F2184088660498C16F0020C8660498F0
:103F20008068B0F5805F0AD1FFE70498006930B976
:103F3000FFE7BDF80A004000ADF80600FFE704986F
:103F4000C06F90F85000000600282BD5FFE70498BA
:103F5000C06F406F08B3FFE70498C06F406F006800
:103F6000D8B1FFE7BDF806000499C96F496F096829
:103F700088600499086DC96F496F0968C860049921
:103F80000868C96F2830496F096808610498C06FD4
:103F9000FDF7C8F88DF8090003E001208DF809004D
:103FA000FFE70BE004980268016DC06F2832BDF88E
:103FB0000630FDF709FA8DF80900FFE79DF80900C2
:103FC00060B1FFE704991020C1F890000499202007
:103FD000C1F8880001208DF817001FE0FFE7049862
:103FE000016840200862FFE7FFE70498006850E896
:103FF000020F40F080000090FFE7009904980268EB
:1040000042E8021008B12FF011C0FFE700208DF840
:10401000170003E002208DF81700FFE79DF8170056
:1040200006B080BD81B0009001B0704781B00090B3
:1040300001B0704782B00190019848F65C21C5F24A
:104040000261086048F25C20C5F2026000680090DE
:10405000009802B07047000082B00190019848F6C5
:104060005C21C5F20261086048F25C20C5F2026082
:1040700000680090009802B07047000082B0019084
:10408000019848F65C21C5F20261086048F25C20A4
:10409000C5F2026000680090009802B0704700000E
:1040A00082B00190019848F66C21C5F20261086067
:1040B00048F26C20C5F2026000680090009802B0DF
:1040C0007047000048F24820C5F202600068C0F363
:1040D0008010704781B0009048F24410C5F2026031
:1040E000006800F0700001B07047000048F2441012
:1040F000C5F20260006880B2000A704781B000908B
:1041000048F24410C5F20260006800F0070001B0F8
:104110007047000048F22400C5F20260006800F415
:10412000E000704748F22400C5F20260006800F029
:104130000700704748F22400C5F20260006800F0F2
:104140007000704748F22400C5F20260006800F475
:10415000E040704748F22400C5F20260006800F4B5
:10416000E020704781B0009048F25C10C5F2026018
:10417000006800F0070001B07047000082B00190B5
:104180009DF8040048F24411C5F202610844009011
:10419000019800990968019A130EC2F30422934012
:1041A0001940D14040EA014002B0704748F2200077
:1041B000C5F20260006800F44010704781B00090C2
:1041C00048F24410C5F20260006800F4401001B0EB
:1041D0007047000048F24810C5F20260006800F025
:1041E000F000704781B0009048F24810C5F20260BC
:1041F000006800F4405001B07047000081B00090AA
:1042000048F24810C5F20260006800F0030001B0F7
:104210007047000081B0009048F24C10C5F2026077
:10422000006800F0030001B07047000081B000900A
:1042300048F24C10C5F20260006800F0300001B096
:104240007047000080B582B001900198FFF796FF9B
:1042500002B080BD80B582B001900198FFF78EFF5B
:1042600002B080BD80B582B001900198FFF786FF53
:1042700002B080BD81B0009048F27810C5F20260B3
:10428000006800F4E06001B07047000081B0009069
:1042900048F25010C5F20260006800F0407001B0B2
:1042A0007047000081B0009048F25410C5F20260DF
:1042B000006800F4E02001B07047000081B0009079
:1042C00048F25C10C5F20260006800F0300001B0F6
:1042D0007047000048F25C10C5F20260006800F40C
:1042E0004070704780B582B001900198FFF746FF9B
:1042F00002B080BD80B582B001900198FFF73EFF0B
:1043000002B080BD81B0009048F26410C5F2026036
:10431000006800F0070001B07047000080B582B06F
:1043200001900198FFF72AFF02B080BD48F22000FB
:10433000C5F20260006800F04050704748F2240067
:10434000C5F202600068C0F30160704780B582B0BA
:1043500001900198FFF712FF02B080BD80B582B0D6
:1043600001900198FFF70AFF02B080BD80B582B0CE
:1043700001900198FFF702FF02B080BD80B582B0C6
:1043800001900198FFF7FAFE02B080BD48F20400E8
:10439000C5F202600068C0F30010704748F20400E4
:1043A000C5F202600068C0F30010704748F2540084
:1043B000C5F202600068C0F38010704749F2000146
:1043C000C5F20261082008607047000048F600014D
:1043D000C5F20261082008607047000048F24800FA
:1043E000C5F20260006800F4C070704748F24800EF
:1043F000C5F20260006800F4C070704748F2040023
:10440000C5F202600068C0F3C000704748F20400C3
:10441000C5F202600068C0F3C000704781B0009030
:1044200048F24801C5F20261086820F4FE00009AD3
:1044300040EA0240086001B07047000081B000907F
:1044400048F24801C5F20261086820F4C070009A81
:104450001043086001B0704748F2E800C5F20260FE
:10446000006800F47F01012000EB1140704700005C
:1044700048F2E800C5F20260006800F04050704762
:1044800048F24020C5F202600068C0F34020704747
:1044900048F2EC00C5F20260006800F0405070473E
:1044A00048F2F000C5F20260006800F47F010120CC
:1044B00000EB11407047000048F2F000C5F20260C6
:1044C000006800F04050704748F24020C5F202609A
:1044D0000068C0F3C020704748F2F400C5F20260E3
:1044E000006800F47F01012000EB114070470000DC
:1044F00048F2F400C5F20260006800F040507047D6
:1045000048F24020C5F202600068C0F300307047F6
:1045100048F2F800C5F20260006800F47F01012053
:1045200000EB11407047000048F2F800C5F202604D
:10453000006800F04050704748F24020C5F2026029
:104540000068C0F34030704748F2FC00C5F20260DA
:10455000006800F47F01012000EB1140704700006B
:1045600048F2FC00C5F20260006800F0405070475D
:1045700048F24020C5F202600068C0F38030704706
:1045800048F20010C5F20260006800F47F010120CB
:1045900000EB11407047000048F20010C5F20260C5
:1045A000006800F04050704748F24020C5F20260B9
:1045B000006880B2C00B704748F20410C5F2026078
:1045C000006800F47F01012000EB114070470000FB
:1045D00048F20410C5F20260006800F040507047D5
:1045E00048F24020C5F202600068C0F30040704706
:1045F00048F20810C5F20260006800F47F01012053
:1046000000EB11407047000048F20810C5F202604C
:10461000006800F04050704748F24020C5F2026048
:104620000068C0F34040704748F20C10C5F20260C9
:10463000006800F47F01012000EB1140704700008A
:1046400048F20C10C5F20260006800F0405070475C
:1046500048F24020C5F202600068C0F38040704715
:1046600048F64021C5F20261012008607047000051
:1046700048F2C400C5F20260006800F47F01012026
:1046800000EB11407047000048F2C400C5F2026020
:10469000006800F04050704748F21010C5F2026008
:1046A000006800F47F01012000EB1140704700001A
:1046B00048F21010C5F20260006800F040507047E8
:1046C00048F24020C5F202600068C0F3C040704765
:1046D00048F2C800C5F20260006800F47F010120C2
:1046E00000EB11407047000048F2C800C5F20260BC
:1046F000006800F04050704748F2CC00C5F20260FC
:10470000006800F47F01012000EB114070470000B9
:1047100048F2CC00C5F20260006800F040507047DB
:1047200048F24020C5F202600068C0F38000704784
:1047300048F2D000C5F20260006800F47F01012059
:1047400000EB11407047000048F2D000C5F2026053
:10475000006800F04050704748F24020C5F2026007
:104760000068C0F3C000704748F2D400C5F2026090
:10477000006800F47F01012000EB11407047000049
:1047800048F2D400C5F20260006800F04050704763
:1047900048F24020C5F202600068C0F30010704784
:1047A00048F2D800C5F20260006800F0405070473F
:1047B00048F2DC00C5F20260006800F47F010120CD
:1047C00000EB11407047000048F2DC00C5F20260C7
:1047D000006800F04050704748F24020C5F2026087
:1047E0000068C0F38010704748F2E000C5F2026034
:1047F000006800F47F01012000EB114070470000C9
:1048000048F2E000C5F20260006800F040507047D6
:1048100048F24020C5F202600068C0B2C00970478B
:1048200048F2E400C5F20260006800F47F01012054
:1048300000EB11407047000048F2E400C5F202604E
:10484000006800F04050704748F24020C5F2026016
:104850000068C0F30020704748F20400C5F202600F
:104860000068C0F34000704748F20400C5F20260DF
:104870000068C0F34000704749F20001C5F20261D0
:10488000012008607047000048F60001C5F202618F
:10489000012008607047000048F20400C5F2026081
:1048A000006800F00100704748F20400C5F20260A1
:1048B000006800F00100704749F20001C5F2026192
:1048C000042008607047000048F60001C5F202614C
:1048D000042008607047000048F24400C5F20260FE
:1048E000006800F40070704748F20400C5F20260EE
:1048F0000068C0F38000704748F20400C5F202600F
:104900000068C0F38000704781B0009048F2440115
:10491000C5F20261086820F4F810009A40EA0240EB
:10492000086001B07047000081B0009048F2440177
:10493000C5F20261086820F40070009A1043086014
:1049400001B0704748F28800C5F202600068C0F309
:104950008070704748F28400C5F20260006820F061
:104960007F40704748F28000C5F202600068C0F3E3
:104970000550704748F28000C5F202600068C0F33D
:104980000B20704748F28800C5F202600068C0F34F
:10499000C260704748F28800C5F202600068C0F348
:1049A0000260704748F28000C5F20260006800F0C3
:1049B000E040704748F28000C5F20260006800F0F5
:1049C000E040704748F28000C5F202600068C0F322
:1049D000C060704748F28000C5F202600068C0F312
:1049E000C060704748F20400C5F202600068C0F37E
:1049F0000020704748F20400C5F202600068C0F36E
:104A00000020704748F29800C5F202600068C0F3C9
:104A10008070704748F29400C5F20260006820F090
:104A20007F40704748F29000C5F202600068C0F312
:104A30000550704748F29000C5F202600068C0F36C
:104A40000B20704748F29800C5F202600068C0F37E
:104A5000C260704748F29800C5F202600068C0F377
:104A60000260704748F29000C5F20260006800F0F2
:104A7000E040704748F29000C5F20260006800F024
:104A8000E040704748F29000C5F202600068C0F351
:104A9000C060704748F29000C5F202600068C0F341
:104AA000C060704748F20400C5F202600068C0F3BD
:104AB0004020704748F20400C5F202600068C0F36D
:104AC0004020704748F2A800C5F202600068C0F3B9
:104AD0008070704748F2A400C5F20260006820F0C0
:104AE0007F40704748F2A000C5F202600068C0F342
:104AF0000550704748F2A000C5F202600068C0F39C
:104B00000B20704748F2A800C5F202600068C0F3AD
:104B1000C260704748F2A800C5F202600068C0F3A6
:104B20000260704748F2A000C5F20260006800F021
:104B3000E040704748F2A000C5F20260006800F053
:104B4000E040704748F2A000C5F202600068C0F380
:104B5000C060704748F2A000C5F202600068C0F370
:104B6000C060704748F20400C5F202600068C0F3FC
:104B70008020704748F20400C5F202600068C0F36C
:104B80008020704748F2B800C5F202600068C0F3A8
:104B90008070704748F2B400C5F20260006820F0EF
:104BA0007F40704748F2B000C5F202600068C0F371
:104BB0000550704748F2B000C5F202600068C0F3CB
:104BC0000B20704748F2B800C5F202600068C0F3DD
:104BD000C260704748F2B800C5F202600068C0F3D6
:104BE0000260704748F2B000C5F20260006800F051
:104BF000E040704748F2B000C5F20260006800F083
:104C0000E040704748F2B000C5F202600068C0F3AF
:104C1000C060704748F2B000C5F202600068C0F39F
:104C2000C060704748F20400C5F202600068C0F33B
:104C3000C020704748F20400C5F202600068C0F36B
:104C4000C020704780B58CB0002005900B900A9072
:104C500009900890079004200390FFF7FDF9802049
:104C6000FFF7FAF902200190FFF7F6F91020FFF79D
:104C7000F3F90120FFF7F0F9019A039805990792DB
:104C800012220292089209910A910B9040F60000BC
:104C9000C5F2026007A90691FCF7ACFD029B0398E0
:104CA000059A06994FF4007CCDF81CC00893099230
:104CB0000A920B9041F60040C5F20260FCF79AFDA3
:104CC000029B0398059A06994FF4406CCDF810C0EA
:104CD000CDF81CC0089309920A920B9040F2004054
:104CE000C5F20260FCF786FD049A059806990792C2
:104CF0000322089209900020C5F20260FCF77AFDB9
:104D00000CB080BD80B582B00190009140F20000EF
:104D1000C3F21C400068019908600098006801997E
:104D2000486001990C204861009840890199086108
:104D30000098406801998860009800890199C860CE
:104D4000009880890199886101994FF40040C861F9
:104D50000199002048620198FFF734F802B080BD45
:104D600088B0079006910592079800F0070004901C
:104D70000498C0F10700052803D3FFE70420019041
:104D800004E00498C0F107000190FFE70198039048
:104D900004980430062803D8FFE70020009003E0C1
:104DA000049803380090FFE7009802900698039952
:104DB000012202FA01F101390840029B984005994D
:104DC0009A40013A1140084308B0704785B0DDF8B9
:104DD00018C0DDF814C004900391029201939DED78
:104DE000040AB8EE400A9DED021AB8EE411A9DED94
:104DF000012AB8EE422A9FED163A22EE032A31EE3E
:104E0000021A20EE010A9DED031AB8EE411A80EE57
:104E1000010A8DED000A9DED000A9DED051AB8EE20
:104E2000411A80EE010A8DED000A9DED000A9DED0C
:104E3000061AB8EE411A80EE010A8DED000A9DEDCA
:104E4000000ABCEEC00A10EE100A05B0704700BFA1
:104E50000000803380B588B0079000200690079846
:104E6000FFF738F90146049100B3FFE704981028D2
:104E700022D0FFE70498202823D0FFE704983028A9
:104E800063D0FFE70498402800F0B280FFE7049861
:104E9000502800F09E80FFE70498602800F0B3805F
:104EA000FFE70498702800F0B480BCE0FDF7C4FF71
:104EB00000F018FE0690B7E0072000F097F9069082
:104EC000B2E0FFF789FC00283ED0FFE7FFF770FC57
:104ED0000590FFF779FC0146039178B1FFE703984D
:104EE000B0F1805F13D0FFE70398B0F1005F17D0F7
:104EF000FFE70398B0F1405F1BD023E0FCF796FF7B
:104F0000069006980599B0FBF1F006901BE0FCF7BF
:104F1000D9FF069006980599B0FBF1F0069012E0D3
:104F2000FDF71CF8069006980599B0FBF1F0069085
:104F300009E0FDF75FF8069006980599B0FBF1F0DF
:104F4000069000E0FFE7FFE76EE0FFF761FC002856
:104F50003ED0FFE7FFF748FC0590FFF751FC014604
:104F6000029178B1FFE70298B0F1805F13D0FFE7BC
:104F70000298B0F1005F17D0FFE70298B0F1405FF0
:104F80001BD023E0FCF752FF069006980599B0FB72
:104F9000F1F006901BE0FCF795FF06900698059946
:104FA000B0FBF1F0069012E0FCF7D8FF06900698EF
:104FB0000599B0FBF1F0069009E0FDF71BF80690AB
:104FC00006980599B0FBF1F0069000E0FFE7FFE7D7
:104FD0002AE0FFF713FA50B1FFE7FFF7FFF9C10925
:104FE00049F20000C0F2D030C8400690FFE71BE055
:104FF000FFF77AFC30B1FFE740F60010C0F23D0049
:105000000690FFE710E048F20000C0F2BB000690F7
:105010000AE0FDF711FF0190FFF790F901460198B2
:10502000C840069000E0FFE706980090FFF75EF8A2
:10503000014600980131B0FBF1F008B080BD0000DE
:1050400080B588B00790002006900798FFF756F8C3
:1050500001460491072800F2C4800499DFE801F0BA
:10506000040A0F53A697B1B7FDF7E6FE00F03AFD2C
:105070000690B7E0072000F0B9F80690B2E0FFF71D
:10508000ABFB00283ED0FFE7FFF792FB0590FFF750
:105090009BFB0146039178B1FFE70398B0F1805F75
:1050A00013D0FFE70398B0F1005F17D0FFE7039834
:1050B000B0F1405F1BD023E0FCF7B8FE06900698E5
:1050C0000599B0FBF1F006901BE0FCF7FBFE0690A3
:1050D00006980599B0FBF1F0069012E0FCF73EFF50
:1050E000069006980599B0FBF1F0069009E0FCF7F0
:1050F00081FF069006980599B0FBF1F0069000E05C
:10510000FFE7FFE76EE0FFF783FB00283ED0FFE7F5
:10511000FFF76AFB0590FFF773FB0146029178B138
:10512000FFE70298B0F1805F13D0FFE70298B0F17B
:10513000005F17D0FFE70298B0F1405F1BD023E07B
:10514000FCF774FE069006980599B0FBF1F0069006
:105150001BE0FCF7B7FE069006980599B0FBF1F04E
:10516000069012E0FCF7FAFE069006980599B0FB4F
:10517000F1F0069009E0FCF73DFF069006980599CE
:10518000B0FBF1F0069000E0FFE7FFE72AE0FFF751
:1051900035F950B1FFE7FFF721F9C10949F20000E5
:1051A000C0F2D030C8400690FFE71BE0FFF79CFB41
:1051B00030B1FFE740F60010C0F23D000690FFE777
:1051C00010E048F20000C0F2BB0006900AE0FDF7D4
:1051D00033FE0190FFF7B2F801460198C8400690EF
:1051E00000E0FFE7069808B080BD000080B58AB0F7
:1051F000099000200890FEF765FF012840F08F819C
:10520000FFE70998FEF7AEFF01460691072800F276
:1052100084810699DFE811F0080017002200F900E8
:105220002D007100B5003D01FFF7E8F850B1FFE730
:10523000FFF7D4F8C10949F20000C0F2D030C840ED
:105240000890FFE76AE1FFF74FFB30B1FFE740F658
:105250000010C0F23D000890FFE75FE1FFF796F80D
:1052600030B1FFE743F20060C0F26E100890FFE734
:1052700054E1FFF78DFA00283ED0FFE7FFF774FAFC
:105280000790FFF77DFA0146059178B1FFE7059891
:10529000B0F1805F13D0FFE70598B0F1005F17D041
:1052A000FFE70598B0F1405F1BD023E0FCF7BEFD9F
:1052B000089008980799B0FBF1F008901BE0FCF704
:1052C00001FE089008980799B0FBF1F0089012E0F1
:1052D000FCF744FE089008980799B0FBF1F008909D
:1052E00009E0FCF787FE089008980799B0FBF1F0F9
:1052F000089000E0FFE7FFE710E1FFF7C1F80028A2
:105300003ED0FFE7FFF7A8F80790FFF7B1F8014696
:10531000049178B1FFE70498B0F1805F13D0FFE704
:105320000498B0F1005F17D0FFE70498B0F1405F38
:105330001BD023E0FCF77AFD089008980799B0FB92
:10534000F1F008901BE0FCF7BDFD08900898079964
:10535000B0FBF1F0089012E0FCF700FE089008980E
:105360000799B0FBF1F0089009E0FCF743FE0890C4
:1053700008980799B0FBF1F0089000E0FFE7FFE71D
:10538000CCE0FFF7F5F800283ED0FFE7FFF7DCF8A8
:105390000790FFF7E5F80146039178B1FFE703981E
:1053A000B0F1805F13D0FFE70398B0F1005F17D032
:1053B000FFE70398B0F1405F1BD023E0FCF736FD18
:1053C000089008980799B0FBF1F008901BE0FCF7F3
:1053D00079FD089008980799B0FBF1F0089012E069
:1053E000FCF7BCFD089008980799B0FBF1F0089015
:1053F00009E0FCF7FFFD089008980799B0FBF1F071
:10540000089000E0FFE7FFE788E0FFF721F90028B8
:105410003ED0FFE7FFF708F90790FFF711F90146C3
:10542000029178B1FFE70298B0F1805F13D0FFE7F7
:105430000298B0F1005F17D0FFE70298B0F1405F2B
:105440001BD023E0FCF7F2FC089008980799B0FB0A
:10545000F1F008901BE0FCF735FD089008980799DB
:10546000B0FBF1F0089012E0FCF778FD0890089886
:105470000799B0FBF1F0089009E0FCF7BBFD08903C
:1054800008980799B0FBF1F0089000E0FFE7FFE70C
:1054900044E0FFF715F900283ED0FFE7FFF7FCF8DE
:1054A0000790FFF705F90146019178B1FFE70198F0
:1054B000B0F1805F13D0FFE70198B0F1005F17D023
:1054C000FFE70198B0F1405F1BD023E0FCF7AEFC92
:1054D000089008980799B0FBF1F008901BE0FCF7E2
:1054E000F1FC089008980799B0FBF1F0089012E0E1
:1054F000FCF734FD089008980799B0FBF1F008908C
:1055000009E0FCF777FD089008980799B0FBF1F0E7
:10551000089000E0FFE7FFE700E0FFE7FFE70898FB
:105520000AB080BD80B584B000200390FFF774F806
:1055300000283ED0FFE7FFF75BF80290FFF764F822
:105540000146019178B1FFE70198B0F1805F13D077
:10555000FFE70198B0F1005F17D0FFE70198B0F1C5
:10556000405F1BD023E0FCF761FC03900398029995
:10557000B0FBF1F003901BE0FCF7A4FC0390039850
:105580000299B0FBF1F0039012E0FCF7E7FC039006
:1055900003980299B0FBF1F0039009E0FCF72AFDB3
:1055A000039003980299B0FBF1F0039000E0FFE74D
:1055B000FFE7039804B080BD80B586B00590002059
:1055C00004900598FEF7FAFD0146029178B1FFE7D5
:1055D0000298B0F5801F12D0FFE70298B0F5001FC7
:1055E00012D0FFE70298B0F5401F51D05FE0FDF701
:1055F00023FC00F077FA01F051FA049058E00720FC
:10560000FFF7F4FD049053E0FEF7EAFF00283ED0D8
:10561000FFE7FEF7D1FF0390FEF7DAFF01460191A5
:1056200078B1FFE70198B0F1805F13D0FFE70198F0
:10563000B0F1005F17D0FFE70198B0F1405F1BD0D9
:1056400023E0FCF7F3FB049004980399B0FBF1F01E
:1056500004901BE0FCF736FC049004980399B0FB1F
:10566000F1F0049012E0FCF779FC0490049803999F
:10567000B0FBF1F0049009E0FCF7BCFC0490049846
:105680000399B0FBF1F0049000E0FFE7FFE70FE0C3
:10569000FEF7B4FE50B1FFE7FEF7A0FEC10949F2E4
:1056A0000000C0F2D030C8400490FFE700E0FFE700
:1056B000049806B080BD000080B586B0059000203B
:1056C00004900598FEF78EFD0146029178B1FFE740
:1056D0000298B0F5805F10D0FFE70298B0F5005F48
:1056E00010D0FFE70298B0F5405F4FD059E0FDF7CA
:1056F000A3FB00F0F7F9049054E00720FFF776FDD4
:1057000004904FE0FEF7E0FE00283ED0FFE7FEF7F2
:10571000C7FE0390FEF7D0FE0146019178B1FFE786
:105720000198B0F1805F13D0FFE70198B0F1005FFE
:1057300017D0FFE70198B0F1405F1BD023E0FCF7E2
:1057400075FB049004980399B0FBF1F004901BE002
:10575000FCF7B8FB049004980399B0FBF1F00490B7
:1057600012E0FCF7FBFB049004980399B0FBF1F006
:10577000049009E0FCF73EFC049004980399B0FB08
:10578000F1F0049000E0FFE7FFE70BE0FEF7FEFD1D
:1057900030B1FFE743F20060C0F26E100490FFE703
:1057A00000E0FFE7049806B080BD000080B586B039
:1057B0000590002004900598FEF720FD0146029117
:1057C00003285ED80299DFE801F002080D51FDF7C9
:1057D00033FB00F087F9049054E00720FFF706FD43
:1057E00004904FE0FEF78CFE00283ED0FFE7FEF766
:1057F00073FE0390FEF77CFE0146019178B1FFE74E
:105800000198B0F1805F13D0FFE70198B0F1005F1D
:1058100017D0FFE70198B0F1405F1BD023E0FCF701
:1058200005FB049004980399B0FBF1F004901BE091
:10583000FCF748FB049004980399B0FBF1F0049046
:1058400012E0FCF78BFB049004980399B0FBF1F095
:10585000049009E0FCF7CEFB049004980399B0FB98
:10586000F1F0049000E0FFE7FFE70BE0FEF78EFDAC
:1058700030B1FFE743F20060C0F26E100490FFE722
:1058800000E0FFE704980090FEF7A4FC02460098B1
:10589000012101EB1211B0FBF1F006B080BD000058
:1058A00080B586B00590002004900598FEF7B2FC04
:1058B00001460291032860D80299DFE801F0020A4C
:1058C0000F53FDF7B9FA00F00DF901F0BDF804909F
:1058D00054E00720FFF78AFC04904FE0FEF7B8FE83
:1058E00000283ED0FFE7FEF79FFE0390FEF7A8FEDC
:1058F0000146019178B1FFE70198B0F1805F13D0C4
:10590000FFE70198B0F1005F17D0FFE70198B0F111
:10591000405F1BD023E0FCF789FA049004980399B8
:10592000B0FBF1F004901BE0FCF7CCFA0490049873
:105930000399B0FBF1F0049012E0FCF70FFB049028
:1059400004980399B0FBF1F0049009E0FCF752FBD6
:10595000049004980399B0FBF1F0049000E0FFE795
:10596000FFE70BE0FEF712FD30B1FFE743F2006006
:10597000C0F26E100490FFE700E0FFE7049806B065
:1059800080BD000080B586B0059000200490059889
:10599000FEF74CFC0146029160B1FFE70298102827
:1059A0000ED0FFE7029820280FD0FFE7029830289A
:1059B0004FD092E0FDF740FA00F094F804908DE0AB
:1059C0000720FFF713FC049088E0FEF7A9FE0028EB
:1059D0003ED0FFE7FEF790FE0390FEF799FE0146EA
:1059E000019178B1FFE70198B0F1805F13D0FFE734
:1059F0000198B0F1005F17D0FFE70198B0F1405F68
:105A00001BD023E0FCF712FA049004980399B0FB32
:105A1000F1F004901BE0FCF755FA04900498039908
:105A2000B0FBF1F0049012E0FCF798FA04900498AF
:105A30000399B0FBF1F0049009E0FCF7DBFA049065
:105A400004980399B0FBF1F0049000E0FFE7FFE752
:105A500044E0FEF781FE00283ED0FFE7FEF768FE37
:105A60000390FEF771FE0146009178B1FFE70098C0
:105A7000B0F1805F13D0FFE70098B0F1005F17D05E
:105A8000FFE70098B0F1405F1BD023E0FCF7CEF9B0
:105A9000049004980399B0FBF1F004901BE0FCF72C
:105AA00011FA049004980399B0FBF1F0049012E00D
:105AB000FCF754FA049004980399B0FBF1F00490B9
:105AC00009E0FCF797FA049004980399B0FBF1F011
:105AD000049000E0FFE7FFE700E0FFE7049806B06E
:105AE00080BD000080B582B0019001980090FEF763
:105AF00011FB01460098C1F30251C84002B080BDBD
:105B000080B586B00590002004900598FEF79AFBBA
:105B1000014602910C21C0F20071884200F0C98058
:105B2000FFE7029840F20C41C0F20071884200F099
:105B3000C080FFE7029840F60C01C0F20071884275
:105B400000F0B780FFE7029840F60C41C0F2007108
:105B5000884200F0AE80FFE702980C21C0F201718C
:105B6000884200F0AE80FFE7029840F20C41C0F29C
:105B70000171884200F0A580FFE7029840F60C0111
:105B8000C0F20171884200F09C80FFE7029840F665
:105B90000C41C0F20171884200F09380FFE7029847
:105BA0000C21C0F20271884200F09080FFE7029859
:105BB00040F20C41C0F20271884200F08780FFE79A
:105BC000029840F60C01C0F2027188427ED0FFE7D5
:105BD000029840F60C41C0F20271884276D0FFE78D
:105BE00002980C21C0F20371884200F0B380FFE7F5
:105BF000029840F20C41C0F20371884200F0AA8082
:105C0000FFE7029840F60C01C0F20371884200F0F1
:105C1000A180FFE7029840F60C41C0F20371884270
:105C200000F09880FFE702980C21C0F204718842CE
:105C300000F0E380FFE7029840F20C41C0F20471EB
:105C4000884200F0DA80FFE7029840F60C01C0F2CB
:105C50000471884200F0D180FFE7029840F60C41C1
:105C6000C0F20471884200F0C880FFE702980C215E
:105C7000C0F20571884200F0B180FFE7029840F25F
:105C80000C41C0F20571884200F0A880FFE702983D
:105C900040F60C01C0F20571884200F09F80FFE7DA
:105CA000029840F60C41C0F20571884200F09680DF
:105CB000AEE0FDF7C1F8FFF715FF00F0C5FE049058
:105CC000A7E00720FFF792FA0490A2E0FEF7D8FBC6
:105CD00000283ED0FFE7FEF7BFFB0390FEF7C8FBAE
:105CE0000146019178B1FFE70198B0F1805F13D0D0
:105CF000FFE70198B0F1005F17D0FFE70198B0F11E
:105D0000405F1BD023E0FCF791F8049004980399BE
:105D1000B0FBF1F004901BE0FCF7D4F80490049879
:105D20000399B0FBF1F0049012E0FCF717F904902E
:105D300004980399B0FBF1F0049009E0FCF75AF9DC
:105D4000049004980399B0FBF1F0049000E0FFE7A1
:105D5000FFE75EE0FEF70CFC00283ED0FFE7FEF711
:105D6000F3FB0390FEF7FCFB0146009178B1FFE7DF
:105D70000098B0F1805F13D0FFE70098B0F1005FAA
:105D800017D0FFE70098B0F1405F1BD023E0FCF78D
:105D90004DF8049004980399B0FBF1F004901BE0D7
:105DA000FCF790F8049004980399B0FBF1F004908C
:105DB00012E0FCF7D3F8049004980399B0FBF1F0DB
:105DC000049009E0FCF716F9049004980399B0FBDD
:105DD000F1F0049000E0FFE7FFE71AE0FEF70EFBAA
:105DE00050B1FFE7FEF7FAFAC10949F20000C0F22C
:105DF000D030C8400490FFE70BE0FEF775FD30B1EE
:105E0000FFE740F60010C0F23D000490FFE700E01D
:105E1000FFE7049806B080BD80B586B005900020ED
:105E200004900598FEF716FA0146029141F20C0122
:105E3000C0F2007188425CD0FFE7029841F20C4149
:105E4000C0F20071884254D0FFE7029841F20C0181
:105E5000C0F20171884254D0FFE7029841F20C4130
:105E6000C0F2017188424CD0FFE7029841F20C0168
:105E7000C0F20271884249D0FFE7029841F20C411A
:105E8000C0F20271884241D0FFE7029841F20C0152
:105E9000C0F2037188427DD0FFE7029841F20C41C5
:105EA000C0F20371884275D0FFE7029841F20C01FD
:105EB000C0F20471884200F0C080FFE7029841F20E
:105EC0000C41C0F20471884200F0B780FFE70298ED
:105ED00041F20C01C0F20571884200F09F80FFE79B
:105EE000029841F20C41C0F20571884200F09680A0
:105EF000AEE0FCF7A1FFFFF7F5FD00F0A5FD049073
:105F0000A7E00720FFF772F90490A2E0FEF7B8FAC5
:105F100000283ED0FFE7FEF79FFA0390FEF7A8FAAD
:105F20000146019178B1FFE70198B0F1805F13D08D
:105F3000FFE70198B0F1005F17D0FFE70198B0F1DB
:105F4000405F1BD023E0FBF771FF04900498039996
:105F5000B0FBF1F004901BE0FBF7B4FF0490049851
:105F60000399B0FBF1F0049012E0FBF7F7FF049007
:105F700004980399B0FBF1F0049009E0FCF73AF8BB
:105F8000049004980399B0FBF1F0049000E0FFE75F
:105F9000FFE75EE0FEF7ECFA00283ED0FFE7FEF7F1
:105FA000D3FA0390FEF7DCFA0146009178B1FFE7DF
:105FB0000098B0F1805F13D0FFE70098B0F1005F68
:105FC00017D0FFE70098B0F1405F1BD023E0FBF74C
:105FD0002DFF049004980399B0FBF1F004901BE0AE
:105FE000FBF770FF049004980399B0FBF1F0049064
:105FF00012E0FBF7B3FF049004980399B0FBF1F0B3
:10600000049009E0FBF7F6FF049004980399B0FBB5
:10601000F1F0049000E0FFE7FFE71AE0FEF7EEF989
:1060200050B1FFE7FEF7DAF9C10949F20000C0F20A
:10603000D030C8400490FFE70BE0FEF755FC30B1CC
:10604000FFE740F60010C0F23D000490FFE700E0DB
:10605000FFE7049806B080BD80B586B005900020AB
:1060600004900598FEF7FEF80146029140F62C01D7
:10607000C0F20071884200F00381FFE7029840F609
:106080002C41C0F20071884200F00281FFE70298C3
:1060900041F22C01C0F20071884200F0F980FFE764
:1060A000029841F22C41C0F20071884200F0F08069
:1060B000FFE7029841F62C01C0F20071884200F01F
:1060C000E780FFE7029840F62C01C0F20171884298
:1060D00000F0E680FFE7029840F62C41C0F2017123
:1060E000884200F0DD80FFE7029841F22C01C0F207
:1060F0000171884200F0D480FFE7029841F22C4100
:10610000C0F20171884200F0CB80FFE7029841F6AF
:106110002C01C0F20171884200F0C280FFE70298B2
:1061200040F62C01C0F20271884200F0BE80FFE709
:10613000029840F62C41C0F20271884200F0B5800E
:10614000FFE7029841F22C01C0F20271884200F090
:10615000AC80FFE7029841F22C41C0F20271884204
:1061600000F0A380FFE7029841F62C01C0F2027113
:10617000884200F09A80FFE7029840F62C01C0F2B6
:106180000371884200F0D580FFE7029840F62C4169
:10619000C0F20371884200F0CC80FFE7029841F220
:1061A0002C01C0F20371884200F0C380FFE702981F
:1061B00041F22C41C0F20371884200F0BA80FFE73F
:1061C000029841F62C01C0F20371884200F0B180C0
:1061D000FFE7029840F62C01C0F20471884200F0FB
:1061E000B180FFE7029840F62C41C0F2047188426A
:1061F00000F0A880FFE7029841F22C01C0F2047180
:10620000884200F09F80FFE7029841F22C41C0F2E3
:106210000471884200F09680FFE7029841F62C0155
:10622000C0F20471884200F08D80FFE7029840F6CA
:106230002C01C0F20571884200F08D80FFE70298C2
:1062400040F62C41C0F20571884200F08480FFE7DF
:10625000029841F22C01C0F2057188427BD0FFE721
:10626000029841F22C41C0F20571884273D0FFE7D9
:10627000029841F62C01C0F2057188426BD074E09F
:10628000FCF7DAFDFFF72EFC00F0DEFB04906DE07A
:10629000FCF7D2FDFFF726FC00F0F2FB049065E06E
:1062A0000720FEF7A3FF049060E0FEF761F90028E5
:1062B0003ED0FFE7FEF748F90390FEF751F901469B
:1062C000019178B1FFE70198B0F1805F13D0FFE74B
:1062D0000198B0F1005F17D0FFE70198B0F1405F7F
:1062E0001BD023E0FBF7A2FD049004980399B0FBB8
:1062F000F1F004901BE0FBF7E5FD0490049803998E
:10630000B0FBF1F0049012E0FBF728FE0490049833
:106310000399B0FBF1F0049009E0FBF76BFE0490E9
:1063200004980399B0FBF1F0049000E0FFE7FFE769
:106330001CE0FEF791FA20B1FFE74FF40040049013
:10634000FFE713E0FEF7A8FA20B1FFE74FF4FA40A9
:106350000490FFE70AE0FCF76FFD0090FDF7EEFF09
:1063600001460098C840049000E0FFE7049806B09A
:1063700080BD000080B586B005900020049005988F
:10638000FDF778FF0146029108B3FFE70298B0F5E8
:10639000807F24D0FFE70298B0F5007F24D0FFE78C
:1063A0000298B0F5407F63D0FFE70298B0F5806FA8
:1063B00000F0BC80FFE70298B0F5A06F00F0AB8062
:1063C000FFE70298B0F5C06F00F09680B7E0FCF7E9
:1063D00033FDFFF787FB00F053FB0490B0E007208C
:1063E000FEF704FF0490ABE0FEF72EFA00283ED043
:1063F000FFE7FEF715FA0390FEF71EFA014601913A
:1064000078B1FFE70198B0F1805F13D0FFE7019802
:10641000B0F1005F17D0FFE70198B0F1405F1BD0EB
:1064200023E0FBF703FD049004980399B0FBF1F01F
:1064300004901BE0FBF746FD049004980399B0FB21
:10644000F1F0049012E0FBF789FD049004980399A1
:10645000B0FBF1F0049009E0FBF7CCFD0490049848
:106460000399B0FBF1F0049000E0FFE7FFE767E07D
:10647000FEF762F800283ED0FFE7FEF749F80390E8
:10648000FEF752F80146009178B1FFE70098B0F1AD
:10649000805F13D0FFE70098B0F1005F17D0FFE7EF
:1064A0000098B0F1405F1BD023E0FBF7BFFC0490E5
:1064B00004980399B0FBF1F004901BE0FBF702FD98
:1064C000049004980399B0FBF1F0049012E0FBF7FC
:1064D00045FD049004980399B0FBF1F0049009E0A5
:1064E000FBF788FD049004980399B0FBF1F0049049
:1064F00000E0FFE7FFE723E0FDF780FF50B1FFE793
:10650000FDF76CFFC10949F20000C0F2D030C8406D
:106510000490FFE714E0FEF7E7F930B1FFE740F63B
:106520000010C0F23D000490FFE709E0FEF794F987
:1065300020B1FFE74FF400400490FFE700E0FFE7E1
:10654000049806B080BD000080B586B0059000209C
:1065500004900598FDF79AFE0146029178B1FFE795
:106560000298B0F1807F12D0FFE70298B0F1007F6F
:1065700012D0FFE70298B0F1407F51D05FE0FCF706
:106580005BFCFFF7AFFA00F089FA049058E00720AF
:10659000FEF72CFE049053E0FEF706F800283ED0EC
:1065A000FFE7FDF7EDFF0390FDF7F6FF01460191D0
:1065B00078B1FFE70198B0F1805F13D0FFE7019851
:1065C000B0F1005F17D0FFE70198B0F1405F1BD03A
:1065D00023E0FBF72BFC049004980399B0FBF1F047
:1065E00004901BE0FBF76EFC049004980399B0FB49
:1065F000F1F0049012E0FBF7B1FC049004980399C9
:10660000B0FBF1F0049009E0FBF7F4FC049004986F
:106610000399B0FBF1F0049000E0FFE7FFE70FE023
:10662000FDF7ECFE50B1FFE7FDF7D8FEC10949F2D6
:106630000000C0F2D030C8400490FFE700E0FFE760
:10664000049806B080BD000080B588B00790002097
:1066500006900798FDF726FE0146049138B3FFE740
:106660000498B0F5803F28D0FFE70498B0F5003FCC
:1066700028D0FFE70498B0F5403F67D0FFE70498C3
:10668000B0F5802F00F0B580FFE70498B0F5A02F9B
:1066900000F0A080FFE70498B0F5C02F00F0B480B0
:1066A000FFE70498B0F5E02F00F0B480BCE0FCF701
:1066B000C3FBFFF717FA0690B7E00720FEF796FD39
:1066C0000690B2E0FEF788F800283ED0FFE7FEF71C
:1066D0006FF80590FEF778F80146039178B1FFE76F
:1066E0000398B0F1805F13D0FFE70398B0F1005F2B
:1066F00017D0FFE70398B0F1405F1BD023E0FBF712
:1067000095FB069006980599B0FBF1F006901BE00A
:10671000FBF7D8FB069006980599B0FBF1F00690C0
:1067200012E0FBF71BFC069006980599B0FBF1F010
:10673000069009E0FBF75EFC069006980599B0FB11
:10674000F1F0069000E0FFE7FFE76EE0FEF760F88B
:1067500000283ED0FFE7FEF747F80590FEF750F817
:106760000146029178B1FFE70298B0F1805F13D043
:10677000FFE70298B0F1005F17D0FFE70298B0F191
:10678000405F1BD023E0FBF751FB0690069805996C
:10679000B0FBF1F006901BE0FBF794FB0690069827
:1067A0000599B0FBF1F0069012E0FBF7D7FB0690DD
:1067B00006980599B0FBF1F0069009E0FBF71AFC8A
:1067C000069006980599B0FBF1F0069000E0FFE70F
:1067D000FFE72AE0FDF712FE50B1FFE7FDF7FEFDEF
:1067E000C10949F20000C0F2D030C8400690FFE76E
:1067F0001BE0FEF779F830B1FFE740F60010C0F279
:106800003D000690FFE710E048F20000C0F2BB0038
:1068100006900AE0FCF710FB0190FDF78FFD0146A2
:106820000198C840069000E0FFE7069808B080BDD8
:1068300080B584B00390002002900398FDF796FD88
:106840000146019141F21401C0F2001188422ED09C
:10685000FFE7019841F61401C0F2001188422ED0E2
:10686000FFE7019841F21401C0F20111884208D0FB
:10687000FFE7019841F61401C0F20111884226D1C8
:10688000FFE7FDF783FD88B1FFE7FDF78FFD30B926
:10689000FFE743F20060C0F26E10029005E041F69F
:1068A0000030C0F2B7000290FFE7FFE710E040F6CB
:1068B0001440C0F2003000F00FF8029008E041F2FE
:1068C0001440C0F2003000F007F8029000E0FFE74B
:1068D000029804B080BD000080B586B0059000200D
:1068E00004900598FDF742FD0146029140F61441DF
:1068F000C0F2003188423DD0FFE7029841F21441D6
:10690000C0F20031884235D0FFE7029840F61441CA
:10691000C0F20131884228D0FFE7029841F21441C9
:10692000C0F20131884220D0FFE7029840F61441BE
:10693000C0F2023188423ED0FFE7029841F2144192
:10694000C0F20231884236D0FFE7029840F6144187
:10695000C0F20331884218D0FFE7029841F2144197
:10696000C0F20331884210D069E00720FEF73EFCF8
:10697000049065E0FDF70AFD30B1FFE741F6003015
:10698000C0F2B7000490FFE75AE0FDF7FFFC88B1C2
:10699000FFE7FDF70BFD30B9FFE743F20060C0F2FF
:1069A0006E10049005E041F60030C0F2B70004908C
:1069B000FFE7FFE744E0FDF7DBFD00283ED0FFE7FF
:1069C000FDF7C2FD0390FDF7CBFD0146019178B1C3
:1069D000FFE70198B0F1805F13D0FFE70198B0F1B5
:1069E000005F17D0FFE70198B0F1405F1BD023E0B4
:1069F000FBF71CFA049004980399B0FBF1F00490A3
:106A00001BE0FBF75FFA049004980399B0FBF1F0E8
:106A1000049012E0FBF7A2FA049004980399B0FBEB
:106A2000F1F0049009E0FBF7E5FA0490049803996B
:106A3000B0FBF1F0049000E0FFE7FFE700E0FFE7C4
:106A4000049806B080BD000080B582B00190019826
:106A50000090FDF767FB0146009801F00701C84070
:106A600002B080BD80B582B0019001980090FDF722
:106A700061FB01460098C1F30211C84002B080BD1D
:106A800080B582B0019001980090FDF75BFB014654
:106A90000098C1F30231C84002B080BD80B582B019
:106AA000019001980090FDF755FB01460098C1F355
:106AB0000241C84002B080BD80B584B00390002080
:106AC00002900398019078B1FFE70198B0F1805FE0
:106AD00019D0FFE70198B0F1005F2AD0FFE70198D5
:106AE000B0F1405F30D035E0FDF788FC50B1FFE7F2
:106AF000FDF774FCC10949F20000C0F2D030C84073
:106B00000290FFE727E0FDF7EFFE88B1FFE7FDF712
:106B1000E3FE30B9FFE740F60010C0F23D000290FE
:106B200005E042F20040C0F2F4000290FFE7FFE708
:106B300011E0FDF72BFC30B1FFE743F20060C0F23B
:106B40006E100290FFE706E048F20000C0F2BB00C2
:106B5000029000E0FFE7029804B080BD80B586B0E7
:106B60000590002004900598FDF7A8FB01460291CE
:106B700060B1FFE7029810280ED0FFE702982028A6
:106B80000FD0FFE7029830284FD05DE0FCF754F9B2
:106B9000FEF7A8FF049058E00720FEF727FB0490BB
:106BA00053E0FDF78DFD00283ED0FFE7FDF774FDB3
:106BB0000390FDF77DFD0146019178B1FFE7019853
:106BC000B0F1805F13D0FFE70198B0F1005F17D0FC
:106BD000FFE70198B0F1405F1BD023E0FBF726F9F7
:106BE000049004980399B0FBF1F004901BE0FBF7CC
:106BF00069F9049004980399B0FBF1F0049012E055
:106C0000FBF7ACF9049004980399B0FBF1F0049001
:106C100009E0FBF7EFF9049004980399B0FBF1F059
:106C2000049000E0FFE7FFE70FE0FDF7E7FB50B15E
:106C3000FFE7FDF7D3FBC10949F20000C0F2D030F5
:106C4000C8400490FFE700E0FFE7049806B080BD6D
:106C500080B584B000200390FDF73CFB0146019114
:106C600078B1FFE70198B0F5807F0BD0FFE701987E
:106C7000B0F5007F0FD0FFE70198B0F5407F13D04B
:106C80002BE02BE0FDF7E8FD20B1FFE74FF40040DB
:106C90000390FFE722E0FDF7FFFD20B1FFE74FF48F
:106CA000FA400390FFE719E0FDF770FBA0B1FFE7A2
:106CB00048F25C10C5F20260006800F47C310120EB
:106CC00000EB11300290029943F20060C0F26E10A6
:106CD000B0FBF1F00390FFE700E0FFE7039804B09A
:106CE00080BD000080B586B0059000200490059816
:106CF000FDF7F8FA0146029141F21841C0F2007125
:106D0000884200F08380FFE7029841F61801C0F244
:106D1000007188427AD0FFE7029841F21841C0F230
:106D2000017188427AD0FFE7029841F61801C0F25B
:106D30000171884272D0FFE7029841F21841C0F217
:106D4000027188426FD0FFE7029841F61801C0F245
:106D50000271884267D0FFE7029841F21841C0F201
:106D60000371884200F0A380FFE7029841F6180102
:106D7000C0F20371884200F09A80FFE7029841F266
:106D80001841C0F20471884200F0E480FFE70298E5
:106D900041F61801C0F20471884200F0DB80FFE781
:106DA000029841F21841C0F20571884200F0C38098
:106DB000FFE7029841F61801C0F20571884200F021
:106DC000BA80FFE7029841F21841C0F2067188428A
:106DD00000F0CB80FFE7029841F61801C0F206717F
:106DE000884200F0C280FFE7029841F21841C0F2E9
:106DF0000771884200F0BF80FFE7029841F6180152
:106E0000C0F20771884200F0B680B9E0FCF714F8D0
:106E1000FEF768FEFFF726FE0490B2E00720FEF7BB
:106E2000E5F90490ADE0FDF7D7FC00283ED0FFE780
:106E3000FDF7BEFC0390FDF7C7FC0146019178B158
:106E4000FFE70198B0F1805F13D0FFE70198B0F140
:106E5000005F17D0FFE70198B0F1405F1BD023E03F
:106E6000FAF7E4FF049004980399B0FBF1F0049062
:106E70001BE0FBF727F8049004980399B0FBF1F0AE
:106E8000049012E0FBF76AF8049004980399B0FBB1
:106E9000F1F0049009E0FBF7ADF804900498039931
:106EA000B0FBF1F0049000E0FFE7FFE769E0FDF7D9
:106EB000AFFC00283ED0FFE7FDF796FC0390FDF7FE
:106EC0009FFC0146009178B1FFE70098B0F1805F28
:106ED00013D0FFE70098B0F1005F17D0FFE70098EC
:106EE000B0F1405F1BD023E0FAF7A0FF04900498B4
:106EF0000399B0FBF1F004901BE0FAF7E3FF049074
:106F000004980399B0FBF1F0049012E0FBF726F827
:106F1000049004980399B0FBF1F0049009E0FBF7AA
:106F200069F8049004980399B0FBF1F0049000E034
:106F3000FFE7FFE725E0FDF761FA50B1FFE7FDF756
:106F40004DFAC10949F20000C0F2D030C8400490A7
:106F5000FFE716E0FDF7C8FC30B1FFE740F6001090
:106F6000C0F23D000490FFE70BE048F20000C0F2E1
:106F7000BB00049005E0072000F0E2F8049000E078
:106F8000FFE7049806B080BD80B586B0059000206C
:106F900004900598FDF7AEF9014602911C21C0F25C
:106FA0000031884235D0FFE7029840F21C41C0F220
:106FB000003188422DD0FFE702981C21C0F2013138
:106FC00088422CD0FFE7029840F21C41C0F2013108
:106FD000884224D0FFE702981C21C0F20231884287
:106FE00022D0FFE7029840F21C41C0F202318842F1
:106FF0001AD0FFE702981C21C0F20331884257D013
:10700000FFE7029840F21C41C0F2033188424FD0A2
:1070100092E0FBF711FFFEF765FD04908DE007207D
:10702000FEF7E4F8049088E0FDF796FB00283ED0D8
:10703000FFE7FDF77DFB0390FDF786FB014601911D
:1070400078B1FFE70198B0F1805F13D0FFE70198B6
:10705000B0F1005F17D0FFE70198B0F1405F1BD09F
:1070600023E0FAF7E3FE049004980399B0FBF1F0F3
:1070700004901BE0FAF726FF049004980399B0FBF4
:10708000F1F0049012E0FAF769FF04900498039974
:10709000B0FBF1F0049009E0FAF7ACFF049004981B
:1070A0000399B0FBF1F0049000E0FFE7FFE744E054
:1070B000FDF76EFB00283ED0FFE7FDF755FB039080
:1070C000FDF75EFB0146009178B1FFE70098B0F153
:1070D000805F13D0FFE70098B0F1005F17D0FFE7A3
:1070E0000098B0F1405F1BD023E0FAF79FFE0490B8
:1070F00004980399B0FBF1F004901BE0FAF7E2FE6C
:10710000049004980399B0FBF1F0049012E0FAF7B0
:1071100025FF049004980399B0FBF1F0049009E076
:10712000FAF768FF049004980399B0FBF1F004901B
:1071300000E0FFE7FFE700E0FFE7049806B080BD4E
:1071400080B586B00590002004900598FDF7DAF828
:1071500001460291062800F2BC800299DFE801F0A6
:10716000040C1155A899B300FBF766FEFEF7BAFCB4
:10717000FFF76AFC0490ADE00720FEF737F80490B3
:10718000A8E0FDF729FB00283ED0FFE7FDF710FB44
:107190000390FDF719FB0146019178B1FFE70198D3
:1071A000B0F1805F13D0FFE70198B0F1005F17D016
:1071B000FFE70198B0F1405F1BD023E0FAF736FEFD
:1071C000049004980399B0FBF1F004901BE0FAF7E7
:1071D00079FE049004980399B0FBF1F0049012E05A
:1071E000FAF7BCFE049004980399B0FBF1F0049008
:1071F00009E0FAF7FFFE049004980399B0FBF1F060
:10720000049000E0FFE7FFE764E0FDF701FB0028E2
:107210003ED0FFE7FDF7E8FA0390FDF7F1FA0146EB
:10722000009178B1FFE70098B0F1805F13D0FFE7DD
:107230000098B0F1005F17D0FFE70098B0F1405F11
:107240001BD023E0FAF7F2FD049004980399B0FBF9
:10725000F1F004901BE0FAF735FE049004980399CE
:10726000B0FBF1F0049012E0FAF778FE0490049875
:107270000399B0FBF1F0049009E0FAF7BBFE04902B
:1072800004980399B0FBF1F0049000E0FFE7FFE7FA
:1072900020E0FDF7B3F850B1FFE7FDF79FF8C10913
:1072A00049F20000C0F2D030C8400490FFE711E07E
:1072B000FDF71AFB30B1FFE740F60010C0F23D00C9
:1072C0000490FFE706E048F20000C0F2BB00049023
:1072D00000E0FFE7049806B080BD000080B588B0EC
:1072E0000790002006900798FDF718F801460491D2
:1072F00040F22041C0F20071884200F07A81FFE73D
:10730000049840F62001C0F20071884200F06981C3
:10731000FFE7049840F62041C0F20071884200F077
:107320006081FFE7049841F22001C0F200718842B9
:1073300000F05F81FFE7049841F22041C0F2007144
:10734000884200F05681FFE7049841F62001C0F220
:107350000071884200F05581FFE7049840F2204117
:10736000C0F20171884200F05481FFE7049840F6B2
:107370002001C0F20171884200F04B81FFE70498C0
:1073800040F62041C0F20171884200F04281FFE7DF
:10739000049841F22001C0F20171884200F0398165
:1073A000FFE7049841F22041C0F20171884200F0E9
:1073B0003081FFE7049841F62001C0F20171884254
:1073C00000F02781FFE7049840F22041C0F20271EB
:1073D000884200F02381FFE7049840F62001C0F2C4
:1073E0000271884200F01A81FFE7049840F62041BC
:1073F000C0F20271884200F01181FFE7049841F267
:107400002001C0F20271884200F04C81FFE704982D
:1074100041F22041C0F20271884200F04381FFE74F
:10742000049841F62001C0F20271884200F0F68013
:10743000FFE7049840F22041C0F20371884200F057
:107440003181FFE7049840F62001C0F203718842C1
:1074500000F02881FFE7049840F62041C0F2037154
:10746000884200F01F81FFE7049841F22001C0F23A
:107470000371884200F05A81FFE7049841F22041ED
:10748000C0F20371884200F05181FFE7049841F691
:107490002001C0F20371884200F00481FFE70498E4
:1074A00040F22041C0F20471884200F09281FFE76F
:1074B000049840F62001C0F20471884200F08981EE
:1074C000FFE7049840F62041C0F20471884200F0C2
:1074D0008081FFE7049841F22001C0F204718842E4
:1074E00000F07781FFE7049841F22041C0F2047177
:1074F000884200F06E81FFE7049841F62001C0F257
:107500000471884200F06581FFE7049840F2204151
:10751000C0F20571884200F04D81FFE7049840F603
:107520002001C0F20571884200F04481FFE7049811
:1075300040F62041C0F20571884200F03B81FFE730
:10754000049841F22001C0F20571884200F03281B6
:10755000FFE7049841F22041C0F20571884200F033
:107560002981FFE7049841F62001C0F205718842A5
:1075700000F02081FFE7049840F22041C0F206713C
:10758000884200F03181FFE7049840F62001C0F204
:107590000671884200F02881FFE7049840F62041F8
:1075A000C0F20671884200F01F81FFE7049841F2A3
:1075B0002001C0F20671884200F01C81FFE70498A8
:1075C00041F22041C0F20671884200F01381FFE7CA
:1075D000049841F62001C0F20671884200F004814F
:1075E00013E1FBF729FCFEF77DFAFFF72DFA069071
:1075F0000CE1FBF721FCFEF775FAFFF733FA069072
:1076000004E1FBF719FCFEF76DFAFFF739FA069073
:10761000FCE00720FDF7EAFD0690F7E0FDF7F8F83B
:1076200000283ED0FFE7FDF7DFF80590FDF7E8F80A
:107630000146039178B1FFE70398B0F1805F13D062
:10764000FFE70398B0F1005F17D0FFE70398B0F1B0
:10765000405F1BD023E0FAF7E9FB069006980599F6
:10766000B0FBF1F006901BE0FAF72CFC06900698B0
:107670000599B0FBF1F0069012E0FAF76FFC069066
:1076800006980599B0FBF1F0069009E0FAF7B2FC14
:10769000069006980599B0FBF1F0069000E0FFE730
:1076A000FFE7B3E0FDF7D0F800283ED0FFE7FDF795
:1076B000B7F80590FDF7C0F80146029178B1FFE7F1
:1076C0000298B0F1805F13D0FFE70298B0F1005F3D
:1076D00017D0FFE70298B0F1405F1BD023E0FAF724
:1076E000A5FB069006980599B0FBF1F006901BE00B
:1076F000FAF7E8FB069006980599B0FBF1F00690C2
:1077000012E0FAF72BFC069006980599B0FBF1F011
:10771000069009E0FAF76EFC069006980599B0FB12
:10772000F1F0069000E0FFE7FFE76FE0FCF704FFF1
:1077300000283ED0FFE7FCF7EBFE0590FCF7F4FED7
:107740000146019178B1FFE70198B0F1805F13D055
:10775000FFE70198B0F1005F17D0FFE70198B0F1A3
:10776000405F1BD023E0FAF761FB0690069805996D
:10777000B0FBF1F006901BE0FAF7A4FB0690069828
:107780000599B0FBF1F0069012E0FAF7E7FB0690DE
:1077900006980599B0FBF1F0069009E0FAF72AFC8B
:1077A000069006980599B0FBF1F0069000E0FFE71F
:1077B000FFE72BE0FCF722FE50B1FFE7FCF70EFEDF
:1077C000C10949F20000C0F2D030C8400690FFE77E
:1077D0001CE0FDF789F830B1FFE740F60010C0F279
:1077E0003D000690FFE711E048F20000C0F2BB0048
:1077F00006900BE0FCF7CAFD30B1FFE743F20060F2
:10780000C0F26E100690FFE700E0FFE7069808B0B0
:1078100080BD000080B586B00590002004900598DA
:10782000FCF794FD014602913421C0F200718842B8
:1078300000F03581FFE7029840F63041C0F2007158
:10784000884200F02481FFE7029841F23001C0F243
:107850000071884200F01B81FFE7029841F6300179
:10786000C0F20071884200F01281FFE7029841F6F1
:107870003041C0F20071884200F00981FFE70298B0
:107880003421C0F20171884200F01181FFE70298B3
:1078900040F63041C0F20171884200F00881FFE7F4
:1078A000029841F23001C0F20171884200F0FF807D
:1078B000FFE7029841F63001C0F20171884200F002
:1078C000F680FFE7029841F63041C0F2017188422C
:1078D00000F0ED80FFE702983421C0F20271884287
:1078E00000F0EA80FFE7029840F63041C0F20271F2
:1078F000884200F0E180FFE7029841F23001C0F2D7
:107900000271884200F0D880FFE7029841F630010A
:10791000C0F20271884200F0CF80FFE7029841F682
:107920003041C0F20271884200F0C680FFE7029841
:107930003421C0F20371884200F00281FFE702980F
:1079400040F63041C0F20371884200F0F980FFE751
:10795000029841F23001C0F20371884200F0F080D9
:10796000FFE7029841F63001C0F20371884200F04F
:10797000E780FFE7029841F63041C0F20371884288
:1079800000F0DE80FFE702983421C0F204718842E3
:1079900000F03481FFE7029840F63041C0F20471F4
:1079A000884200F02B81FFE7029841F23001C0F2DB
:1079B0000471884200F02281FFE7029841F630010D
:1079C000C0F20471884200F01981FFE7029841F685
:1079D0003041C0F20471884200F01081FFE7029844
:1079E0003421C0F20571884200F0FD80FFE7029863
:1079F00040F63041C0F20571884200F0F480FFE7A4
:107A0000029841F23001C0F20571884200F0EB802B
:107A1000FFE7029841F63001C0F20571884200F09C
:107A2000E280FFE7029841F63041C0F205718842DA
:107A300000F0D980FFE702983421C0F20671884235
:107A400000F0C280FFE7029840F63041C0F20671B4
:107A5000884200F0B980FFE7029841F23001C0F29D
:107A60000671884200F0B080FFE7029841F63001CD
:107A7000C0F20671884200F0A780FFE7029841F645
:107A80003041C0F20671884200F09E80BFE0FBF7F3
:107A9000D3F9FEF727F8FEF7D7FF0490B8E0FBF71D
:107AA000CBF9FEF71FF8FEF7DDFF0490B0E00720EA
:107AB000FDF79CFB0490ABE0FCF7C6FE00283ED02F
:107AC000FFE7FCF7ADFE0390FCF7B6FE014601911F
:107AD00078B1FFE70198B0F1805F13D0FFE701981C
:107AE000B0F1005F17D0FFE70198B0F1405F1BD005
:107AF00023E0FAF79BF9049004980399B0FBF1F0A6
:107B000004901BE0FAF7DEF9049004980399B0FBA7
:107B1000F1F0049012E0FAF721FA04900498039926
:107B2000B0FBF1F0049009E0FAF764FA04900498CD
:107B30000399B0FBF1F0049000E0FFE7FFE767E096
:107B4000FCF7FAFC00283ED0FFE7FCF7E1FC0390CD
:107B5000FCF7EAFC0146009178B1FFE70098B0F12C
:107B6000805F13D0FFE70098B0F1005F17D0FFE708
:107B70000098B0F1405F1BD023E0FAF757F904906A
:107B800004980399B0FBF1F004901BE0FAF79AF91E
:107B9000049004980399B0FBF1F0049012E0FAF716
:107BA000DDF9049004980399B0FBF1F0049009E02A
:107BB000FAF720FA049004980399B0FBF1F00490CE
:107BC00000E0FFE7FFE723E0FCF718FC50B1FFE718
:107BD000FCF704FCC10949F20000C0F2D030C840F3
:107BE0000490FFE714E0FCF77FFE30B1FFE740F6BA
:107BF0000010C0F23D000490FFE709E0FCF72CFE06
:107C000020B1FFE74FF400400490FFE700E0FFE7FA
:107C1000049806B080BD000080B586B005900020B5
:107C200004900598FCF79AFB014602913021C0F2BE
:107C30000071884200F02D81FFE7029840F2304148
:107C4000C0F20071884200F02C81FFE7029840F2F8
:107C50003441C0F20071884200F01B81FFE70298B6
:107C600040F63001C0F20071884200F01A81FFE74F
:107C7000029841F23041C0F20071884200F009815F
:107C8000FFE702983021C0F20171884200F01181B3
:107C9000FFE7029840F23041C0F20171884200F0E3
:107CA0000881FFE7029840F23441C0F20171884236
:107CB00000F0FF80FFE7029840F63001C0F201714A
:107CC000884200F0F680FFE7029841F23041C0F2AE
:107CD0000171884200F0ED80FFE702983021C0F288
:107CE0000271884200F0EA80FFE7029840F23041DA
:107CF000C0F20271884200F0E180FFE7029840F292
:107D00003441C0F20271884200F0D880FFE7029847
:107D100040F63001C0F20271884200F0CF80FFE7E8
:107D2000029841F23041C0F20271884200F0C680F0
:107D3000FFE702983021C0F20371884200F002810F
:107D4000FFE7029840F23041C0F20371884200F030
:107D5000F980FFE7029840F23441C0F20371884293
:107D600000F0F080FFE7029840F63001C0F20371A6
:107D7000884200F0E780FFE7029841F23041C0F20C
:107D80000371884200F0DE80FFE702983021C0F2E4
:107D90000471884200F03481FFE7029840F23041DC
:107DA000C0F20471884200F02B81FFE7029840F294
:107DB0003441C0F20471884200F02281FFE702984A
:107DC00040F63001C0F20471884200F01981FFE7EB
:107DD000029841F23041C0F20471884200F01081F3
:107DE000FFE702983021C0F20571884200F0FD8063
:107DF000FFE7029840F23041C0F20571884200F07E
:107E0000F480FFE7029840F23441C0F205718842E5
:107E100000F0EB80FFE7029840F63001C0F20571F8
:107E2000884200F0E280FFE7029841F23041C0F260
:107E30000571884200F0D980FFE702983021C0F236
:107E40000671884200F0C280FFE7029840F230419C
:107E5000C0F20671884200F0B980FFE7029840F254
:107E60003441C0F20671884200F0B080FFE702980A
:107E700040F63001C0F20671884200F0A780FFE7AB
:107E8000029841F23041C0F20671884200F09E80B3
:107E9000BFE0FAF7D1FFFDF725FEFEF7E3FD049002
:107EA000B8E0FAF7C9FFFDF71DFEFEF7CDFD04901F
:107EB000B0E00720FDF79AF90490ABE0FCF7C4FCB2
:107EC00000283ED0FFE7FCF7ABFC0390FCF7B4FCC6
:107ED0000146019178B1FFE70198B0F1805F13D0BE
:107EE000FFE70198B0F1005F17D0FFE70198B0F10C
:107EF000405F1BD023E0F9F799FF049004980399A1
:107F0000B0FBF1F004901BE0F9F7DCFF049004985B
:107F10000399B0FBF1F0049012E0FAF71FF8049017
:107F200004980399B0FBF1F0049009E0FAF762F8C5
:107F3000049004980399B0FBF1F0049000E0FFE78F
:107F4000FFE767E0FCF7F8FA00283ED0FFE7FCF710
:107F5000DFFA0390FCF7E8FA0146009178B1FFE7F9
:107F60000098B0F1805F13D0FFE70098B0F1005F98
:107F700017D0FFE70098B0F1405F1BD023E0F9F77E
:107F800055FF049004980399B0FBF1F004901BE0B6
:107F9000F9F798FF049004980399B0FBF1F004906E
:107FA00012E0F9F7DBFF049004980399B0FBF1F0BD
:107FB000049009E0FAF71EF8049004980399B0FBC6
:107FC000F1F0049000E0FFE7FFE723E0FCF716FA8A
:107FD00050B1FFE7FCF702FAC10949F20000C0F214
:107FE000D030C8400490FFE714E0FCF77DFC30B1CE
:107FF000FFE740F60010C0F23D000490FFE709E003
:10800000FCF72AFC20B1FFE74FF400400490FFE7A3
:1080100000E0FFE7049806B080BD000080B586B0A0
:108020000590002004900598FCF7A8F901460291FC
:108030001421C0F20031884255D0FFE7029840F287
:108040001441C0F2003188424DD0FFE7029840F65B
:108050001401C0F20031884245D0FFE70298142194
:10806000C0F20131884244D0FFE7029840F2144147
:10807000C0F2013188423CD0FFE7029840F614017B
:10808000C0F20131884234D0FFE702981421C0F2D7
:108090000231884232D0FFE7029840F21441C0F228
:1080A000023188422AD0FFE7029840F61401C0F25C
:1080B0000231884222D0FFE702981421C0F2033136
:1080C00088425FD0FFE7029840F21441C0F20331CA
:1080D000884257D0FFE7029840F61401C0F20331FE
:1080E00088424FD092E0FAF7A7FEFDF7FBFC049020
:1080F0008DE00720FDF77AF8049088E0FCF710FB8C
:1081000000283ED0FFE7FCF7F7FA0390FCF700FBEE
:108110000146019178B1FFE70198B0F1805F13D07B
:10812000FFE70198B0F1005F17D0FFE70198B0F1C9
:10813000405F1BD023E0F9F779FE0490049803997F
:10814000B0FBF1F004901BE0F9F7BCFE049004983A
:108150000399B0FBF1F0049012E0F9F7FFFE0490F0
:1081600004980399B0FBF1F0049009E0F9F742FF9D
:10817000049004980399B0FBF1F0049000E0FFE74D
:10818000FFE744E0FCF7E8FA00283ED0FFE7FCF701
:10819000CFFA0390FCF7D8FA0146009178B1FFE7D7
:1081A0000098B0F1805F13D0FFE70098B0F1005F56
:1081B00017D0FFE70098B0F1405F1BD023E0F9F73C
:1081C00035FE049004980399B0FBF1F004901BE095
:1081D000F9F778FE049004980399B0FBF1F004904D
:1081E00012E0F9F7BBFE049004980399B0FBF1F09C
:1081F000049009E0F9F7FEFE049004980399B0FB9F
:10820000F1F0049000E0FFE7FFE700E0FFE70498EB
:1082100006B080BD80B586B0059004910020039023
:10822000FCF784F80146029178B1FFE70298B0F1BB
:10823000805F14D0FFE70298B0F1005F23D0FFE722
:108240000298B0F1405F24D05CE0FCF7CFF8C109A0
:1082500049F20000C0F2D030C840039053E048F229
:108260004400C5F20260006800F4007140F600109E
:10827000C0F23D00B1F5007F04BF42F20040C0F201
:10828000F40003903FE043F20060C0F26E100390F0
:1082900039E00598019078B1FFE70198B0F1805F6F
:1082A00013D0FFE70198B0F1005F17D0FFE7019806
:1082B000B0F1405F1BD023E0F9F7B8FD03900398BD
:1082C0000499B0FBF1F003901BE0F9F7FBFD03907C
:1082D00003980499B0FBF1F0039012E0F9F73EFE29
:1082E000039003980499B0FBF1F0039009E0F9F7CB
:1082F00081FE039003980499B0FBF1F0039000E035
:10830000FFE700E0FFE7039806B080BD80B586B0C8
:1083100005900491012003900598029078B1FFE741
:108320000298B0F1805F17D0FFE70298B0F1005FCC
:108330001FD0FFE70298B0F1405F27D033E0FCF791
:1083400059FB40B9FFE7FCF745FB18B9FFE70020F0
:108350000390FFE7FFE729E0FCF7ACFB40B9FFE73C
:10836000FCF798FB18B9FFE700200390FFE7FFE751
:108370001CE0FCF7FFFB40B9FFE7FCF7EBFB18B98B
:10838000FFE700200390FFE7FFE70FE0FCF752FC58
:1083900040B9FFE7FCF73EFC18B9FFE70020039067
:1083A000FFE7FFE702E000200390FFE70498019059
:1083B00078B1FFE70198B0F1805F17D0FFE701982F
:1083C000B0F1005F1FD0FFE70198B0F1405F27D008
:1083D00033E0FCF70FFB40B9FFE7FCF7FBFA18B9F5
:1083E000FFE700200390FFE7FFE729E0FCF762FBCF
:1083F00040B9FFE7FCF74EFB18B9FFE700200390F8
:10840000FFE7FFE71CE0FCF7B5FB40B9FFE7FCF72F
:10841000A1FB18B9FFE700200390FFE7FFE70FE09B
:10842000FCF708FC40B9FFE7FCF7F4FB18B9FFE7DD
:1084300000200390FFE7FFE702E000200390FFE742
:10844000039806B080BD000080B588B00690059105
:1084500000208DF80700069948F28000C5F20260FE
:1084600000EB01100490069948F28400C5F2026006
:1084700000EB01100390069948F28800C5F20260F3
:1084800000EB0110029005980068022840F09380EC
:10849000FFE706994FF48070884049F20001C5F269
:1084A00002610860F9F7DEFB0090FFE748F2040084
:1084B000C5F202600068069A4FF48071914008404E
:1084C00088420CD1FFE7F9F7CDFB0099401A02284A
:1084D00004D3FFE703208DF81F00EDE0E6E70299E3
:1084E000086840F0040008600499086820F0006003
:1084F000086004980068FF21C8F600410840059A0A
:1085000051689368126941EA035141EA0221084324
:10851000049908600298006820F07C50059A51691F
:108520009269C90641EA026108430299086003980A
:10853000006800F07F400599C96808430399086006
:108540000299086820F0080008600598C06830B1FA
:10855000FFE70299086840F00A000860FFE7029907
:1085600008680122C4F200021043086006994FF423
:108570008070884048F60001C5F202610860F9F792
:1085800071FB0090FFE748F20400C5F2026000684A
:108590000699C840C00500280CD4FFE7F9F762FB34
:1085A0000099401A022804D3FFE703208DF81F002A
:1085B00082E0E8E77BE00598006803283ED1FFE70A
:1085C0000598406800F02AF9012832D1FFE70699A2
:1085D0004FF48070884049F20001C5F202610860E2
:1085E000F9F740FB0090FFE748F20400C5F2026093
:1085F0000068069A4FF480719140084088420CD17F
:10860000FFE7F9F72FFB0099401A022804D3FFE790
:1086100003208DF81F004FE0E6E70498006820F083
:10862000F04105984068084340F0006004990860F4
:1086300003E001208DF80700FFE737E005980068A8
:10864000012831D1FFE70299086820F080400860D6
:1086500006994FF48070884049F20001C5F202612A
:108660000860F9F7FFFA0090FFE748F20400C5F24E
:1086700002600068069A4FF4807191400840884279
:108680000CD1FFE7F9F7EEFA0099401A022804D35B
:10869000FFE703208DF81F000EE0E6E70499086865
:1086A00020F00060086000E0FFE7FFE7FFE79DF8CB
:1086B00007008DF81F00FFE79DF81F0008B080BD80
:1086C00080B584B0029000208DF8070002994FF425
:1086D0008070884048F60001C5F202610860F9F731
:1086E000C1FA0090FFE748F20400C5F2026000689A
:1086F0000299C840C00500280CD4FFE7F9F7B2FA88
:108700000099401A022804D3FFE703208DF80F00D8
:1087100005E0E8E79DF807008DF80F00FFE79DF8FA
:108720000F0004B080BD000087B0069005910020C6
:108730000190069948F28000C5F2026000EB01103A
:108740000490069948F28400C5F2026000EB011023
:108750000390069948F28800C5F2026000EB011010
:108760000290049800684FF60071C7F2FF3108408C
:10877000059A51689368126941EA035141EA02215E
:10878000884203D0FFE70120019044E0039800688D
:1087900020F07F400599C968884203D0FFE7012097
:1087A000019037E00298006800F07C50059A51690A
:1087B0009269C90641EA0261884203D0FFE70120BD
:1087C000019026E048F20400C5F202600068069AB3
:1087D0004FF4807191400840884203D1FFE70220A6
:1087E00000900CE0049800680001002803D5FFE722
:1087F0000320009002E001200090FFE7FFE70098CF
:1088000005990968884203D0FFE701200190FFE73E
:10881000FFE7FFE7FFE7019807B0704780B584B036
:108820000390012002900398019078B1FFE701982E
:10883000B0F1805F12D0FFE70198B0F1005F15D072
:10884000FFE70198B0F1405F18D018E0FBF7DEFDBC
:1088500018B9FFE700200290FFE711E0FCF74CF8A1
:1088600018B9FFE700200290FFE709E0FBF796FD4B
:1088700018B9FFE700200290FFE701E0FFE7FFE7FC
:10888000029804B080BD000082B04FF2F870C3F2CD
:108890001F400090009880F30A884FF6F870C3F2EA
:1088A0001F400190019880F3088800F08DFAF7F7D7
:1088B0004DFF00006DED81CF80B581B000F0CCF8A8
:1088C00040F20800C3F21C40006801B0BDE88040DF
:1088D0009FEC100AFDEC81CF9FE80E9074470000DA
:1088E00080B582B0009000980138B0F1807F03D34A
:1088F000FFE70120019019E0009801384EF21401C1
:10890000CEF2000108604FF0FF300F2101F018F99E
:108910004EF21801CEF20001002008604EF2100263
:10892000CEF20002072111600190FFE7019802B02A
:1089300080BD000080B506F08BFD4EF21000CEF237
:1089400000000068C003002803D5FFE7F9F79EF98F
:10895000FFE709F0BFFE06F0A9FD80BD80B5B8B005
:1089600012A89821F8F7B0F902A84021F8F7ACF95D
:108970000020F9F70DFA18B1FFE7F8F7CFFBFFE792
:1089800002201290082015900020169017901C903D
:1089900023902A90319012A8FAF75CFA18B1FFE7F9
:1089A000F8F7BCFBFFE702A8FAF74EF90398B0F519
:1089B000403F05D0FFE70498B0F1407F0ED1FFE7BC
:1089C0000320029000200390049002A8F9F7C0FE53
:1089D00018B1FFE7F8F7A2FBFFE7FFE700201290CE
:1089E00002211C911D9004211E914B2120911F906A
:1089F00001212191229123902A90319012A8FAF717
:108A000029FA18B1FFE7F8F789FBFFE77F2002900A
:108A10004FF4403003904FF0407004904FF48010BA
:108A200005900021019106910791089109910A9101
:108A300002200B900C9103200D900E9104220F92B6
:108A40001091119002A8F9F783FE18B1FFE7F8F72B
:108A500065FBFFE738B080BD8EB000200D900C9014
:108A60000B900A900990089048F22000C5F202602D
:108A7000006800F440100146029178B1FFE70298C7
:108A8000B0F5801F18D0FFE70298B0F5001F29D07D
:108A9000FFE70298B0F5401F2AD089E148F248006C
:108AA000C5F202600068C0F3C11149F20000C0F2D3
:108AB000D030C8400D907CE148F24400C5F202601D
:108AC00000688005002806D4FFE740F60010C0F2D9
:108AD0003D000D9005E042F20040C0F2F4000D9020
:108AE000FFE766E143F20060C0F26E100D9060E1B6
:108AF00048F2C400C5F20260006800F04050014630
:108B0000019150B1FFE70198B0F1805F36D0FFE7E7
:108B10000198B0F1005F62D092E048F28000C5F2A7
:108B2000026000680790079800F0E0400690079800
:108B300000F0006005900598F8B9FFE70798C0F3CA
:108B400005500C900798C0F30B200B9048F284005E
:108B5000C5F20260006820F07F400A9048F2880069
:108B6000C5F20260006807900798C0F3C2600990E0
:108B70000798C0F302600890FFE792E048F2900087
:108B8000C5F2026000680790079800F0E040069088
:108B9000079800F0006005900598F8B9FFE707987E
:108BA000C0F305500C900798C0F30B200B9048F2CF
:108BB0009400C5F20260006820F07F400A9048F2FD
:108BC0009800C5F20260006807900798C0F3C26081
:108BD00009900798C0F302600890FFE761E048F24F
:108BE000A000C5F2026000680790079800F0E0401E
:108BF0000690079800F0006005900598F8B9FFE727
:108C00000798C0F305500C900798C0F30B200B9009
:108C100048F2A400C5F20260006820F07F400A908C
:108C200048F2A800C5F20260006807900798C0F3F8
:108C3000C26009900798C0F302600890FFE730E037
:108C400048F2B000C5F2026000680790079800F093
:108C5000E0400690079800F0006005900598F8B98C
:108C6000FFE70798C0F305500C900798C0F30B205E
:108C70000B9048F2B400C5F20260006820F07F401B
:108C80000A9048F2B800C5F20260006807900798A1
:108C9000C0F3C26009900798C0F302600890FFE734
:108CA000FFE70698009078B1FFE70098B0F1805F89
:108CB00018D0FFE70098B0F1005F29D0FFE70098D7
:108CC000B0F1405F2AD02FE048F24800C5F20260C0
:108CD0000068C0F3C11149F20000C0F2D030C840B2
:108CE0000D9022E048F24400C5F202600068800561
:108CF000002806D4FFE740F60010C0F23D000D90BA
:108D000005E042F20040C0F2F4000D90FFE70CE0F5
:108D100043F20060C0F26E100D9006E048F20000D1
:108D2000C0F2BB000D9000E0FFE7059878BBFFE7BD
:108D30009DED0D0AB8EE400A9DED0B1AB8EE411AF2
:108D40009DED0A2AB8EE422A9FED1E3A22EE032A32
:108D500031EE021A20EE010A9DED0C1AB8EE411A0E
:108D600080EE010A8DED030A9DED030A9DED091ABF
:108D7000B8EE411A9DED082AB8EE422A21EE021AF9
:108D800080EE010ABCEEC00A8DED0D0AFFE748F245
:108D9000C400C5F20260006800F47F01012000EB0E
:108DA000114004900D980499B0FBF1F00D9000E093
:108DB000FFE70D9840F20801C3F21C4108600EB0B5
:108DC000704700BF0000803310B540F20040C3F28E
:108DD00018404EF60851CEF20001086048F61822FD
:108DE000C5F202620120106049F21822C5F2026247
:108DF000106049F25822C5F2026210604EF6D85453
:108E0000CEF20004002222604EF6DC5CCEF2000CB2
:108E1000CCF800204EF6E053CEF200031A6020603A
:108E2000CCF800201A604FF0020EC4F800E0CCF835
:108E300000201A604FF0030EC4F800E0CCF80020C8
:108E40001A604FF0040EC4F800E0CCF800201A605D
:108E50004FF0050EC4F800E0CCF800201A604FF087
:108E6000060EC4F800E0CCF800201A604FF0070EA0
:108E7000C4F800E0CCF800201A6048F67822C5F269
:108E80000262106048F27823C5F202631A680A6829
:108E900048F21001C5F200610A6044F63C02C5F2D6
:108EA0000262D2F800C04CF4805CC2F800C0D2F874
:108EB00000C04CF0100CC2F800C0126848F2742CCC
:108EC000C5F2026CDCF8002042F40042CCF800202D
:108ED0001A6842F010021A601A681A6822F010022A
:108EE0001A6048F62023C5F202634FF440521A601C
:108EF00049F22023C5F202631A6048F62422C5F223
:108F00000262106049F22422C5F20262106049F246
:108F10006422C5F20262106049F25C23C5F202636A
:108F200040221A60096849F27821C5F2026108609E
:108F30004EF68851CEF20001086840F470000860D7
:108F40004EF68851CEF20201086840F470000860C5
:108F500010BD000081B00090009890F82800000734
:108F600000280BD5FFE700980068406820F4004017
:108F7000009A1168926B10434860FFE7009890F8E0
:108F80002800C00758B1FFE700980068406820F447
:108F90000030009A1168D26A10434860FFE70098D9
:108FA00090F82800800700280BD5FFE7009800689C
:108FB000406820F48030009A1168126B10434860BA
:108FC000FFE7009890F82800400700280BD5FFE73E
:108FD00000980068406820F48020009A1168526B65
:108FE00010434860FFE7009890F82800C00600286A
:108FF0000BD5FFE700980068806820F48050009A45
:109000001168D26B10438860FFE7009890F8280041
:10901000800600280BD5FFE700980068806820F4E0
:109020000050009A1168126C10438860FFE70098A6
:1090300090F82800400600281CD5FFE7009800683B
:10904000406820F48010009A1168526C1043486008
:109050000098406CB0F5801F0BD1FFE700980068C6
:10906000406820F4C000009A1168926C1043486078
:10907000FFE7FFE7009890F82800000600280BD5CE
:10908000FFE700980068406820F40020009A11680B
:10909000D26C10434860FFE701B0704780B588B0DC
:1090A000069006990020C1F89000F8F7DBFD0590C6
:1090B000069800680068000700282FD5FFE706988B
:1090C000059B6A466FF07E4111604FF4001100224B
:1090D00000F02EFC08B3FFE7FFE7FFE70698006803
:1090E00050E8000F20F080000490FFE704990698F4
:1090F000026842E8001008B12FF011C0FFE706999E
:109100002020C1F88800FFE70699002081F884003C
:10911000FFE703208DF81F005FE0FFE70698006877
:1091200000684007002842D5FFE70698059B6A467D
:109130006FF07E4111604FF48001002200F0F8FBD7
:10914000A0B3FFE7FFE7FFE70698006850E8000FCD
:1091500020F490700390FFE703990698026842E8B4
:10916000001008B12FF011C0FFE7FFE7FFE70698F6
:10917000006850E8020F20F001000290FFE702991A
:109180000698026842E8021008B12FF011C0FFE70C
:1091900006992020C1F88C00FFE70699002081F88D
:1091A0008400FFE703208DF81F0016E0FFE7069913
:1091B0002020C1F888000699C1F88C00069900208B
:1091C000C86606990867FFE70699002081F88400C1
:1091D000FFE700208DF81F00FFE79DF81F0008B093
:1091E00080BD000080B582B001900198C06D0090F4
:1091F00000990020A1F85E000098FAF717FB02B072
:1092000080BD000080B584B003900398C06D0290CB
:109210000298D0F8880001900298D0F88C00009055
:10922000029800688068000600280CD5FFE70198C6
:10923000212808D1FFE702990020A1F856000298E2
:1092400000F0DAF8FFE7029800688068400600281E
:109250000CD5FFE70098222808D1FFE702990020EB
:10926000A1F85E00029800F055F8FFE70299D1F8E6
:10927000900040F01000C1F890000298FAF7D6FA7A
:1092800004B080BD80B584B003900398C06D029097
:109290000398006D81282BD0FFE702990020A1F8E8
:1092A0005600FFE7FFE70298006850E8020F20F041
:1092B00080000190FFE701990298026842E80210DD
:1092C00008B12FF011C0FFE7FFE7FFE70298006841
:1092D00050E8000F40F040000090FFE7009902982E
:1092E000026842E8001008B12FF011C0FFE703E068
:1092F0000298FAF797FEFFE704B080BD80B582B010
:1093000001900198C06D00900098FAF78FFE02B0AE
:1093100080BD000084B00390FFE7FFE7039800687A
:1093200050E8000F20F490700290FFE70299039834
:10933000026842E8001008B12FF011C0FFE7FFE714
:10934000FFE70398006850E8020F4FF6FE71CEF673
:10935000FF7108400190FFE701990398026842E815
:10936000021008B12FF013C8FFE70398C06E012860
:1093700014D1FFE7FFE7FFE70398006850E8000F0C
:1093800020F010000090FFE700990398026842E87F
:10939000001008B12FF011C0FFE7FFE7039920206C
:1093A000C1F88C0003990020C8660399486704B08F
:1093B0007047000080B582B00190FFE7FFE7019899
:1093C000006850E8000F20F040000090FFE700998F
:1093D0000198026842E8001008B12FF011C0FFE7C1
:1093E00001992020C1F88800019900208867019820
:1093F000FAF718FE02B080BD83B00290FFE7FFE7E6
:109400000298006850E8000F20F0C0000190FFE7CC
:1094100001990298026842E8001008B12FF011C0CB
:10942000FFE7FFE7FFE70298006850E8020F20F42B
:1094300000000090FFE700990298026842E80210DD
:1094400008B12FF011C0FFE702992020C1F8880071
:1094500003B0704780B590B00F9044F28421C3F2FE
:109460001941086849680991089044F28C21C3F2B7
:10947000194108684968079106902020059040200E
:1094800004900720ADF80E00ADF80C000F980068AE
:1094900041F20001C5F2002188420ED1FFE7002011
:1094A0008DF80B0010200190FAF7E8FD0198FAF70B
:1094B000E5FD0198FAF7F4FD00E02DE09DF80B10B2
:1094C00005A830F811000A9002200B900D900120A1
:1094D0000C909DF80B100DF10E00405C0E909DF865
:1094E0000B1008A850F821000AA90091F8F782F99A
:1094F00000999DF80B2004A830F812000A909DF8FE
:109500000B2003A8805C0E909DF80B2006A850F855
:109510002200F8F76FF9FFE710B080BD80B58CB07E
:109520000B9000208DF813000B98006840F6004166
:10953000C5F20061884209D0FFE70B98006840F649
:109540000041C4F20061884201D1FFE700E0FFE77B
:109550000B9988680B694A69C96918431043084325
:109560000A900B980068006846F6F311CCF6FF717C
:1095700008400A9908430B99096808600B9800682D
:10958000406820F440500B9A1168D268104348603C
:109590000B9880690A900B98006840F60041C5F26C
:1095A000006188420FD0FFE70B98006840F6004149
:1095B000C4F20061884206D0FFE70B98016A0A985E
:1095C00008430A90FFE70B98006880684FF2FF415C
:1095D000C1F2FF1108400A9908430B990968886095
:1095E0000B980068C06A20F00F000B9A1168526A4D
:1095F0001043C862FFE70B98006841F20001C5F212
:109600000021884206D1FFE74FF4807007900020C8
:109610000690A0E00B98006844F20041C5F20001FA
:10962000884206D1FFE74FF40070079000200690B3
:1096300090E00B98006844F60001C5F200018842F2
:1096400006D1FFE74FF4806007900020069080E08D
:109650000B98006844F60041C5F20001884206D12B
:10966000FFE74FF4006007900020069070E00B9831
:109670000068B0F1502F06D1FFE74FF480500790FB
:109680000020069063E00B98006841F20041C5F2AB
:109690000021884206D1FFE74FF4005007900020D8
:1096A000069053E00B98006847F60001C5F20001F0
:1096B000884206D1FFE74FF48040079000200690D3
:1096C00043E00B98006847F60041C5F2000188426C
:1096D00006D1FFE74FF4004007900020069033E0EA
:1096E0000B98006841F60001C5F20021884206D1BE
:1096F000FFE74FF4803007900020069023E00B989E
:10970000006841F60041C5F20021884206D1FFE71A
:109710004FF4003007900020069013E00B9800688B
:1097200040F60041C5F20061884206D1FFE7002003
:1097300007904FF40000069003E000200790069089
:10974000FFE7FFE7FFE7FFE7FFE7FFE7FFE7FFE7E9
:10975000FFE7FFE7FFE7FFE70B98006840F60041EF
:10976000C5F20061884209D0FFE70B98006840F617
:109770000041C4F2006188425AD1FFE70698079978
:10978000F8F784FC02900298002850D0FFE7029876
:109790000B994A6A44F24A21C3F2194131F8121076
:1097A000B0FBF1F0039003980B99496801EB41017C
:1097B000884207D3FFE703980B994968B0EB013F54
:1097C00004D9FFE701208DF813002FE002980B99D0
:1097D0004A6800924A6A44F24A21C3F2194131F8B8
:1097E0001220002301931946F7F7ECF8009A019B29
:1097F00050EA0F2110EB520041F10001F7F7E2F8B7
:1098000005900598B0F5407F0BD3FFE70599002040
:10981000B0EB115F05D1FFE705980B990968C860A7
:1098200003E001208DF81300FFE7FFE7FFE76FE09B
:109830000B98C069B0F5004F3CD1FFE70698079937
:10984000F8F724FC0290029898B3FFE702980B9A6D
:109850005168536A44F24A22C3F2194232F8132083
:10986000B0FBF2F0400000EB5100B0FBF1F00590CE
:109870000598102818D3FFE7BDF81600A0B9FFE738
:10988000059820F00F00ADF82600059800F00E01B5
:10989000BDF8260040EA5100ADF82600BDF82600CC
:1098A0000B990968C86003E001208DF81300FFE7F9
:1098B000FFE72CE006980799F8F7E8FB029002987A
:1098C00020B3FFE702980B9A5168536A44F24A2288
:1098D000C3F2194232F81320B0FBF2F000EB510052
:1098E000B0FBF1F00590059810280AD3FFE7BDF80A
:1098F000160030B9FFE7BDF814000B990968C8607D
:1099000003E001208DF81300FFE7FFE7FFE7FFE723
:109910000B990120A1F86A000B99A1F868000B9936
:10992000002048670B9988679DF813000CB080BD34
:1099300080B586B0DDF820C0049003918DF80B202F
:109940000193FFE704980068C069039908408842C2
:109950005FEA1F909DF80B10884260D1FFE70898DE
:10996000013000285AD0FFE7F8F77CF90199401A36
:109970000899884203D8FFE7089820B9FFE7032039
:109980008DF817004FE00498006800684007002831
:1099900043D5FFE7039880283FD0FFE7039840288E
:1099A0003BD0FFE704980068C0690007002816D57F
:1099B000FFE7049801680820009008620498FFF708
:1099C000A9FC00980499C1F89000FFE704990020D1
:1099D00081F88400FFE701208DF8170023E0049848
:1099E0000068C0690005002816D5FFE704980168E3
:1099F0004FF4006008620498FFF78CFC0499202063
:109A0000C1F89000FFE70499002081F88400FFE787
:109A100003208DF8170006E0FFE7FFE792E700203C
:109A20008DF81700FFE79DF8170006B080BD000015
:109A300080B505F00DFD40F6C410C3F21C40A43003
:109A40000AF0A6FA05F032FD80BD000081B0ADF845
:109A50000200BDF90200002812D4FFE7BDF9021090
:109A600001F01F02012090404A094EF28011CEF20F
:109A7000000141F82200BFF34F8FBFF36F8FFFE764
:109A800001B0704781B0ADF80200BDF902000028B6
:109A900012D4FFE7BDF9021001F01F02012090402F
:109AA0004A094EF28011CEF2000141F82200BFF3C4
:109AB0004F8FBFF36F8FFFE701B0704781B0ADF8F4
:109AC0000200BDF9020000280ED4FFE7BDF9021024
:109AD00001F01F02012090404A094EF20011CEF21F
:109AE000000141F82200FFE701B070474EF60C502C
:109AF000CEF200000068C0F30220704782B0ADF8DB
:109B000006000091BDF9060000280AD4FFE700987E
:109B10000001BDF906104EF20042CEF20002885458
:109B20000BE000980001BDF8061001F00F014EF6A1
:109B30001452CEF200028854FFE702B070470000D2
:109B400082B0ADF806000091BDF9060000280AD4E5
:109B5000FFE700980001BDF906104EF20042CEF278
:109B6000000288540BE000980001BDF8061001F0D7
:109B70000F014EF61452CEF200028854FFE702B0F5
:109B80007047000083B00290029800F00700009038
:109B90004EF60C51CEF200010868019001984FF684
:109BA000FF02104001900198009A40EA0220002232
:109BB000C0F2FA52104301900198086003B0704758
:109BC00081B000900098002804D090FAA0F0B0FA7C
:109BD00080F0401C0090009801B0704780B582B0C2
:109BE000019008F077FC00900098E0B1FFE7FFE7F4
:109BF00046F67860C3F2194005F072FC0099019AAC
:109C000046F68960C3F2194005F06AFC44F2DD6053
:109C1000C3F2194005F064FCFFE70098012100221F
:109C200008F0A8F9FFE702B080BD000080B584B05D
:109C30000390029100200190029890F82000FF28E4
:109C400009D1FFE7039806F0EDFD029991F8211084
:109C5000884210D1FFE7FF208DF80300039801F040
:109C600091F98DF8030003989DF8031006F0C2FDEA
:109C700001200190FFE7019804B080BD80B582B05B
:109C800008F028FC50B1FFE740F21840C3F21C4036
:109C90004FF0FF3106F042F9019002E00020019000
:109CA000FFE7019802B080BD80B540F21840C3F2D2
:109CB0001C4046F2D231C3F21941012205F0BEFF29
:109CC00080BD000080B582B00190019868B1FFE7C7
:109CD00046F2F520C3F2194046F29231C3F219411F
:109CE00040F2D62204F09CFAFFE708F0F3FB38B10B
:109CF000FFE740F21840C3F21C4005F0D9FFFFE730
:109D000002B080BD80B582B001900198183005F096
:109D100011FC002002B080BD80B584B00390029198
:109D200004F00AFD0190019820B9FFE7039805F0BF
:109D3000BBF806E00198039A029B002104F062FF41
:109D4000FFE704B080BD000080B58AB0089007919D
:109D500007980690069800680590059902A801905A
:109D60000B2207F037FF019900208DF813000898A7
:109D700007F0BCFE30B9FFE708980699486001205B
:109D8000099002E000200990FFE709980AB080BD21
:109D900080B594B012901191109200200E901298FC
:109DA00068B9FFE745F60A00C3F2194045F600011D
:109DB000C3F2194140F24B1204F032FAFFE7109857
:109DC00068B9FFE745F60E00C3F2194045F60001F9
:109DD000C3F219414FF4A67204F022FAFFE7FFE73D
:109DE0000E99119A00209142029013D2FFE7129827
:109DF0000E99415C00202029019008D0FFE71298BD
:109E00000E99405C09285FEA0F900190FFE70198E6
:109E10000290FFE70298C00720B1FFE70E980130DB
:109E20000E90DDE70E9820B9FFE76FF0FE0013906B
:109E300027E012980E9903F09BFC0D900D9820B925
:109E4000FFE76FF0FE0013901BE003A800900021D5
:109E5000282205F0BFFD009A1298119903F048FEE0
:109E60000F900F9820B9FFE76FF0FE00139008E005
:109E70000D9A0F9803A9904710990860002013903D
:109E8000FFE7139814B080BD80B582B001900198AF
:109E9000183005F00FFC58B9FFE701988069303899
:109EA0000090009806F0BEFC019981F8210004E0C2
:109EB0000199FF2081F82100FFE7019890F8210027
:109EC00002B080BD80B582B0019000910198022857
:109ED00003DCFFE700F0F8F841E00098416844F641
:109EE0008B40C3F2194007F001FE28B9FFE7019843
:109EF000009900F03FF832E00098416845F20570A3
:109F0000C3F2194007F0F2FD28B9FFE70198009964
:109F100000F05CF822E00098416846F65F20C3F24A
:109F2000194007F0E3FD28B9FFE70198009900F018
:109F30000FF912E00098416844F66F40C3F21940EF
:109F400007F0D4FD28B9FFE70198009900F04AF91D
:109F500002E000F0B9F802E0FFE7FFE7FFE702B038
:109F600080BD000080B582B00190019806F0F4FA3F
:109F700002B080BD80B584B003900291039802289E
:109F800003DCFFE700F0A0F81EE002988068FFF70E
:109F9000E9FF01900198B0F1FF3F0BDCFFE7029869
:109FA000816844F60420C3F2194005F099FA00F0E4
:109FB0008BF809E002988168019A44F65820C3F2B0
:109FC000194005F08DFAFFE704B080BD80B584B07C
:109FD000039002910398032803DCFFE700F074F874
:109FE0006FE00298806803F067FCB0B9FFE7029861
:109FF0008068FFF7B7FF01900198B0F1FF3F0BDCDD
:10A00000FFE70298816844F60420C3F2194005F086
:10A0100067FA00F059F854E005E002988068F6F716
:10A0200049FD0190FFE70298C16844F6E340C3F29E
:10A03000194007F05BFD18B9FFE7002000903AE0F7
:10A040000298C16844F6DD40C3F2194007F04EFDA6
:10A0500018B9FFE7012000902CE00298C16844F68F
:10A06000A140C3F2194007F041FD18B9FFE70220F3
:10A0700000901EE00298C16844F69240C3F2194075
:10A0800007F034FD18B9FFE70320009010E00298B4
:10A09000C16844F63040C3F2194007F027FD18B9F3
:10A0A000FFE70420009002E000F00EF809E0FFE76F
:10A0B000FFE7FFE7FFE701989DF8001006F07CFA44
:10A0C000FFE704B080BD000080B544F61D20C3F258
:10A0D000194005F005FA44F62130C3F2194005F0A5
:10A0E000FFF944F66120C3F2194005F0F9F944F68E
:10A0F000B530C3F2194005F0F3F944F6F220C3F28B
:10A10000194005F0EDF944F63020C3F2194005F08E
:10A11000E7F944F65230C3F2194005F0E1F944F68C
:10A12000C420C3F2194005F0DBF944F69630C3F2BF
:10A13000194005F0D5F944F6F330C3F2194005F0A3
:10A14000CFF945F21D30C3F2194006F005FA80BD83
:10A1500080B584B0039002910398022803DCFFE7E6
:10A16000FFF7B2FF3BE00298806803F0A5FBB0B9AF
:10A17000FFE702988068FFF7F5FE01900198B0F1C3
:10A18000FF3F0BDCFFE70298816844F60420C3F22E
:10A19000194005F0A5F9FFF797FF20E005E00298C8
:10A1A0008068F6F787FC0190FFE7019806F028FA2F
:10A1B0008DF803009DF80300012808D1FFE70199FD
:10A1C00044F6B420C3F2194005F08AF907E001997A
:10A1D00044F6E430C3F2194005F082F9FFE704B019
:10A1E00080BD000080B584B00390029103980328DD
:10A1F00003DCFFE7FFF768FF5BE00298806803F08D
:10A200005BFBB0B9FFE702988068FFF7ABFE0190F7
:10A210000198B0F1FF3F0BDCFFE70298816844F63C
:10A220000420C3F2194005F05BF9FFF74DFF40E051
:10A2300005E002988068F6F73DFC0190FFE7029880
:10A24000C16844F67940C3F2194007F04FFC50B1A1
:10A25000FFE70298C16844F68F40C3F2194007F047
:10A2600045FC20B9FFE701208DF803001BE00298B0
:10A27000C16844F6EA40C3F2194007F037FC50B118
:10A28000FFE70298C16844F67540C3F2194007F031
:10A290002DFC20B9FFE700208DF8030002E0FFF756
:10A2A00013FF06E0FFE701989DF8031006F0C8F9D8
:10A2B000FFE704B080BD000080B586B00490039134
:10A2C000029204980090009860B9FFE744F6FE30CF
:10A2D000C3F2194044F67E41C3F21941372203F01C
:10A2E0009FFFFFE702980190019820B9FFE76FF008
:10A2F000FE0005900AE00098806C03680498019ABB
:10A3000011681279984700200590FFE7059806B07C
:10A3100080BD000080B588B006900591049203933B
:10A3200006980190019860B9FFE744F6FE30C3F249
:10A33000194044F62641C3F21941162203F070FF7A
:10A34000FFE704980290029820B1FFE703980828DD
:10A3500003D0FFE7002007900BE00198806C826833
:10A360000698029909689047029908710398079026
:10A37000FFE7079808B080BD80B588B006900591CA
:10A380000492039306980190019860B9FFE744F6A0
:10A39000FE30C3F2194044F66A41C3F21941262245
:10A3A00003F03EFFFFE704980290029820B1FFE718
:10A3B0000398082803D0FFE7002007900AE00198DF
:10A3C000806C43680698029A11681279984703983E
:10A3D0000790FFE7079808B080BD000080B594B0F3
:10A3E000129011911092FFE704F0EAF9A8B1FFE78B
:10A3F00044F60610C3F2194045F60141C3F2194173
:10A40000089105F06DF8089945F62D00C3F2194042
:10A4100040F2365203F004FFFFE7FFE708F05AF876
:10A42000A8B9FFE744F63010C3F2194045F60141E0
:10A43000C3F21941079105F053F8079945F62D002D
:10A44000C3F2194040F2365203F0EAFEFFE7FFE79D
:10A4500005F018F8A8B1FFE744F6DF00C3F2194091
:10A4600045F60141C3F21941069105F039F8069904
:10A4700045F62D00C3F2194040F2365203F0D0FEEB
:10A48000FFE7FFE7FFE7FFE7129868B9FFE745F648
:10A490009830C3F2194045F60141C3F2194140F228
:10A4A000395203F0BDFEFFE7129805F075FF03284F
:10A4B0000DD0FFE745F64370C3F2194045F6014160
:10A4C000C3F2194140F23A5203F0AAFEFFE708F046
:10A4D00001F80F901298303007F0CCFAFFE740F601
:10A4E0008400C3F21C40006840B1FFE740F68400DE
:10A4F000C3F21C40016812988847FFE7FFE70F99F5
:10A500000020C8621298406A0F99884216D1FFE76E
:10A51000129890F82200FE2807DCFFE7129991F8C4
:10A520002200013081F8220007E01298303007F055
:10A53000BDFA6FF02200139054E13BE11298406A9B
:10A5400068BBFFE70F98129948621299FF2081F8C3
:10A5500021001299012081F82200129890F8200021
:10A56000FF2815D0FFE7129890F820100591406A57
:10A5700006F058F901460598884208DAFFE7129973
:10A58000486A91F82010109A00F0F2FEFFE7FFE70A
:10A590000F9880301299283105F000F809E11198E0
:10A5A00058B9FFE70F997520C8621298303007F04C
:10A5B0007DFA6FF07400139014E10F98129A02F173
:10A5C0001801527B109B07F0CDFF0E900E9838B10A
:10A5D000FFE71298303007F069FA0E98139001E106
:10A5E00012980F99C1F888000DA806F0AFF80F98DF
:10A5F00006F018F98DF833009DF83300129991F8A0
:10A60000211088421ADAFFE79DF83300129981F889
:10A610002100129890F821100491406A06F002F986
:10A6200001460498884208DAFFE71298406A9DF8CC
:10A630003310022200F09CFEFFE7FFE70D9806F0C2
:10A6400005FA119801280DDBFFE711980B900F9880
:10A650004C3000210BAA08F08DF80F984C3008F010
:10A66000CFF9FFE71298303007F020FA06F008FA29
:10A670001298303007F0FEF91298406A0F9988421C
:10A6800012D1FFE70F98C06A68B1FFE745F60B30BB
:10A69000C3F2194045F60141C3F2194140F2B552E7
:10A6A00003F0BEFDFFE782E000200A901298406AA6
:10A6B0000F9988420DD1FFE745F6BA30C3F2194031
:10A6C00045F60141C3F2194140F2BC5203F0A8FD26
:10A6D000FFE70F98C06A0E900E9820B9FFE76FF061
:10A6E0000A000E90FFE70DA806F030F81298406AB5
:10A6F00080B1FFE71298406A06F094F803900F9833
:10A7000006F090F801460398884203D1FFE7012044
:10A710000A90FFE71298183004F0CCFF58B9FFE711
:10A720001298806930380990099806F07BF81299E0
:10A7300081F8210004E01299FF2081F82100FFE751
:10A740000A98D8B1FFE71298406A00F01BFC8DF818
:10A7500033009DF8330002901298406A06F062F8C8
:10A7600001460298884208D0FFE71298406A9DF897
:10A770003310022200F0FCFDFFE7FFE70D9806F022
:10A7800065F91298303007F091F90F990020C1F85F
:10A7900088000E98012804DBFFE70E9840420190E4
:10A7A00002E00E980190FFE7019813901AE0FFE78E
:10A7B000FFE7FFE71298303007F078F9FFE740F63F
:10A7C0008000C3F21C40006840B1FFE740F6800003
:10A7D000C3F21C40016812988847FFE7FFE700209A
:10A7E0001390FFE7139814B080BD000080B584B0CB
:10A7F00003908DF80B1001929DF80B0020280DDBC3
:10A80000FFE746F6E110C3F2194046F61C21C3F2F9
:10A8100019414FF4AE7203F003FDFFE7039890F87F
:10A82000380000F0070002281FD1FFE7039805F069
:10A83000A3FF019830B1FFE79DF80B00039981F861
:10A840004500FFE79DF80B00039981F84400039948
:10A8500091F844200120904088640399002081F8F9
:10A860003800039805F010FF14E0019830B1FFE7BD
:10A870009DF80B00039981F84500FFE79DF80B0058
:10A88000039981F84400039991F8442001209040F5
:10A890008864FFE7002004B080BD000080B58CB064
:10A8A0000A90099108920A9868B9FFE745F6433083
:10A8B000C3F2194045F6F431C3F2194140F2352292
:10A8C00003F0AEFCFFE70A9805F066FD02280DD004
:10A8D000FFE745F61040C3F2194045F6F431C3F2E4
:10A8E000194140F2362203F09BFCFFE7FFE740F6F8
:10A8F0008400C3F21C40006840B1FFE740F68400CA
:10A90000C3F21C4001680A988847FFE7FFE7FFE7AA
:10A9100003F056FFA8B1FFE744F60610C3F2194052
:10A9200045F6F431C3F21941039104F0D9FD0399BE
:10A9300045F62D00C3F2194040F23B2203F070FCB3
:10A94000FFE7FFE707F0C6FDA8B9FFE744F63010C0
:10A95000C3F2194045F6F431C3F21941029104F0F3
:10A96000BFFD029945F62D00C3F2194040F23B228B
:10A9700003F056FCFFE7FFE704F084FDA8B1FFE712
:10A9800044F6DF00C3F2194045F6F431C3F2194131
:10A99000019104F0A5FD019945F62D00C3F219407F
:10A9A00040F23B2203F03CFCFFE7FFE7FFE7FFE755
:10A9B0000A98243007F06CF807900A98008C012858
:10A9C0000ADBFFE70A99088C013808840A982430CA
:10A9D000079907F079F854E0099848B9FFE70A9811
:10A9E0002430079907F070F86FF074000B905CE06A
:10A9F00007F070FD069006990B20C86206980A9A27
:10AA000002F11801527B089B07F0ACFD05900598F8
:10AA100040B1FFE70A982430079907F055F80598E8
:10AA20000B9042E0099801280DDBFFE7099804909C
:10AA300006984C30002104AA07F09CFE06984C3082
:10AA400007F0DEFFFFE70A982430079907F03CF88B
:10AA500006F016F80698C06A88B1FFE70698C06A43
:10AA6000012805DBFFE70698C06A4042009003E03A
:10AA70000698C06A0090FFE700980B9015E0FFE78A
:10AA8000FFE7FFE740F68000C3F21C40006840B1DA
:10AA9000FFE740F68000C3F21C4001680A9888472F
:10AAA000FFE7FFE700200B90FFE70B980CB080BD9D
:10AAB00080B584B0039040F69C10C3F21C4000683F
:10AAC000FFF77EF801380190019940F69C00C3F22F
:10AAD0001C4050F83100303802900198039908600A
:10AAE000029804B080BD000080B584B00390ADF83A
:10AAF0000A108DF80920ADF806300398FFF702F927
:10AB0000BDF8060003994884BDF80A00039908843B
:10AB10009DF80900039948730398243006F0B4FFA8
:10AB200004B080BD80B540F25040C3F21C400068C4
:10AB3000D8B9FFE7FFE744F6EE40C3F2194004F04E
:10AB4000CFFC44F6FD40C3F2194004F0C9FC44F2C6
:10AB5000DD60C3F2194004F0C3FCFFE740F250414E
:10AB6000C3F21C4101200860FFE780BD80B588B0BA
:10AB7000079006910592079868B9FFE744F6605080
:10AB8000C3F2194044F63C61C3F2194140F22D1260
:10AB900003F046FBFFE7059804900798406D03908B
:10ABA000039868B9FFE744F67250C3F2194044F6BF
:10ABB0003C61C3F2194140F2311203F031FBFFE76F
:10ABC000FFE70598002848D0FFE707985C3006F0BB
:10ABD0005FFF01900399C888898888420AD1FFE7FE
:10ABE0000398806830B9FFE707985C30019906F058
:10ABF0006BFF32E003990868C988405C02900399B2
:10AC0000C8880130C8800398C088079991F85320FC
:10AC1000B1F8511041EA0241C1F38F01884204DBCF
:10AC2000FFE703990020C880FFE7039880680128A8
:10AC300004D1FFE7039900208860FFE707985C30A4
:10AC4000019906F041FF02980699087006980130B4
:10AC50000690059801380590B3E704980599401AC5
:10AC600008B080BD80B586B0059004910392059828
:10AC700068B9FFE744F66050C3F2194044F65B61DF
:10AC8000C3F219414FF4B77203F0CAFAFFE7039811
:10AC900002900598806D0190019868B9FFE744F62D
:10ACA0009850C3F2194044F65B61C3F219414FF466
:10ACB000B97203F0B5FAFFE7FFE7039888B3FFE73F
:10ACC000049800780A2815D1FFE70598808B400684
:10ACD00000280FD5FFE70598816C8A680D21904701
:10ACE000013030B9FFE701984FF0FF3103F070FBFE
:10ACF000E3E7FFE7FFE70598816C8A680499097824
:10AD00009047013030B9FFE701984FF0FF3103F071
:10AD10005FFBF0E70498013004900398013803903A
:10AD2000CBE702980399401A06B080BD80B586B083
:10AD3000059004910392059860B9FFE744F66050CE
:10AD4000C3F2194044F62C61C3F21941F52203F015
:10AD500067FAFFE703980190FFE7039800B3FFE766
:10AD60000598816CC968884702900298013008B93B
:10AD7000FFE715E0029804990870049801300490E8
:10AD80000398013803900598808B4006002806D56B
:10AD9000FFE702980A2801D1FFE701E0FFE7DCE7BF
:10ADA00001980399401A06B080BD000080B584B0B8
:10ADB000039002910192039868B9FFE744F660504E
:10ADC000C3F2194044F64B61C3F219414FF4867245
:10ADD00003F026FAFFE701980090FFE7019818B307
:10ADE000FFE7029800780A280CD1FFE70398808BD0
:10ADF0004006002806D5FFE70398816C8A680D217C
:10AE00009047FFE70398816C8A6802990978904718
:10AE1000B0F1FF3F01DCFFE706E00298013002904D
:10AE2000019801380190D9E700980199401A04B0BF
:10AE300080BD000083B0029001910092029848B159
:10AE4000FFE740F6C010C3F21C400068006A029998
:10AE50000860FFE7019848B1FFE740F6C010C3F271
:10AE60001C400068406A01990860FFE7009848B1FB
:10AE7000FFE740F6C010C3F21C400068806A0099EA
:10AE80000860FFE703B0704780B582B00190019879
:10AE9000FEF7A4FEFFE7FEE780B584B0039003F061
:10AEA000FDFE0190039807F025F80290039800F04A
:10AEB00009F8039807F054F9019803F02FFF02985E
:10AEC00004B080BD80B586B005900598943006F03A
:10AED000DFFD01900598D0F88800A8B1FFE705983C
:10AEE000D0F8880005F058FA03280DD1FFE705983F
:10AEF000D0F8880000900098059904F0D3FD0599DA
:10AF00000020C1F88800FFE70598D0F88000049081
:10AF1000049800680390FFE70498059980318842FF
:10AF200011D0FFE70498283802900299012081F897
:10AF30002200029804F0BCFEFFE7039804900498F6
:10AF400000680390E8E705989430019906F0BCFD8D
:10AF500006B080BD80B582B007F0BCFA019003F066
:10AF60009DFE0090019806F0C5FF0198FFF7AAFF2B
:10AF7000019807F0F5F8009803F0D0FE05F080FD89
:10AF800002B080BD80B586B005900020049003908B
:10AF9000059805F04FFC8DF80B000598D0F880005F
:10AFA0000490FFE704980599803188422DD0FFE78F
:10AFB000049828380390039890F821008DF80A002F
:10AFC0009DF80A00039991F82010884204DAFFE7FF
:10AFD0009DF80A00019004E0039890F82000019089
:10AFE000FFE701988DF80A009DF80B009DF80A1004
:10AFF000884205DDFFE79DF80A008DF80B00FFE7AA
:10B00000FFE7049800680490CCE79DF80B0006B0B9
:10B0100080BD000080B588B084460D980C98DDF89E
:10B020002CE0DDF828E0CDF81CC0069105920493D1
:10B030008DF80F0007980D999DF80F2005F00CFC76
:10B0400005980799C8610498079908620A980799B2
:10B0500048620B98079988620799486A8A6A23218F
:10B0600004F0B8FC079BD869196A5A6A9B6A1A44AB
:10B07000043A4AF65573C3F2184304F017F90799D6
:10B0800088610798803004F065FA079800210291E2
:10B09000C0F888100798C0F88C10079880F89010B6
:10B0A0000798C1620798C1670798C0F89C10079B72
:10B0B00003F14C006A464FF0080CC2F804C011605E
:10B0C0004BF2DD22C3F21842194607F047FC0798FD
:10B0D000943006F0D9FC029808B080BD80B584B0E9
:10B0E0000390029107208DF80700039868B9FFE7E5
:10B0F00045F63130C3F2194046F64341C3F21941D7
:10B100004FF45F7203F08CF8FFE70298009040B1B3
:10B11000FFE70098012808D0FFE70098022808D030
:10B120000BE004208DF8070014E006208DF80700DE
:10B1300010E007208DF807000CE045F62D00C3F263
:10B14000194046F64341C3F2194140F2893203F0F7
:10B1500067F8FFE79DF80700039991F8382002F09F
:10B16000F802104381F8380004B080BD80B58AB081
:10B170000890089820B9FFE76FF004000990A9E053
:10B1800007F0A8F90790079868B9FFE745F631304E
:10B19000C3F2194046F6A741C3F2194140F28F228B
:10B1A00003F03EF8FFE7079805F0F6F801280DD008
:10B1B000FFE746F6CF30C3F2194046F6A741C3F287
:10B1C00019414FF4247203F02BF8FFE7FFE703F077
:10B1D000F7FAA8B1FFE744F60610C3F2194046F6A5
:10B1E000A741C3F21941049104F07AF9049945F694
:10B1F0002D00C3F2194040F2932203F011F8FFE74B
:10B20000FFE707F067F9A8B9FFE744F63010C3F28B
:10B21000194046F6A741C3F21941039104F060F9C1
:10B22000039945F62D00C3F2194040F2932202F033
:10B23000F7FFFFE7FFE704F025F9A8B1FFE744F6C1
:10B24000DF00C3F2194046F6A741C3F2194102914B
:10B2500004F046F9029945F62D00C3F2194040F278
:10B26000932202F0DDFFFFE7FFE7FFE7FFE7079923
:10B2700000200190C86203F011FD01990690079823
:10B2800007F002FA05900598E8B9FFE707984C30F7
:10B29000002108AA07F06EFA07984C3007F0B0FBBF
:10B2A00007996FF00A00C86205F0EAFB069803F000
:10B2B00035FD0798C06A753020B9FFE7079900206F
:10B2C000C862FFE703E0069803F028FDFFE7059852
:10B2D0000990FFE709980AB080BD000080B584B0EE
:10B2E000039003980290029860B9FFE745F6313069
:10B2F000C3F2194046F6F041C3F219419A2202F016
:10B300008FFFFFE7029805F047F801280CD0FFE710
:10B3100046F6CF30C3F2194046F6F041C3F2194168
:10B320009B2202F07DFFFFE701A805F00FFA0298CB
:10B3300005F0D6FA60B9FFE746F6CB20C3F2194014
:10B3400046F6F041C3F21941A32202F069FFFFE77C
:10B3500002996FF07400C8620298303004F030FA3D
:10B36000029805F091F9019805F07AFB04B080BDD0
:10B3700080B58AB009908DF8231007926FF0FE0017
:10B3800006900020059009989DF8231005F032FAE8
:10B390000690FFE706990020029041B9FFE709985F
:10B3A00005F09EFA00285FEA0F900290FFE70298EE
:10B3B000C00700284CD0FFE70998D0F88800059016
:10B3C000059800283FD0FFE7059804F0E5FF032823
:10B3D00039D1FFE7FF208DF81300059803900998F5
:10B3E000303004F0ADF9039A02F118000999527B4C
:10B3F00006F05AFC0690069820BBFFE70398FEF77C
:10B4000043FD0398406AFFF7BDFD8DF813009DF8DA
:10B41000130001900398406A05F004FA0146019870
:10B4200088420AD0FFE70398406A099009989DF87E
:10B43000131005F0DFF9069003E06FF0FE000690B0
:10B44000FFE7FFE703E06FF0FE000690FFE7A1E7EC
:10B450000AB080BD80B588B007900691069806F0C6
:10B4600017FB039007F02EF9049001A804F07AF876
:10B47000FFE7079804F032F9002877D1FFE7079833
:10B4800000681838059007F01DF904900498059994
:10B49000C96A401A4FF6FE71C7F6FF71884263D839
:10B4A000FFE7FFE740F6B410C3F21C40006840B16C
:10B4B000FFE740F6B410C3F21C40016805988847C6
:10B4C000FFE7FFE7059800F08BF80598407B8007C1
:10B4D000002806D4FFE70599487B00F0FE0048737A
:10B4E000FFE7059800F1180101A804F093F8069809
:10B4F000039906F0E9FA0598016A406A8847FFE770
:10B5000040F6B810C3F21C40006840B1FFE740F6B7
:10B51000B810C3F21C40016805988847FFE7FFE7B1
:10B52000069806F0B5FA039001A804F0D7F808B120
:10B53000FFE79EE70598183004F052F90598407B24
:10B54000800700280FD5FFE70598407BC00750B162
:10B55000FFE70599487B00F0FE00487307980599BE
:10B5600000F056F8FFE700E000E082E70698039954
:10B5700006F0AAFA08B080BD80B586B08446089867
:10B58000CDF814C00491039202938DF807009DF842
:10B590000700059948730599487B00F0FE00487341
:10B5A0000498059908620398059948620599002056
:10B5B000C8620299059A91620090FFE700980028FE
:10B5C0000CDCFFE70598009900EBC100183003F090
:10B5D000C9FFFFE7009801300090EFE706B080BD9B
:10B5E00080B582B0019000200090FFE7009800280D
:10B5F0000CDCFFE70198009900EBC100183004F063
:10B60000EFF8FFE7009801300090EFE702B080BD4F
:10B6100080B588B0079006910698FFF7E1FF06997C
:10B62000487B00F0FE004873FFE740F68000C3F25D
:10B630001C40006840B1FFE740F68000C3F21C40A8
:10B64000016806988847FFE7FFE707F03BF806998F
:10B650008A6A1044C8620798049000200590FFE7AA
:10B660000598002848D1FFE7FFE7059A04A850F89D
:10B670002200079901EBC201496888422BD0FFE7FD
:10B68000059904A850F821000068019001980599D7
:10B69000A0EBC100183802900298C06A0699C96AE6
:10B6A000401A08B9FFE70EE00298C06A0699C96A15
:10B6B000401A4FF6FE71C7F6FF71884201D8FFE7C6
:10B6C00009E0FFE7FFE7059A04A951F822000068A6
:10B6D00041F82200C9E7059848B1FFE7059A04A898
:10B6E00000EB820150F8220008304860FFE7FFE7D6
:10B6F000059801300590B3E740F26440C3F21C4066
:10B7000001680131016000680390049806991831BE
:10B7100003F080FF02200590FFE7059801281BD861
:10B72000FFE79DF80C00800768B9FFE70598C0F1B6
:10B73000010204A850F82200069901EBC201183159
:10B7400003F068FF00E007E0039880080390FFE73C
:10B75000059801300590E0E70699487B40F001002C
:10B760004873002008B080BD81B0009040F2C43022
:10B77000C3F21C4001B0704783B0019000200090DC
:10B78000FFE700981F2810DCFFE70099012000FA6E
:10B7900001F10198884203D1FFE70098029008E088
:10B7A000FFE7009801300090EBE74FF0FF30029088
:10B7B000FFE7029803B0704780B582B044F20650AC
:10B7C000C3F2194003F08CFE4EF62950CEF2000071
:10B7D0000190017844F29B60C3F2194003F080FEAF
:10B7E00001980078C00738B1FFE744F28660C3F2E1
:10B7F000194003F075FEFFE74EF62950CEF2000027
:10B8000000788007002807D5FFE744F27B60C3F289
:10B81000194003F065FEFFE74EF62950CEF2000016
:10B8200000784007002807D5FFE744F27960C3F2AB
:10B83000194003F055FEFFE74EF62950CEF2000006
:10B8400000780007002807D5FFE744F26F60C3F2D5
:10B85000194003F045FEFFE74EF62950CEF20000F6
:10B860000078C006002807D5FFE744F27160C3F2F4
:10B87000194003F035FEFFE74EF62950CEF20000E6
:10B880000078000600280CD5FFE74EF63850CEF2BF
:10B890000000016844F21250C3F2194003F020FE88
:10B8A00006E045F2A820C3F2194003F019FEFFE7B5
:10B8B00002B080BD80B545F2D230C3F2194003F02A
:10B8C0000FFE002080BD000080B586B00590049179
:10B8D0000598022817D0FFE7059801280CD1FFE74B
:10B8E00006F0F8FD014645F6FF70C3F2194003F07B
:10B8F000F7FD02F0C3FC3DE046F27A00C3F21940C6
:10B9000003F0EEFD36E00498406802A90022F5F746
:10B91000DEF80390029804994968884209D1FFE74C
:10B920000498416846F22F10C3F2194003F0D8FD85
:10B9300020E00398B0B1FFE7039804F02DFD012843
:10B9400010D1FFE7039801900199039A0498436886
:10B9500046F24210C3F2194003F0C2FD019802F012
:10B96000E1FC07E0039946F2A200C3F2194003F09C
:10B97000B7FDFFE706B080BD80B586B005900491A5
:10B980000020009003900290019003A802A901AA50
:10B9900004F00EF8039945F2BF70C3F2194003F0AA
:10B9A0009FFD029945F2B070C3F2194003F098FD73
:10B9B000019945F2CE70C3F2194003F091FD03984E
:10B9C0000299411A45F2DD70C3F2194003F088FD77
:10B9D000009806B080BD000080B584B0029001914F
:10B9E0000298022834D1FFE70298019940F2201210
:10B9F000C3F21C4201F0EEFD013801460091092816
:10BA000022D80099DFE801F0050B110E1417201A57
:10BA10001D0801F035FB18E001F048FC15E001F0CD
:10BA20008BFA12E000F07AFE0FE001F0A7F90CE0CB
:10BA300000F09EFF09E001F0FDF806E001F048F893
:10BA400003E000F0DBFD00E003E00020039015E0E0
:10BA5000FFE745F29000C3F2194003F041FD45F2C3
:10BA60007D00C3F2194003F03BFD40F22010C3F209
:10BA70001C4002F017F800200390FFE7039804B081
:10BA800080BD000080B582B00190009101F0F8FA0D
:10BA9000002002B080BD000083B0029001910298A6
:10BAA00002680199B2FBF1F000FB112000900299AD
:10BAB0000868019AB0FBF2F00860009803B0704784
:10BAC00080B582B040F6BC10C3F21C40006890F80C
:10BAD0002D004008C00740B9FFE740F26840C3F2BC
:10BAE0001C4000210170019040E040F2EC40C3F2A4
:10BAF0001C40006868B1FFE740F2EC40C3F21C4014
:10BB0000016840F26840C3F21C408022F5F703F957
:10BB10000AE040F26840C3F21C4045F29661C3F26D
:10BB20001941F5F743F8FFE740F26840C3F21C40C3
:10BB300006F03AF802307F2812D8FFE740F268405A
:10BB4000C3F21C40009006F02FF8024600983E21F8
:10BB5000815406F029F80099014400204870FFE75D
:10BB600040F26840C3F21C400190FFE7019802B028
:10BB700080BD000080B584B000208DF80B0040F639
:10BB8000BC10C3F21C40006860B9FFE745F29B603F
:10BB9000C3F2194045F22F71C3F21941AD2202F0F0
:10BBA0003FFBFFE740F6BC10C3F21C400068D0F832
:10BBB00018020190019820B9FFE74FF0FF30039081
:10BBC00032E0FFE701984FF0FF310DF10B02012346
:10BBD00002F074FF012823D0FFE740F6BC10C3F247
:10BBE0001C40009000684FF0FF3105F063F90098A9
:10BBF0000068D0F818020199884210D0FFE740F69B
:10BC0000BC10C3F21C400068D0F8180201900198E3
:10BC100020B9FFE74FF0FF30039005E0FFE7D1E7E1
:10BC20009DF80B000390FFE7039804B080BD00006F
:10BC300080B582B00190009140F6BC10C3F21C4068
:10BC4000006860B9FFE745F29B60C3F2194045F216
:10BC5000AF61C3F21941CC2202F0E2FAFFE740F6ED
:10BC6000BC10C3F21C40006805F0B0F8002002B020
:10BC700080BD000080B586B005900020049040F69D
:10BC8000BC10C3F21C40006860B9FFE745F29B603E
:10BC9000C3F2194045F2CD61C3F21941DF2202F02F
:10BCA000BFFAFFE7059802F019FE0490049840B926
:10BCB000FFE7059945F27060C3F2194003F010FCEC
:10BCC0004EE0049840F6BC11C3F21C410968D1F85B
:10BCD0001812884201D1FFE742E0049840F2431174
:10BCE00002F006FEE0BBFFE740F6BC10C3F21C40CA
:10BCF0000068D0F8180290B1FFE740F6BC10C3F21C
:10BD00001C4003900068D0F8180202F091FD0398DF
:10BD10000068D0F81802002102F046FFFFE740F665
:10BD2000BC10C3F21C400190006800F5E1700021D6
:10BD30000291512203F04EFE019902980A68A2F87E
:10BD400014020A68A2F8160204980968C1F81802D9
:10BD500004984BF63141C3F2184102F025FFFFE78A
:10BD600006B080BD80B582B0019040F6BC10C3F231
:10BD70001C40006860B9FFE745F29B60C3F21940C0
:10BD800045F2F461C3F21941992202F049FAFFE742
:10BD90009DF8042040F6BC10C3F21C40016891F8E5
:10BDA0002D0002F0010200F0FD0040EA420081F89F
:10BDB0002D0002B080BD000082B00190009101987A
:10BDC00040F25441C3F21C410860009840F25841CF
:10BDD000C3F21C41086002B07047000080B586B015
:10BDE0000020049046F63070C3F2194046F6C07148
:10BDF000C3F21941FFF7E0FF01204FF4077102F091
:10BE0000ADFA014640F6BC10C3F21C400160006868
:10BE100050B9FFE745F25B60C3F2194003F060FBE5
:10BE20004FF0FF30059030E069460A20486014204A
:10BE3000086045F20A70C3F219404BF69161C3F2F3
:10BE40001841002202924FF4805306F011F9029B30
:10BE5000039040F6BC10C3F21C40006845F24271EA
:10BE6000C3F219411A4604F061FF0120FFF77AFF7F
:10BE7000039838B1FFE7049820B9FFE7039806F06C
:10BE80002FFBFFE700200590FFE7059806B080BD77
:10BE900080B590B00F90FFE740F2B830C3F21C407D
:10BEA000006838B1FFE740F2B830C3F21C400068C8
:10BEB0008047FFE7FFE740F6BC10C3F21C40026872
:10BEC00092F82D1041F0010182F82D100068D0F891
:10BED000180258B9FFE702F02FFC0D900D9820B121
:10BEE000FFE70D98FFF7C6FEFFE7FFE7FFF7E8FD66
:10BEF00003F0F6FAFFE7FFF73DFE0E900E98B0F163
:10BF0000FF3F01DCFFE7F6E70E981B2809D1FFE7AA
:10BF100040F6BC10C3F21C400168012081F82C00DF
:10BF2000E9E740F6BC10C3F21C40006890F82C0012
:10BF3000012826D1FFE70E985B2810D0FFE70E9866
:10BF400041280CD0FFE70E98422808D0FFE70E9852
:10BF5000432804D0FFE70E98442809D1FFE740F6B4
:10BF6000BC10C3F21C400168022081F82C00C2E71B
:10BF700040F6BC10C3F21C400168002081F82C0080
:10BF8000EFE040F6BC10C3F21C40006890F82C00B3
:10BF9000022840F0E580FFE740F6BC10C3F21C40E9
:10BFA0000168002081F82C000E9841283DD1FFE760
:10BFB00040F6BC10C3F21C400068C08D012809DBAC
:10BFC000FFE740F6BC10C3F21C400168C88D013881
:10BFD000C88507E040F6BC10C3F21C400168002091
:10BFE000C88588E740F6BC10C3F21C400990016880
:10BFF00001F5E170CA8D02EB820201EB02113231D0
:10C00000502203F025FC0998006800F5E170F4F770
:10C01000F1FD014609980268A2F814120268A2F81C
:10C020001612006807F048F965E70E9842284AD1D1
:10C03000FFE740F6BC10C3F21C400168C88D098EB2
:10C040000139884209DAFFE740F6BC10C3F21C4010
:10C050000168C88D0130C88512E040F6BC10C3F2FB
:10C060001C400068008E48B1FFE740F6BC10C3F2E8
:10C070001C400168088E0138C88500E03BE7FFE7F7
:10C0800040F6BC10C3F21C400890016801F5E17055
:10C09000CA8D02EB820201EB02113231502203F011
:10C0A000D7FB0898006800F5E170F4F7A3FD01469E
:10C0B00008980268A2F814120268A2F81612006822
:10C0C00007F0FAF817E70E9844281BD1FFE740F66F
:10C0D000BC10C3F21C400068B0F8160288B1FFE73C
:10C0E00045F25960C3F2194003F0FAF940F6BC106A
:10C0F000C3F21C400168B1F816020138A1F816021B
:10C10000FFE7F8E60E98432826D1FFE740F6BC107B
:10C11000C3F21C400168B1F81602B1F8141288424B
:10C1200019DAFFE740F6BC10C3F21C400790006824
:10C13000B0F81612084490F8C21145F2AC60C3F290
:10C14000194003F0CDF907980168B1F816020130E3
:10C15000A1F81602FFE7CEE6FFE7FFE7FFE7FFE7FC
:10C16000FFE7FFE70E9820B1FFE70E98FF2801D107
:10C17000FFE7C0E60E98092831D1FFE700200C90B8
:10C18000FFE70C9840F6BC11C3F21C410968B1F8F6
:10C19000161288420BDAFFE745F25960C3F21940E4
:10C1A00003F09EF9FFE70C9801300C90E9E740F6A8
:10C1B000BC10C3F21C400690006800F5E17007F067
:10C1C0005FF80698006800F5E170F4F713FD069932
:10C1D0000A68A2F814020968A1F816028BE60E9804
:10C1E0007F2804D0FFE70E98082878D1FFE740F6B3
:10C1F000BC10C3F21C400068B0F8160208B9FFE793
:10C2000079E640F6BC10C3F21C400268B2F8141282
:10C210000139A2F814120268B2F816120139A2F814
:10C2200016120168B1F81402B1F81612884243DD03
:10C23000FFE740F6BC10C3F21C4005900268B2F85C
:10C240001632D11801F5E17001F2C311B2F81422CF
:10C25000D21A03F06BFB05980168B1F814220A4466
:10C26000002182F8C2110068B0F81612084400F5E7
:10C27000E17145F25460C3F2194003F031F90598B9
:10C280000068B0F816020B90FFE70B9840F6BC115F
:10C29000C3F21C410968B1F8141288420BDCFFE7B5
:10C2A00045F25960C3F2194003F01AF9FFE70B9801
:10C2B00001300B90E9E711E045F25060C3F21940FC
:10C2C00003F00EF940F6BC10C3F21C400068B0F851
:10C2D00014120144002081F8C201FFE70BE6FFE7DA
:10C2E000FFE70E980D2804D0FFE70E980A2838D1F2
:10C2F000FFE740F6BC10C3F21C400490006806F053
:10C30000F3FF0498006890F82D00C00738B1FFE7EC
:10C3100045F2A820C3F2194003F0E2F8FFE740F627
:10C32000BC10C3F21C400290016801F5E170B1F845
:10C33000141201F083F9FFF7C3FB03F0D1F8029860
:10C34000006800F5E17000210391512203F042FBE7
:10C35000029903980A68A2F814020968A1F8160263
:10C36000C9E540F6BC10C3F21C400068B0F81402E6
:10C37000502809DBFFE740F6BC10C3F21C400168FF
:10C380000020A1F81402FFE740F6BC10C3F21C40E5
:10C390000168B1F81602B1F81412884260DAFFE7BA
:10C3A00040F6BC10C3F21C4001900268B2F81412AF
:10C3B0000131A2F814120268B2F81632D11801F253
:10C3C000C31001F5E171B2F81422D21A03F0AEFAEB
:10C3D00001980E990268B2F816321A4482F8C21116
:10C3E000006890F82D00C00778B3FFE740F6BC1056
:10C3F000C3F21C4000900068B0F81612084400F523
:10C40000E17145F23F70C3F2194003F069F80098FA
:10C410000068B0F8160201300A90FFE70A9840F66B
:10C42000BC11C3F21C410968B1F8141288420BDA3E
:10C43000FFE745F25960C3F2194003F051F8FFE7F6
:10C440000A9801300A90E9E7FFE740F6BC10C3F212
:10C450001C400168B1F816020130A1F8160229E06B
:10C460000E9940F6BC10C3F21C400268B2F81432B8
:10C470001A4482F8C211006890F82D00C00740B13C
:10C48000FFE70E9945F2AC60C3F2194003F028F8BB
:10C49000FFE740F6BC10C3F21C400268B2F8141269
:10C4A0000131A2F814120168B1F816020130A1F8A6
:10C4B0001602FFE700200E9040F6BC10C3F21C40AD
:10C4C0000068B0F8140250280CDBFFE740F6BC11FE
:10C4D000C3F21C410A680020A2F814020968A1F8FE
:10C4E0001602FFE707E5000080B584B002900298CD
:10C4F000FFF742F901900198002804D4FFE7019862
:10C50000102803DBFFE70020039008E0019944F2C4
:10C510002A40C3F2194000EB81000390FFE7039823
:10C5200004B080BD80B54EF62C50CEF200000068FD
:10C530008007002807D5FFE744F23250C3F21940C4
:10C5400002F0CEFFFFE74EF62C50CEF2000000685E
:10C55000400000281FD5FFE74EF62950CEF200001C
:10C56000007818B1FFE7FFF727F9FFE74EF62850EC
:10C57000CEF20000007818B1FFE700F05DFFFFE7A2
:10C580004EF62A50CEF20000008818B1FFE707F0FF
:10C59000A9FDFFE7FFE74EF62C50CEF20000006841
:10C5A000C00F38B1FFE744F24750C3F2194002F020
:10C5B00097FFFFE780BD000080B584B00390FFE7E0
:10C5C00000200290FFE70298032813D8FFE70299A2
:10C5D00040F21860C3F21C4050F82100019001980D
:10C5E00018B1FFE701988047FFE7FFE702980130A5
:10C5F0000290E8E702F0EEF8E2E7000080B598B0BC
:10C600000020089045F2D760C3F21940059012A8A7
:10C61000092109AA082300F019F912980438119089
:10C620000C200690069A059B45F26420C3F219403F
:10C63000114602F055FF069801F03EFB44F6B67035
:10C64000C3F2194002F04CFFFFE7089812A900F06E
:10C650001FF9089000200490FFE70498169988427B
:10C6600054DAFFE7049909A850F821001038039024
:10C670001198103005F00CFA17900398007B00F029
:10C680007F009DF85010884206D0FFE711981030C7
:10C69000179905F019FA35E011981030179905F03F
:10C6A00013FA0398029045F25350C3F219400790D1
:10C6B0000298007E1E2814DCFFE70298017E44F2F7
:10C6C000A420C3F2194050F8210050B1FFE70298AE
:10C6D000017E44F2A420C3F2194050F821000790D3
:10C6E000FFE70699029B079893F81EC06A46C2F8B6
:10C6F00004C0106045F22210C3F219400C2202F06F
:10C70000EFFEFFE7049801300490A6E7FFE70898E2
:10C7100008B12FF067C0002018B080BD80B59AB076
:10C7200000200A9045F23C60C3F21940089014A81A
:10C7300004210BAA082300F089F8149804381390F8
:10C740000C200990099A089B45F23510C3F2194054
:10C75000114602F0C5FE099801F0AEFA45F24E000E
:10C76000C3F2194002F0BCFEFFE70A9814A900F0DA
:10C770008FF80A9000200790FFE7079818998842E1
:10C780005CDAFFE707990BA850F8210010380690F3
:10C790001398103005F07CF919900698007B00F092
:10C7A0007F009DF85810884206D0FFE7139810309C
:10C7B000199905F089F93DE013981030199905F0A1
:10C7C00083F9069805900598183002F05FFF18BBB2
:10C7D000FFE70998029005980390016A04911830C8
:10C7E00002F086FF0299039B844604986A46C2F8C9
:10C7F00004C0106045F2B930C3F219400C2202F0B7
:10C800006FFE0598183005F0A3FA45F2A820C3F290
:10C81000194002F065FE0CE00999059B186A6A460A
:10C82000106045F26B00C3F219400C2202F058FE72
:10C83000FFE7FFE70798013007909EE7FFE70A98B8
:10C8400008B12FF06FC000201AB080BD80B586B04F
:10C8500005908DF81310039202939DF8130003F0D6
:10C8600067FD0190019804300090009805990860D8
:10C870009DF813000599087203980599486002987D
:10C880000599C86005990020086106B080BD0000C8
:10C8900080B58CB00A900991002008900999086130
:10C8A0000998C06820B1FFE70998007A18B9FFE736
:10C8B00000200B9059E0099800680590059804380D
:10C8C00003900A9828B9FFE7059806900120089080
:10C8D00002E00A980690FFE70398103005F0D8F8B8
:10C8E00007900898A8B9FFE70698103801900198BA
:10C8F000007B00F07F000999097A884208D0FFE7A1
:10C9000003981030079905F0DFF800200B902CE019
:10C91000FFE700200290099840680490FFE706981E
:10C920000068069006980599884203D1FFE7002029
:10C9300006900FE0029801300290069804990A1DB3
:10C940000492086002980999C968884201D1FFE7FA
:10C9500000E0E4E703981030079905F0B5F8029875
:10C960000999086106980B90FFE70B980CB080BD01
:10C9700080B5A0B00020109045F24860C3F2194085
:10C980000E901AA8052111AA0823FFF75FFF1A9835
:10C99000043819900C200F900F9A0E9B45F29B10B3
:10C9A000C3F21940114602F09BFD0F9801F084F983
:10C9B00045F20A00C3F2194002F092FDFFE7109819
:10C9C0001AA9FFF765FF109000200D90FFE70D9862
:10C9D0001E99884274DAFFE70D9911A850F82100DA
:10C9E00010380C901998103005F052F81F900C98E0
:10C9F000007B00F07F009DF87010884206D0FFE7B2
:10CA0000199810301F9905F05FF855E0199810300B
:10CA10001F9905F059F80C980B900B98183002F0FC
:10CA200035FE48BBFFE70F9808900B980990C18C22
:10CA30000A91818C0791183002F05AFEDDF81CC073
:10CA40000899099B86460A986A46C2F808E0C2F827
:10CA500004C0106045F2A330C3F219400C2202F06A
:10CA60003FFD0B98183005F073F945F2A820C3F28A
:10CA7000194002F035FD1EE00F9804900B980590C8
:10CA8000C18C0691818C0391183002F031FEDDF8E3
:10CA90000CC00499059B864606986A46C2F808E0D1
:10CAA000C2F804C0106045F2EE00C3F219400C2237
:10CAB00002F016FDFFE7FFE70D9801300D9086E7C5
:10CAC000FFE7109808B12FF087C0002020B080BD8C
:10CAD00010B59CB000200C9045F24750C3F21940AD
:10CAE0000A9016A80DAA08231946FFF7AFFE16985C
:10CAF000043815900C200B900B9A0A9B45F273108A
:10CB0000C3F21940114602F0EBFC0B9801F0D4F887
:10CB100045F20400C3F2194002F0E2FCFFE70C9872
:10CB200016A9FFF7B5FE0C9000200990FFE70998C1
:10CB30001A99884276DAFFE709990DA850F8210082
:10CB4000103808901598103004F0A2FF1B90089838
:10CB5000007B00F07F009DF86010884206D0FFE760
:10CB6000159810301B9904F0AFFF57E0159810305E
:10CB70001B9904F0A9FF08980790002006900798D9
:10CB8000006B0590FFE7059807993031884208D07F
:10CB9000FFE7069801300690FFE7059800680590CA
:10CBA000F1E70698012821DBFFE70B99079B186A3C
:10CBB000D3F828C0D3F82CE0069C6A46D460C2F8AB
:10CBC00008E0C2F804C0106045F28730C3F2194093
:10CBD0000C2202F085FC0798303005F0B9F845F2D8
:10CBE000A820C3F2194002F07BFC16E00B99079BCA
:10CBF000186AD3F828C0D3F82CE0069C6A46D460A3
:10CC0000C2F808E0C2F804C0106045F2D200C3F2D6
:10CC100019400C2202F064FCFFE7FFE7099801309D
:10CC2000099084E7FFE70C9808B12FF089C0002035
:10CC30001CB010BD80B59EB000200E9045F235505E
:10CC4000C3F219400C9018A806210FAA0823FFF779
:10CC5000FDFD1898043817900C200D900D9A0C9B30
:10CC600045F2BD10C3F21940114602F039FC0D988F
:10CC700001F022F844F6D870C3F2194002F030FCFB
:10CC8000FFE70E9818A9FFF703FE0E9000200B9007
:10CC9000FFE70B981C99884268DAFFE70B990FA809
:10CCA00050F8210010380A901798103004F0F0FE68
:10CCB0001D900A98007B00F07F009DF86810884264
:10CCC00006D0FFE7179810301D9904F0FDFE49E0EB
:10CCD000179810301D9904F0F7FE0A9809900998EA
:10CCE000183002F0D3FC18BBFFE70D9806900998A6
:10CCF0000790018D0891183002F0FAFC0699079B05
:10CD0000844608986A46C2F804C0106045F266304E
:10CD1000C3F219400C2202F0E3FB0998183005F029
:10CD200017F845F2A820C3F2194002F0D9FB18E029
:10CD30000D98039009980490018D0591183002F028
:10CD4000D7FC0399049B844605986A46C2F804C040
:10CD5000106045F2B100C3F219400C2202F0C0FB92
:10CD6000FFE7FFE70B9801300B9092E7FFE70E9883
:10CD700008B12FF07BC000201EB080BD10B5A6B05A
:10CD80000020169045F24260C3F21940149020A88A
:10CD9000032117AA0823FFF759FD209804381F9094
:10CDA0000C201590159A149B44F65970C3F2194043
:10CDB000114602F095FB159800F07EFF45F2260023
:10CDC000C3F2194002F08CFBFFE7169820A9FFF789
:10CDD0005FFD169000201390FFE713982499884276
:10CDE00080F2A280FFE7139917A850F821001038AD
:10CDF00012901F98103004F04BFE25901298007B83
:10CE000000F07F009DF88810884206D0FFE71F9849
:10CE10001030259904F058FE82E01F9810302599B3
:10CE200004F052FE129811901198183002F02EFC66
:10CE300000283FD1FFE715980F9011981090406A95
:10CE400030B9FFE745F21F30C3F219400E9003E0FE
:10CE50001198406A0E90FFE70E980C90119890F888
:10CE600021100D9190F822100B91183002F040FC27
:10CE7000DDF82CC00C9A0F99109BDDF834E00446C5
:10CE800068460461C0F80CE0C0F808C042600C229B
:10CE9000026045F2DE20C3F2194002F021FB119836
:10CEA000183004F055FF45F2A820C3F2194002F0F3
:10CEB00017FB34E01598099011980A90406A30B930
:10CEC000FFE745F21F30C3F21940089003E01198C4
:10CED000406A0890FFE708980690119890F8211092
:10CEE000079190F822100591183002F001FCDDF84E
:10CEF00014C0069A09990A9BDDF81CE004466846AE
:10CF00000461C0F80CE0C0F808C042600C22026066
:10CF100045F20410C3F2194002F0E2FAFFE7FFE71E
:10CF200013980130139058E7FFE7169808B12FF0D7
:10CF3000B5C0002026B010BD80B59EB000200E9078
:10CF400045F22B50C3F219400C9018A802210FAAE9
:10CF50000823FFF77BFC1898043817900C200D90DD
:10CF60000D9A0C9B45F25810C3F21940114602F07D
:10CF7000B7FA0D9800F0A0FE44F6EF70C3F2194026
:10CF800002F0AEFAFFE70E9818A9FFF781FC0E90A9
:10CF900000200B90FFE70B981C99884268DAFFE7A6
:10CFA0000B990FA850F8210010380A9017981030EC
:10CFB00004F06EFD1D900A98007B00F07F009DF844
:10CFC0006810884206D0FFE7179810301D9904F0CA
:10CFD0007BFD49E0179810301D9904F075FD0A9803
:10CFE00009900998183002F051FB18BBFFE70D9823
:10CFF000069009980790018C0891183002F078FB90
:10D000000699079B844608986A46C2F804C01060D7
:10D0100045F27730C3F219400C2202F061FA099808
:10D02000183004F095FE45F2A820C3F2194002F032
:10D0300057FA18E00D98039009980490018C059117
:10D04000183002F055FB0399049B844605986A4604
:10D05000C2F804C0106045F2C200C3F219400C22AD
:10D0600002F03EFAFFE7FFE70B9801300B9092E7E2
:10D07000FFE70E9808B12FF07BC000201EB080BDE6
:10D0800010B5A4B00020149046F65D20C3F21940FC
:10D0900013900A200890129005200A9011901EA863
:10D0A000012115AA0823FFF7D1FB1E9804381D9013
:10D0B0000C201090109A139B45F20C20C3F21940DB
:10D0C000114602F00DFA109800F0F6FD45F22630F8
:10D0D000C3F2194002F004FA45F21D30C3F21940C0
:10D0E000099002F0FDF9089800F0E6FD099802F0B9
:10D0F000F7F90A9800F0E0FD45F2A820C3F21940C4
:10D1000002F0EEF9FFE714981EA9FFF7C1FB149097
:10D1100000200F90FFE70F982299884280F2BD808F
:10D12000FFE70F9915A850F8210010380E901D98B0
:10D13000103004F0ADFC23900E98007B00F07F00CF
:10D140009DF88010884206D0FFE71D981030239983
:10D1500004F0BAFC9DE01D981030239904F0B4FC53
:10D160000E980D9010990D9B93F844006A4610603C
:10D1700045F2D220C3F219400C2202F0B1F90D9809
:10D1800090F8380000F007008DF833009DF8330068
:10D19000022807D1FFE745F2C920C3F2194002F087
:10D1A0009FF933E09DF833004007002807D5FFE7DB
:10D1B00045F2DA30C3F2194002F092F925E09DF809
:10D1C000330038B9FFE745F2B720C3F2194002F047
:10D1D00087F919E09DF83300012807D1FFE745F2F0
:10D1E000C020C3F2194002F07BF90CE09DF8330037
:10D1F000032807D1FFE745F23E50C3F2194002F081
:10D200006FF9FFE7FFE7FFE7FFE7FFE70D98406AE9
:10D210000B90FFE70B980078232804D1FFE70B98C9
:10D2200001300B90F6E70D99D1F818C04A6A8B6A65
:10D230000593C86AA2EB0C0C9C44CDF810C0DDF835
:10D240002CC0A2EB0C021A444FF0640C02FB0CF24F
:10D25000B2FBF3F20692096C079104F06DFC04999D
:10D26000059A069B864607980D9CEC46CCF808402C
:10D27000CCF804E0CCF8000045F25B50C3F2194052
:10D2800002F02EF945F28900C3F2194002F028F9A4
:10D29000FFE70F9801300F903DE7FFE7149808B1C2
:10D2A0002FF0CFC8002024B010BD000080B598B08A
:10D2B0000020089045F28250C3F21940069012A84F
:10D2C0000A2109AA0823FFF7C1FA1298043811901D
:10D2D0000C200790079A069B45F2DA10C3F219401A
:10D2E000114602F0FDF8079800F0E6FC44F688705D
:10D2F000C3F2194002F0F4F8FFE7089812A9FFF70B
:10D30000C7FA089000200590FFE705981699884213
:10D310005DDAFFE7059909A850F82100103804905C
:10D320001198103004F0B4FB17900498007B00F0C3
:10D330007F009DF85010884206D0FFE7119810300A
:10D34000179904F0C1FB3EE011981030179904F0D2
:10D35000BBFB049803900799039B986AD3F82CC0F1
:10D360006A46C2F804C0106045F20930C3F21940A1
:10D370000C2202F0B5F80398407BC00738B1FFE7F4
:10D3800045F2AA20C3F2194002F0AAF806E045F2DD
:10D39000FC20C3F2194002F0A3F8FFE70398407B9A
:10D3A0008007002807D5FFE745F2A700C3F2194020
:10D3B00002F096F806E045F28B20C3F2194002F025
:10D3C0008FF8FFE7FFE70598013005909DE7FFE73D
:10D3D000089808B12FF06FC805F074F9014645F2BE
:10D3E0009520C3F2194002F07BF8002018B080BDF0
:10D3F00080B584B000210391602003F0DDF8FFE7E1
:10D4000060200190012103F01BF94FF4FA700290A3
:10D4100005F000F80198002103F012F9029804F0D9
:10D42000F9FFEDE780B582B0019001F06BF9FFF7ED
:10D43000DFFF02B080BD000080B582B044F2E5405D
:10D44000C3F2194002F04CF84EF62850CEF200001C
:10D450000190017844F2B160C3F2194002F040F843
:10D4600001980078C00738B1FFE744F24A60C3F280
:10D47000194002F035F8FFE74EF62850CEF20000D2
:10D4800000788007002807D5FFE744F24060C3F228
:10D49000194002F025F8FFE74EF62850CEF20000C2
:10D4A00000780007002807D5FFE744F26E60C3F25A
:10D4B000194002F015F8FFE74EF62850CEF20000B2
:10D4C0000078C006002807D5FFE744F26560C3F284
:10D4D000194002F005F8FFE74EF62850CEF20000A2
:10D4E0000078000600280CD5FFE74EF63450CEF247
:10D4F0000000016844F22250C3F2194001F0F0FF2D
:10D5000006E045F2A820C3F2194001F0E9FFFFE769
:10D5100002B080BD80B588B00790002005900490CF
:10D520000798007828B9FFE70021084600F092F933
:10D530004DE040F25440C3F21C4000680290FFE707
:10D54000029840F25841C3F21C410968884234D223
:10D55000FFE70298006803900798019003990091F3
:10D56000F3F748FB009902460198F3F762FBF8B91C
:10D57000FFE7059838B9FFE7039804900498F3F79C
:10D5800039FB0590FFE70498039906F0D5FC069057
:10D5900006980599884203DAFFE706980590FFE7A9
:10D5A000039946F27D10C3F2194001F099FFFFE79D
:10D5B000FFE7029810300290C2E7049830B1FFE70D
:10D5C00007980499059A04F005FBFFE7FFE708B008
:10D5D00080BD000080B586B0059004910392039849
:10D5E000029000200190FFE7059900200229009099
:10D5F0000CDBFFE702990020009039B1FFE70298A9
:10D60000006800285FEA0F900090FFE70098C007CD
:10D6100088B1FFE70298406804994968F3F7A8FBCE
:10D6200020B9FFE702980068019004E0FFE7029844
:10D630000C300290D8E7019806B080BD80B588B064
:10D640000690059100200490FFE7059900200290C4
:10D6500089B1FFE70698017801202029019007D0C1
:10D66000FFE70698007809285FEA1F900190FFE71E
:10D6700001980290FFE70298C00738B1FFE70698CB
:10D6800001300690059801380590DEE7059818B935
:10D69000FFE7002007903EE00698059904AAFCF7F2
:10D6A00077FB88B9FFE70498B0F1FF3F09DCFFE79B
:10D6B0000699049A45F24770C3F2194001F010FF31
:10D6C000FFE70498079026E006980390FFE7039889
:10D6D000017800202029009007D0FFE70398007808
:10D6E00000285FEA0F900090FFE70098C00720B184
:10D6F000FFE7039801300390E9E7039900200870E1
:10D70000069945F25F70C3F2194001F0E9FE4FF04F
:10D71000FF300790FFE7079808B080BD84B0039002
:10D7200002910020019003980090FFE70098007894
:10D73000D0B1FFE700980078202811D1FFE70098CA
:10D74000407868B1FFE700984078202808D0FFE7CC
:10D750000098013002990860019801300190FFE7BC
:10D76000009801300090E1E7019804B07047000094
:10D7700080B584B0039002910020009040F25440A4
:10D78000C3F21C4000680190FFE7019840F2584145
:10D79000C3F21C410968884217D2FFE7019800686C
:10D7A0000399029AF3F745FA50B9FFE70198006828
:10D7B0000299405C20B9FFE70198C068009004E03E
:10D7C000FFE7019810300190DFE7009804B080BDBA
:10D7D00080B586B005900020039005982021F3F7CE
:10D7E000AFF90290029828B1FFE702980599401A14
:10D7F000019004E00598F3F7FDF90190FFE740F28E
:10D800005440C3F21C4000680490FFE7049840F2C3
:10D810005841C3F21C410968884217D2FFE70498B7
:10D8200000680599019AF3F704FA50B9FFE70498E4
:10D8300000680199405C20B9FFE704988068039074
:10D8400004E0FFE7049810300490DFE7039806B087
:10D8500080BD000080B584B00390029145F29570C0
:10D86000C3F2194001F03CFE40F25440C3F21C40A8
:10D8700000680190FFE7019840F25841C3F21C4153
:10D88000096888420ED2FFE701980168426845F2B4
:10D89000F070C3F2194001F023FEFFE70198103049
:10D8A0000190E8E745F2A820C3F2194001F018FE04
:10D8B000002004B080BD000080B582B000900098C8
:10D8C00020B1FFE70098007818B9FFE70020019029
:10D8D00026E0009800782B2805D0FFE70098007814
:10D8E0002D2804D1FFE7009801300090FFE7FFE703
:10D8F0000098007888B1FFE7F3F75CF800680099BA
:10D900000978405C202803D0FFE70020019007E061
:10D91000FFE7009801300090EAE701200190FFE75F
:10D92000019802B080BD000080B588B0079000204B
:10D9300005900490079805A9FFF7F0FE0690069859
:10D9400028B1FFE70798FFF743FF04901AE0079814
:10D950000390F3F74FF901460398FFF709FF80B9E9
:10D96000FFE707980290F3F745F90299084410F889
:10D97000010C202805D1FFE70798FFF729FF049045
:10D98000FFE7FFE70498B8B1FFE70498006898B193
:10D99000FFE70698019020B1FFE70198012804D025
:10D9A00008E0049800F05EF805E00598049900F09E
:10D9B00005F800E0FFE7FFE708B080BD80B588B05C
:10D9C0000790069106980590002004900390079810
:10D9D000F3F710F9019006980590FFE705980068A5
:10D9E00078B3FFE7059840680799019AF3F721F9A2
:10D9F00010BBFFE7039840B9FFE705984068049023
:10DA00000498F3F7F7F80390FFE70498059949683D
:10DA100006F092FA029002980399884203DAFFE72F
:10DA200002980390FFE70598416846F27D10C3F223
:10DA3000194001F055FDFFE7FFE705980C30059010
:10DA4000CCE745F2A820C3F2194001F049FD049843
:10DA500030B1FFE707980499039AF3F75CF9FFE701
:10DA600008B080BD80B582B0019001980090FFE7BA
:10DA70000098006870B1FFE700984168826845F23D
:10DA8000F070C3F2194001F02BFDFFE700980C3055
:10DA90000090EDE745F2A820C3F2194001F020FD07
:10DAA00002B080BD80B584B0039003980290FFE778
:10DAB00002990020019039B1FFE702980068002820
:10DAC0005FEA0F900190FFE70198C00770B1FFE790
:10DAD00002984168826845F2EC70C3F2194001F087
:10DAE000FFFCFFE702980C300290E1E704B080BD34
:10DAF00080B58AB009900891079209980690002095
:10DB000005900490FFE705980899884280F0D1803D
:10DB1000FFE7FFE706980078202807D0FFE7069880
:10DB2000017800200929029007D1FFE7059808999C
:10DB300088425FEA2F900290FFE70298C00750B139
:10DB4000FFE70699002008700698013006900598B6
:10DB500001300590DEE704980A2824D3FFE745F258
:10DB60007770C3F2194001F0BBFC00200390FFE77F
:10DB70000398049988420FD2FFE70798039950F859
:10DB8000211045F2FC70C3F2194001F0A9FCFFE737
:10DB9000039801300390EBE745F2A820C3F2194047
:10DBA00001F09EFC85E005980899884201D3FFE7C3
:10DBB0007FE00698007822284AD1FFE706980130D6
:10DBC000069005980130059006980799049A41F847
:10DBD0002200049801300490FFE7069801780020A5
:10DBE0002229019007D0FFE70598089988425FEA4B
:10DBF0002F900190FFE70198C007C8B1FFE7069892
:10DC000000785C280DD1FFE706984078222807D1DC
:10DC1000FFE7069801300690059801300590FFE770
:10DC2000FFE7069801300690059801300590D4E78B
:10DC300005980899884201D3FFE73AE00699002049
:10DC400008700698013006900598013005902FE085
:10DC500006980799049A41F822000498013004902C
:10DC6000FFE7069801780020202900900ED0FFE7FA
:10DC70000698017800200929009007D0FFE7059851
:10DC8000089988425FEA2F900090FFE70098C0074C
:10DC900038B1FFE7069801300690059801300590ED
:10DCA000DFE705980899884201D3FFE701E0FFE725
:10DCB00029E704980AB080BD80B582B00190FFE7E3
:10DCC0000198411E019138B1FFE745F26430C3F27B
:10DCD000194001F005FCF3E702B080BD80B584B0C7
:10DCE0000390029102980399C96A88420CD2FFE717
:10DCF00046F22F70C3F2194046F28871C3F21941FF
:10DD00007C2200F08DFAFFE702980399096B8842A4
:10DD10000CD3FFE746F2E450C3F2194046F2887193
:10DD2000C3F219417D2200F07BFAFFE70398C06A35
:10DD3000029949680844019002980199884225D0C7
:10DD4000FFE701980078C00700BBFFE7019803993F
:10DD5000096B88421AD0FFE70398406B019988420B
:10DD600004D1FFE7029803994863FFE70199002077
:10DD70000860019840680299486002980399C96A4E
:10DD8000401A019A526811448860FFE70398C06AFC
:10DD900002998968084400900098029988421FD02F
:10DDA000FFE700980078C007D0B9FFE70398406B01
:10DDB0000299884204D1FFE7009803994863FFE77E
:10DDC0000299002008600298406800994860009815
:10DDD0000399C96A401A029A526811448860FFE7A1
:10DDE00004B080BD80B596B0DDF86CC0DDF868C0C9
:10DDF000DDF864C0DDF860C01590149113921293A1
:10DE0000002004908DF847008DF8460010900F9088
:10DE10000E900D900C900B900A9009901A99089111
:10DE2000079006900590199805901B98420644F2B9
:10DE30006A41C3F2194144F27B40C3F21940002AFF
:10DE400048BF084607909DF86C00C006002805D51D
:10DE5000FFE71B9820F001001B90FFE71B98C1070C
:10DE60002020002918BF30208DF8470000208DF8B1
:10DE700046009DF86C008007002856D5FFE71898EB
:10DE8000039040B3FFE703984C2817D0FFE70398AF
:10DE9000682804D0FFE703986C280FD01CE0BDF978
:10DEA0004C00B0F1FF3F08DCFFE72D208DF8460065
:10DEB0001398404280B21390FFE71AE01398B0F134
:10DEC000FF3F07DCFFE72D208DF846001398404206
:10DED0001390FFE70DE0FFE71398B0F1FF3F07DC79
:10DEE000FFE72D208DF84600139840421390FFE77E
:10DEF000FFE79DF846002D2816D0FFE79DF86C003F
:10DF00004007002804D5FFE72B208DF846000AE0E3
:10DF10009DF86C000007002804D5FFE720208DF84D
:10DF20004600FFE7FFE7FFE7FFE79DF86C0080068C
:10DF3000002816D5FFE71298022804D0FFE71298B0
:10DF4000102804D1FFE705980238059008E01298E0
:10DF5000082804D1FFE7059801380590FFE7FFE79F
:10DF6000FFE700200690139838B9FFE7069A501C87
:10DF7000069009A93020885413E0FFE7139878B180
:10DF8000FFE707980290129913A8FDF785FD014657
:10DF90000298405C069A511C069109A98854EDE745
:10DFA000FFE706981A99884203DDFFE706981A9062
:10DFB000FFE71A990598401A05909DF86C0010F03B
:10DFC000110F21D1FFE79DF8460040B1FFE705980A
:10DFD000012804DBFFE7059801380590FFE7FFE71C
:10DFE0000598411E059101280DDBFFE7159814994E
:10DFF000884204D2FFE7159920200870FFE71598A2
:10E0000001301590ECE7FFE79DF8460088B1FFE787
:10E0100015981499884205D2FFE79DF84600159996
:10E020000870FFE7059801380590159801301590A4
:10E03000FFE79DF86C008006002853D5FFE7129893
:10E04000022819D1FFE715981499884204D2FFE7F6
:10E05000159930200870FFE7159801301590159834
:10E060001499884204D2FFE7159962200870FFE7EF
:10E0700015980130159034E0129808280DD1FFE76B
:10E0800015981499884204D2FFE71599302008703A
:10E09000FFE715980130159022E0129810281ED144
:10E0A000FFE715981499884204D2FFE715993020AC
:10E0B0000870FFE71598013015901598149988425B
:10E0C00009D2FFE71B9841067820002948BF582055
:10E0D00015990870FFE7159801301590FFE7FFE7E5
:10E0E000FFE7FFE79DF86C00C006002816D4FFE7A5
:10E0F000FFE70598411E059101280EDBFFE7159803
:10E100001499884205D2FFE79DF8470015990870D9
:10E11000FFE7159801301590EBE7FFE7FFE706985A
:10E120001A994A1E1A9288420DDAFFE71598149937
:10E13000884204D2FFE7159930200870FFE7159850
:10E1400001301590EBE7FFE70699481E0690002086
:10E150000129019006DBFFE7089800285FEA0F908D
:10E160000190FFE70198C00778B1FFE7159814996F
:10E17000884206D2FFE7069909A8405C1599087005
:10E18000FFE7159801301590DEE7FFE70598411E7F
:10E19000059101280DDBFFE715981499884204D2F8
:10E1A000FFE7159920200870FFE7159801301590BA
:10E1B000ECE7159816B080BD80B582B08DF80700E9
:10E1C000009100F075FE02B080BD000080B584B003
:10E1D0006946142048600A20086045F66500C3F2CD
:10E1E00019404DF22541C3F2184100224FF400635B
:10E1F00003F03EFF0390039860B9FFE745F6560031
:10E20000C3F2194045F66A01C3F21941D82200F061
:10E2100007F8FFE7039804F063F904B080BD00003D
:10E2200080B584B003900291019200208DF8030024
:10E2300040F2CC70C3F21C40006890B9FFE703992C
:10E24000029A019B45F6C870C3F2194001F048F9E3
:10E2500000F014F8FFE79DF8030008B9FFE7FAE7BC
:10E2600009E040F2CC70C3F21C40036803980299A5
:10E27000019A9847FFE704B080BD000080B56F4663
:10E2800086B004F027F90290FFE738460390FFE7D5
:10E290000C48019001980490FFE7039820B9FFE72C
:10E2A0006FF0040005900AE0029803A9009100F0C5
:10E2B000BFFD0099029800F007F80590FFE7059868
:10E2C00006B080BD90E2183480B584B0039002910E
:10E2D0000020019046F2B400C3F2194001F000F9A9
:10E2E000FFE701981F2813DCFFE70298416846F218
:10E2F0000840C3F2194001F0F3F80398029900F0C6
:10E3000097FD08B1FFE703E0019801300190E8E7CD
:10E3100045F2A820C3F2194001F0E2F8002004B051
:10E3200080BD000080B584B00390039878B1FFE70A
:10E330000398694600F05CFD0290029830B9FFE74F
:10E3400003986946FFF7C0FF0290FFE703E06FF014
:10E3500004000290FFE7029804B080BD80B584B04D
:10E360000390029103980299484301F049FA019001
:10E37000019840B1FFE701980399029A4A430021AE
:10E3800001F028FBFFE7019804B080BD80B582B0A2
:10E39000019001984FF0FF3100F040F902B080BDCC
:10E3A00080B582B00190019860B9FFE744F678101B
:10E3B000C3F2194044F6F111C3F219412A22FFF7C2
:10E3C0002FFFFFE701990020086002B080BD000028
:10E3D00080B582B00190009101980099022200F06E
:10E3E00003F802B080BD000080B58EB00D900C9196
:10E3F0000B920D9860B9FFE744F67810C3F219400C
:10E4000044F6D811C3F219414722FFF709FFFFE78D
:10E41000FFE70C9800284DD0FFE700F0D1F9A0B13C
:10E42000FFE744F60610C3F2194044F6D811C3F2D0
:10E430001941059101F054F8059945F62D00C3F2F4
:10E4400019404A22FFF7ECFEFFE7FFE704F042F82D
:10E45000A0B9FFE744F63010C3F2194044F6D811D2
:10E46000C3F21941049101F03BF8049945F62D00DF
:10E47000C3F219404A22FFF7D3FEFFE7FFE701F09E
:10E4800001F8A0B1FFE744F6DF00C3F2194044F6FB
:10E49000D811C3F21941039101F022F8039945F60E
:10E4A0002D00C3F219404A22FFF7BAFEFFE7FFE74B
:10E4B000FFE7FFE7FFE700200A9004F00BF8089061
:10E4C00040F29C30C3F21C4003F0E2FA0990FFE7EF
:10E4D0000D98006800F00100012800F09180FFE72E
:10E4E0000D980068400860B1FFE744F68E10C3F253
:10E4F000194044F6D811C3F219415522FFF790FE96
:10E50000FFE70C9820B9FFE76FF074000A907BE0FA
:10E5100008990020C86208980B9904F0B5F80A9091
:10E520000A9800286AD1FFE7089820F001000790B8
:10E5300007980D990860FFE700F0A4FFA0B1FFE77E
:10E5400044F6DF00C3F2194044F6D811C3F2194172
:10E55000029100F0C5FF029945F62D00C3F2194063
:10E560006A22FFF75DFEFFE7FFE70C9801280DDB4D
:10E57000FFE70C98069008984C30002106AA04F09A
:10E58000F9F808984C3004F03BFAFFE7099940F29B
:10E590009C30C3F21C40019003F096FA02F070FA2E
:10E5A000019803F075FA09900D9800680799884260
:10E5B00003D0FFE700200C908AE70898C06A0A9011
:10E5C0000A98012804DBFFE70A984042009002E025
:10E5D0000A980090FFE700980A900A9860B9FFE750
:10E5E00044F66710C3F2194044F6D811C3F219413A
:10E5F0008922FFF715FEFFE7FFE7FFE7FFE7FFE7E9
:10E600000D9900200860FFE7099940F29C30C3F2A1
:10E610001C4003F059FA0A980EB080BD80B586B050
:10E6200004900391049860B9FFE744F67810C3F2B0
:10E63000194044F6BA11C3F21941BE22FFF7F0FDAA
:10E64000FFE740F29C30C3F21C4003F021FA029035
:10E6500004980078C00758B1FFE7029940F29C3057
:10E66000C3F21C4003F030FA6FF0160005902CE066
:10E670000498006820F0010000900098A0B1FFE726
:10E680000398002804D4FFE703980099C862FFE7C5
:10E69000009803F0CBFE0190019820B1FFE76FF0E6
:10E6A00043000190FFE703E06FF043000190FFE7B4
:10E6B000049901200860029940F29C30C3F21C408A
:10E6C00003F002FA01980590FFE7059806B080BDB7
:10E6D00080B582B046F62070C3F219400190FFE782
:10E6E000019846F62471C3F21941884208D2FFE727
:10E6F000019800688047FFE7019804300190EFE738
:10E7000002B080BD80B582B046F62470C3F21940D5
:10E710000190FFE7019846F62C71C3F21941884237
:10E7200008D2FFE7019800688047FFE701980430AE
:10E730000190EFE702B080BD40F2A430C3F21C406C
:10E740000068704780B584B0039040F2A430C3F2F3
:10E750001C4000680290039800F0C0F801900198F6
:10E76000B8B1FFE701980299884212D0FFE70298FA
:10E7700020B1FFE7029800F05BF8FFE70198432122
:10E7800000F0B6F8019840F2A431C3F21C410860D1
:10E79000FFE7029804B080BD81B00090009A40F27B
:10E7A000A831C3F21C410020002A08BF084601B06E
:10E7B0007047000040F2A830C3F21C4070470000D0
:10E7C00080B540F69000C3F21C4000F0E9FA80B238
:10E7D00080BD000080B584B0FFE703F099FC039092
:10E7E000039808B9FFE721E00398C06F01900398F0
:10E7F00001F090FE02900298012804D1FFE70398EF
:10E8000001F09EFCFFE7019820B1FFE70199039812
:10E810008847FFE7029840B9FFE70398406A00F095
:10E8200085FA039801F02AFCFFE7D6E704B080BD23
:10E8300080B584B0029000200190029868B9FFE78B
:10E8400044F26B70C3F2194044F2FB71C3F21941F8
:10E8500040F22912FFF7E4FCFFE7029801F09CFD6B
:10E8600009280DD0FFE744F2C070C3F2194044F20A
:10E87000FB71C3F219414FF49572FFF7D1FCFFE72A
:10E880000298807F20B9FFE76FF0FE00039021E03F
:10E890000299887F013888770298807F18B1FFE756
:10E8A0000020039016E00298006B28B1FFE7029861
:10E8B000016B88470190FFE7019820B1FFE70198BD
:10E8C0002D3020B9FFE7029900208883FFE70198E7
:10E8D0000390FFE7039804B080BD000080B582B0CC
:10E8E00001900198092101F077FC02B080BD000081
:10E8F00080B584B00290ADF8061000200090029818
:10E9000060B9FFE744F26B70C3F2194044F69A0114
:10E91000C3F21941E322FFF783FCFFE7029801F0FD
:10E920003BFD09280CD0FFE744F2C070C3F2194048
:10E9300044F69A01C3F21941E422FFF771FCFFE7A4
:10E940000298408BC00600282CD4FFE70298806A0A
:10E9500010B3FFE70298816A884700900098D0B111
:10E96000FFE7FFE744F2E360C3F2194000F0B8FDAF
:10E97000029A009B44F27A70C3F219400C2100F015
:10E98000AFFD44F2DD60C3F2194000F0A9FDFFE7DE
:10E990000098039062E0FFE70299488B40F0100076
:10E9A0004883FFE70298408B000700280AD5FFE75D
:10E9B0000298808B0007002804D5FFE76FF016004F
:10E9C00003904BE00298808B000700280DD5FFE7ED
:10E9D0000298808B40F60F721040BDF8061041F08F
:10E9E00008011140884214D0FFE70298C06A38B18C
:10E9F000FFE70298C26ABDF806109047009007E052
:10EA0000BDF8060040F60F71084002998883FFE7C1
:10EA1000FFE7009820B1FFE700982D30D8B9FFE755
:10EA20000299888B40F0080088830299887F013022
:10EA300088770298807F68B9FFE744F22370C3F2B9
:10EA4000194044F69A01C3F219414FF48B72FFF753
:10EA5000E7FBFFE7FFE700980390FFE7039804B0A8
:10EA600080BD000080B584B003900291019240F215
:10EA7000CC30C3F21C4019210176002100910162C3
:10EA800041628162C16201634AF21531C3F21841E9
:10EA900041634AF27931C3F2184181634AF2B921E4
:10EAA000C3F21841C16302998164019941640399D9
:10EAB000032200F04FF8009804B080BD80B586B006
:10EAC0000490039102920193049868B9FFE744F21D
:10EAD0006B70C3F2194044F2B171C3F2194140F2B4
:10EAE0005712FFF79DFBFFE7049801F055FC09283A
:10EAF0000DD0FFE744F2C070C3F2194044F2B17187
:10EB0000C3F219414FF4AC72FFF78AFBFFE7049898
:10EB1000807F38B9FFE76FF0FE0002F0A7FC00200D
:10EB2000059013E00498406B48B1FFE70498D0F8D3
:10EB300034C00399029A019BE047059006E06FF00C
:10EB40002C0002F093FC00200590FFE7059806B02A
:10EB500080BD000080B584B002900191ADF8022024
:10EB6000029820B9FFE76FF0FE00039018E00198CB
:10EB7000FFF7B4FE20B1FFE76FF0FE0003900FE057
:10EB80000298019A092101F021FCBDF802000299C6
:10EB90004883029900208877029988830390FFE7D1
:10EBA000039804B080BD000080B582B00190009150
:10EBB000019868B9FFE744F26B70C3F2194044F65C
:10EBC0000B01C3F219414FF4E172FFF729FBFFE794
:10EBD000019801F0E1FB09280DD0FFE744F2C07075
:10EBE000C3F2194044F60B01C3F2194140F2C312BB
:10EBF000FFF716FBFFE7009801990862002002B0BA
:10EC000080BD000080B586B004900391029201930C
:10EC1000049868B9FFE744F26B70C3F2194044F6F8
:10EC20003F01C3F219414FF4C172FFF7F9FAFFE750
:10EC3000049801F0B1FB09280DD0FFE744F2C07041
:10EC4000C3F2194044F63F01C3F2194140F2831266
:10EC5000FFF7E6FAFFE70498807F38B9FFE76FF027
:10EC6000FE0002F003FC0020059013E00498806B86
:10EC700048B1FFE70498D0F838C00399029A019B85
:10EC8000E047059006E06FF02C0002F0EFFB00205B
:10EC90000590FFE7059806B080BD000080B582B002
:10ECA00040F69000C3F21C40012100F063F80130EF
:10ECB0000190019802B080BD80B582B0F1F7D6FD19
:10ECC000019040F69000C3F21C40016801390160D8
:10ECD000006800281CDCFFE740F69001C3F21C41ED
:10ECE000002008600198F1F7C5FD40F68800C3F2E6
:10ECF0001C4090F90000012809D1FFE740F6880187
:10ED0000C3F21C410020087001F0BAFEFFE703E0E7
:10ED10000198F1F7AFFDFFE702B080BD80B582B08A
:10ED20000190FFF7C9FF02B080BD000080B582B03E
:10ED30000190FFE740F2D870C3F21C40006840B178
:10ED4000FFE740F2D870C3F21C40016801A8884771
:10ED5000FFE7FFE7019808B9FFE709E0FAF78EFF40
:10ED60000090019802F034FD0098FAF7ABFFFFE73E
:10ED700002B080BD83B002900191FFE7029850E895
:10ED8000000F0090FFE7009801990144029A42E8C1
:10ED9000001008B12FF00FC0009803B070470000BA
:10EDA00082B00190FFE7019850E8000F0090FFE764
:10EDB0000099019A42E8001008B12FF00DC00098A8
:10EDC00002B0704783B002900191FFE7029850E8CB
:10EDD000000F0090FFE700980199411A029A42E85B
:10EDE000001008B12FF00FC0009803B0704700006A
:10EDF00080B582B001900091FFE746F28110C3F226
:10EE0000194000F06DFB46F25F30C3F2194046F244
:10EE1000EE31C3F2194100F063FB44F2DD60C3F24E
:10EE2000194000F05DFBFFE76FF02C0002B080BDE1
:10EE300080B582B001900091FFE746F28110C3F2E5
:10EE4000194000F04DFB46F25F30C3F2194046F224
:10EE50007531C3F2194100F043FB44F2DD60C3F2A7
:10EE6000194000F03DFBFFE76FF02C0002B080BDC1
:10EE700080B5F2F719FFF9F771FD40F6D820C3F21B
:10EE80001C400021C3F2204102F094FF00F0E2F8A0
:10EE900000F074FA44F68E60C3F21940FFF752FC9A
:10EEA000FFF716FC80BD000081B0009001B07047F4
:10EEB0004EF60C51CEF200010420C0F2FA50086068
:10EEC0007047000080B584B003900398283002900A
:10EED00003980430019040F2D470C3F21C400068E3
:10EEE00070B1FFE740F2D470C3F21C400168029891
:10EEF00088470090009810B9FFE704B080BDFFE795
:10EF00000198016C44F21760C3F2194000F0E8FA6E
:10EF10000198416A44F25450C3F2194000F0E0FAFB
:10EF20000198816A44F26E50C3F2194000F0D8FA99
:10EF30000198C16A44F28850C3F2194000F0D0FA37
:10EF40000198016B44F2A250C3F2194000F0C8FAD4
:10EF50000198416844F2AF50C3F2194000F0C0FA82
:10EF60000198816844F2BC50C3F2194000F0B8FA2D
:10EF70000198C16844F2C950C3F2194000F0B0FAD8
:10EF80000198016944F2D650C3F2194000F0A8FA82
:10EF90000198416944F2E350C3F2194000F0A0FA2D
:10EFA0000198816944F2F050C3F2194000F098FAD8
:10EFB0000198C16944F26150C3F2194000F090FA1F
:10EFC0000198016A44F27B50C3F2194000F088FABC
:10EFD0000198416B44F29550C3F2194000F080FA59
:10EFE0000198816B44F20A60C3F2194000F078FA8C
:10EFF0000198C16B44F2FD50C3F2194000F070FA61
:10F0000003980078400700280CD5FFE703F062FA68
:10F01000014644F2BA40C3F2194000F061FAFEF72B
:10F020002FF806E044F2A040C3F2194000F058FA6D
:10F03000FFE703980078C006002807D4FFE744F2F2
:10F04000D740C3F2194000F04BFAFFE7FDF76AFA28
:10F05000FFE7FEE780B50120F4F7ECFF0220F4F7AC
:10F06000E9FF0420F4F7E6FF0820F4F7E3FF10209F
:10F07000F4F7E0FF2020F4F7DDFF4020F4F7DAFF9B
:10F080008020F4F7D7FF4FF40050F4F7D3FF4FF48C
:10F090008040F4F7CFFF4FF40040F4F7CBFF44F685
:10F0A0008A60C3F2194044F26421C3F2194100227C
:10F0B000FFF7D8FC80BD000080B58AB009900891A8
:10F0C0009DF8200001460291012805D0FFE7029833
:10F0D000022800F08D8092E04FF0FF3007900998F1
:10F0E000406D0590059868B9FFE744F67250C3F289
:10F0F000194044F60C61C3F2194140F29352FFF7F4
:10F100008FF8FFE7FFE70998816CC9688847079087
:10F110000798013008B9FFE734E009985C3002F045
:10F12000B7FC06900798059A11689288885405994B
:10F1300088880130888005988088099991F8532043
:10F14000B1F8511041EA0241C1F38F01884204DB5A
:10F15000FFE7059900208880FFE705998888C9881E
:10F16000884209D1FFE705998888C8800599012060
:10F170008860FBF7D7FCFFE709985C30069902F03E
:10F18000A3FCC0E70998006A88B3FFE709985C30E0
:10F1900002F07EFC069005998888C988884206DBC3
:10F1A000FFE705998888C988401A01900FE00998FF
:10F1B00090F85310B0F8510040EA014081080598DA
:10F1C000C2888088801A10FA81F00190FFE70198C8
:10F1D000049009985C30069902F076FC049828B1F6
:10F1E000FFE70998026A04999047FFE7FFE706E006
:10F1F0000998806D03900398FFF7C8F8FFE70AB0FD
:10F2000080BD000080B586B0059004910392029302
:10F21000059868B9FFE744F66050C3F2194044F618
:10F22000F651C3F2194140F26152FEF7F9FFFFE7D0
:10F2300005985C3002F028FC0598009000990020A9
:10F2400008760099086200994862009941F2ED0041
:10F25000C3F219408862009941F25110C3F219407B
:10F26000C862009940F6CD60C3F219400863009966
:10F2700041F29530C3F219404863009941F20140D0
:10F28000C3F219408863009940F6DD70C3F219405B
:10F29000C86302980099486400980499BDF80C204E
:10F2A000FFF758FC0190019806B080BD87B006902A
:10F2B000059104920393049804300190019820F082
:10F2C00007000190019844380190019802900020B5
:10F2D0000090FFE7009810280DD8FFE70299009AE8
:10F2E0004BF6EF60CDF6AD6041F82200FFE70098E5
:10F2F00001300090EEE705980299486202990020DB
:10F3000088620299C8620299086302994863039966
:10F31000029A91630699029AD163029A4FF0807122
:10F32000116402990860019807B0704780B5F9F739
:10F3300093FB40F20800C3F21C40006844F6D3512E
:10F34000C1F26201A0FB01108009F4F717FA4FF037
:10F35000FF30FF21FAF7D2FB40F21C10C3F21C4031
:10F3600001210160006838B9FFE740F21C11C3F2C7
:10F370001C4101200860FFE780BD000080B586B019
:10F380000820C0F2010005904FF4E1300490002005
:10F390000190039004F08EFD01980290FFE702981F
:10F3A000002851D1FFE7029800EB800240F21031B3
:10F3B000C3F21C4101EB820100EB001240F6C410C5
:10F3C000C3F21C4000EB0212C2F89410029901EB48
:10F3D000011100EB011244F28C41C3F21941C2F851
:10F3E000EC10029901EB011100EB01120499059B4D
:10F3F000C2F8F430C2F8F010029901EB011100EBF1
:10F40000011202F1A400D2F894100968B2F8A02009
:10F4100040F203531A430023FFF7F4FE03900398CE
:10F4200068B1FFE744F69460C3F2194044F61371E3
:10F43000C3F2194140F20452FEF7F2FEFFE7FFE784
:10F44000029801300290AAE7039806B080BD000040
:10F4500080B540F2E870C3F21C400121FFF78AFC3E
:10F46000FFE740F2DC70C3F21C40006838B1FFE7F0
:10F4700040F2DC70C3F21C4000688047FFE7FFE702
:10F4800080BD000080B582B0F1F7F0F9009040F245
:10F49000E870C3F21C40FFF783FC8DF8070000986A
:10F4A000F1F7E8F99DF8070002B080BD80B5FFE7ED
:10F4B00040F2E470C3F21C40006838B1FFE740F24C
:10F4C000E470C3F21C4000688047FFE7FFE740F2AA
:10F4D000E870C3F21C400121FFF774FC80BD0000FE
:10F4E00083B080B583B00793069205910290002007
:10F4F000009005A80190029A019B40F2F070C3F2BF
:10F500001C407F2103F048FB00900098802803D323
:10F51000FFE77F200090FFE7009940F2F070C3F210
:10F520001C40FAF7F9FB009803B0BDE8804003B037
:10F530007047000081B0009000984060009908601A
:10F5400001B0704781B00090009840600099086059
:10F5500001B0704781B00090009840600099086049
:10F5600001B0704781B00090009840600099086039
:10F5700001B0704782B0019000910098019909682C
:10F580004860019800680099086000980199086037
:10F5900001980099486002B07047000082B0019065
:10F5A00000910098019909684860019800680099E5
:10F5B000086000980199086001980099486002B0BD
:10F5C0007047000082B0019000910098019909688D
:10F5D00048600198006800990860009801990860E7
:10F5E00001980099486002B07047000082B0019015
:10F5F0000091009801990968486001980068009995
:10F60000086000980199086001980099486002B06C
:10F610007047000082B0019000910098019909683C
:10F620004860019800680099086000980199086096
:10F6300001980099486002B07047000082B00190C4
:10F640000091009801994968086001984068009904
:10F65000486000980199486001980099086002B0DC
:10F660007047000082B001900091009801994968AC
:10F6700008600198406800994860009801994860C6
:10F6800001980099086002B07047000081B00090B6
:10F690000099086888425FEA1F9001B07047000037
:10F6A00081B000900099086888425FEA1F9001B01D
:10F6B0007047000081B000900099086888425FEAB6
:10F6C0001F9001B07047000081B000900099086859
:10F6D00088425FEA1F9001B07047000081B000903F
:10F6E0000099086888425FEA1F9001B070470000E7
:10F6F00083B002900020019002980090FFE70098EC
:10F7000000680299884207D0FFE7009800680090DF
:10F71000019801300190F2E7019803B070470000B2
:10F7200081B00090009801684068486000990868BE
:10F7300049680860009840600099086001B070470F
:10F7400081B000900098016840684860009908689E
:10F7500049680860009840600099086001B07047EF
:10F7600081B000900098016840684860009908687E
:10F7700049680860009840600099086001B07047CF
:10F7800081B000900098016840684860009908685E
:10F7900049680860009840600099086001B07047AF
:10F7A00081B000900098016840684860009908683E
:10F7B00049680860009840600099086001B070478F
:10F7C00081B000900098016840684860009908681E
:10F7D00049680860009840600099086001B070476F
:10F7E00081B00090009801684068486000990868FE
:10F7F00049680860009840600099086001B070474F
:10F8000080B584B00390FAF739FA029040F6C01040
:10F81000C3F21C400068039901F076FE0190029843
:10F82000FAF750FAFFE740F67000C3F21C40006898
:10F8300048B1FFE740F67000C3F21C40026803992C
:10F8400001A89047FFE7FFE7019804B080BD0000E2
:10F8500088B0079006910592079804900698039047
:10F8600000200290019005980090009810284AD33B
:10F87000FFE70398049908438007002843D1FFE776
:10F880000498029003980190FFE70098102824D371
:10F89000FFE70198011D0191006802990A1D02927B
:10F8A00008600198011D0191006802990A1D0292E9
:10F8B00008600198011D0191006802990A1D0292D9
:10F8C00008600198011D0191006802990A1D0292C9
:10F8D0000860009810380090D7E7FFE700980428E8
:10F8E0000CD3FFE70198011D0191006802990A1DE0
:10F8F00002920860009804380090EFE702980490A4
:10F9000001980390FFE7FFE70098411E009148B17E
:10F91000FFE70398411C0391007804994A1C049264
:10F920000870F1E7079808B07047000085B00490B0
:10F930000391029204980190039800900098019915
:10F94000884221D2FFE701980099029A1144884227
:10F950001AD2FFE702990198084401900299009891
:10F9600008440090FFE70298411E029158B1FFE75A
:10F970000098411E009110F8010C01994A1E019255
:10F9800001F8010CEFE70FE0FFE70298411E02913A
:10F9900048B1FFE70098411C0091007801994A1C8A
:10F9A00001920870F1E7FFE7049805B07047000086
:10F9B00080B584B0039002910192FAF75FF900904C
:10F9C00003980299019AFBF735FA0098FAF77AF949
:10F9D00004B080BD88B00790069105920020049085
:10F9E000079903910290019006988DF803000598FD
:10F9F000042847D3FFE79DF81C008007002841D169
:10FA0000FFE70798019000200490FFE7049803287F
:10FA10000AD8FFE79DF80300049A02A98854FFE77B
:10FA2000049801300490F1E7FFE70598102818D3F7
:10FA3000FFE7029801990A1D019208600298019956
:10FA40000A1D01920860029801990A1D019208603E
:10FA5000029801990A1D01920860059810380590D6
:10FA6000E3E7FFE70598042809D3FFE70298019927
:10FA70000A1D01920860059804380590F2E7019884
:10FA80000390FFE7FFE70598411E059138B1FFE7B6
:10FA90009DF8030003994A1C03920870F3E7079846
:10FAA00008B0704780B58AB0099008910020069090
:10FAB000FFE702F00FFDA8B9FFE744F63010C3F2EC
:10FAC000194045F6D131C3F219410391FFF708FD02
:10FAD000039945F62D00C3F2194040F23E42FEF76D
:10FAE0009FFBFFE7FFE7FFF7CDFCA8B1FFE744F678
:10FAF000DF00C3F2194045F6D131C3F2194102913A
:10FB0000FFF7EEFC029945F62D00C3F2194040F2D2
:10FB10003E42FEF785FBFFE7FFE7FFE7099868B97C
:10FB2000FFE745F69830C3F2194045F6D131C3F2EC
:10FB3000194140F23F42FEF773FBFFE7089868B9AE
:10FB4000FFE745F63130C3F2194045F6D131C3F233
:10FB500019414FF48862FEF763FBFFE709983030E4
:10FB600001F088FF0898D0F88800099988420DD0E4
:10FB7000FFE745F6A960C3F2194045F6D131C3F25B
:10FB8000194140F24442FEF74BFBFFE705A800F0A5
:10FB9000DDFD08983030FFF7D3FD0998406A80B149
:10FBA000FFE70998406A00F03DFE0190089800F0D8
:10FBB00039FE01460198884203D1FFE701200690F3
:10FBC000FFE709981830FFF775FD58B9FFE7099866
:10FBD000806930380490049800F024FE099981F877
:10FBE000210004E00999FF2081F82100FFE7069831
:10FBF000D8B1FFE70998406AFBF7C4F98DF81F00F8
:10FC00009DF81F0000900998406A00F00BFE014625
:10FC10000098884208D0FFE70998406A9DF81F10B5
:10FC20000222FBF7A5FBFFE7FFE7059800F00EFFB8
:10FC30000998303001F03AFF0AB080BD80B584B039
:10FC4000039002918DF80720039868B9FFE745F605
:10FC50009830C3F2194045F68161C3F2194140F270
:10FC6000F632FEF7DDFAFFE70398029A032100F06F
:10FC7000ADFB0398FAF746F8039800210091416222
:10FC8000039AFF2082F82100039A82F82210039938
:10FC900081F8200003982830FFF74CFC03990120DD
:10FCA00048730398303001F0EFFE009804B080BD37
:10FCB00080B58CB00A900A9868B9FFE745F698308D
:10FCC000C3F2194045F66441C3F2194140F23E6265
:10FCD000FEF7A6FAFFE70A9800F05EFB03280DD0B6
:10FCE000FFE745F64370C3F2194045F66441C3F29D
:10FCF000194140F23F62FEF793FAFFE700200790B8
:10FD0000FFE702F0E7FBA8B9FFE744F63010C3F2C3
:10FD1000194045F66441C3F219410491FFF7E0FB35
:10FD2000049945F62D00C3F2194040F24462FEF7F3
:10FD300077FAFFE7FFE7FFF7A5FBA8B1FFE744F677
:10FD4000DF00C3F2194045F66441C3F21941039143
:10FD5000FFF7C6FB039945F62D00C3F2194040F2A8
:10FD60004462FEF75DFAFFE7FFE7FFE702F0B2FB50
:10FD700008900A98303001F07DFEFFE740F67C00E5
:10FD8000C3F21C40006840B1FFE740F67C00C3F2BC
:10FD90001C4001680A988847FFE7FFE708980A991E
:10FDA000496A88420CD0FFE708996FF0FE00029084
:10FDB000C8620A98303001F079FE02980B90A9E0F1
:10FDC0000A9991F82200013881F822000A9890F8E7
:10FDD0002200002840F09080FFE709A800F0B6FC60
:10FDE0000A982830FFF7ACFC08980A99F9F71EFF2B
:10FDF00007900A981830FFF75DFC002870D1FFE7E4
:10FE0000FFE70A98806930380690069800F068FD90
:10FE100068B9FFE745F6BF00C3F2194045F66441F3
:10FE2000C3F2194140F26F62FEF7FAF9FFE7069854
:10FE30003030FFF785FC069800F05CFD18B1FFE755
:10FE400000200690FFE7FFE706990020019049B9DE
:10FE5000FFE70A981830FFF72DFC00285FEA1F9093
:10FE60000190FFE70198C00708B12FF037C006984E
:10FE700050B3FFE706980A9948620A99012081F871
:10FE80002200069880300A992831FFF787FB0699EF
:10FE90000020C1F888000A981830FFF70BFC58B909
:10FEA000FFE70A98806930380590059800F0BAFCA1
:10FEB0000A9981F8210004E00A99FF2081F82100C5
:10FEC000FFE70120079007E00A99002048620A999D
:10FED000FF2081F82100FFE7099800F0B7FD0AE054
:10FEE000099800F0B3FD0A99002048620A99FF20A2
:10FEF00081F82100FFE7FFE70A98303001F0D6FDD6
:10FF00000798012803D1FFE700F0BAFDFFE70020C2
:10FF10000B90FFE70B980CB080BD000080B582B05D
:10FF200001900091019800990222FAF757FA02B065
:10FF300080BD000080B58AB08DF823000791FFE7EF
:10FF4000FFF7A0FAA8B1FFE744F6DF00C3F21940BB
:10FF500046F6E501C3F219410291FFF7C1FA029991
:10FF600045F62D00C3F219404FF4F372FEF758F92D
:10FF7000FFE7FFE79DF8230000F0DAF9039003980C
:10FF800068B9FFE746F69A00C3F2194046F6E50164
:10FF9000C3F219414FF4F572FEF742F9FFE70398F7
:10FFA000C068FFF72DFC0690069818B9FFE70020FF
:10FFB000099060E006980399CA6800210191FFF753
:10FFC00009FD01989DF82310069A1173069948734C
:10FFD000079840B3FFE7079801F0E6FD0490049806
:10FFE0000C2817D3FFE7FFE746F61400C3F21940C9
:10FFF000FFF776FA079946F65200C3F219400C2231
:020000043419AD
:10000000FFF76EFA44F2DD60C3F21940FFF768FAB9
:10001000FFE7FFE7069807990B2201F0DBFD069941
:100020000020C87203E0069900200870FFE7FFE790
:1000300040F67400C3F21C40006840B1FFE740F690
:100040007400C3F21C40016806988847FFE7FFE789
:100050000398103001F01CFD0590039804300699B8
:100060001031FFF7AFFA03981030059901F02CFD1D
:1000700006980990FFE709980AB080BD80B584B062
:100080000390039868B9FFE746F6B100C3F2194040
:1000900046F6F801C3F2194140F23122FEF7C0F8EA
:1000A000FFE70398007B000600280DD5FFE746F622
:1000B0002900C3F2194046F6F801C3F2194140F293
:1000C0003222FEF7ADF8FFE7FFE740F67800C3F213
:1000D0001C40006840B1FFE740F67800C3F21C40C6
:1000E000016803988847FFE7FFE70398007B00F06B
:1000F0001FF90190019868B9FFE746F69A00C3F22C
:10010000194046F6F801C3F219414FF40E72FEF79A
:1001100087F8FFE70198103001F0BAFC02900398CD
:100120001030FFF71DFB01981030029901F0CCFC54
:100130000399002008730398FEF7F8FD04B080BD12
:1001400080B584B00390039868B9FFE746F6B10024
:10015000C3F2194046F61C11C3F2194140F2BD1218
:10016000FEF75EF8FFE7FFE740F67800C3F21C40B9
:10017000006840B1FFE740F67800C3F21C40016818
:1001800003988847FFE7FFE70398007B00F0D0F86B
:100190000190019868B9FFE746F69A00C3F219404A
:1001A00046F61C11C3F219414FF4E172FEF738F81C
:1001B000FFE70198103001F06BFC029003981030BB
:1001C000FFF7CEFA01981030029901F07DFC0399F7
:1001D0000020087304B080BD80B586B004908DF80F
:1001E0000F100498019000200290049830B1FFE7AE
:1001F0009DF80F0000F09CF818B9FFE7002005906B
:1002000026E0FFE7FFF73EF9A8B1FFE744F6DF007D
:10021000C3F2194046F6C301C3F219410091FFF73A
:100220005FF9009945F62D00C3F2194040F2D6223D
:10023000FDF7F6FFFFE7FFE79DF80F0049F649518C
:10024000C3F2184101AA00F007F802980590FFE7F1
:10025000059806B080BD000080B58CB08DF82B00ED
:100260000991089200200790069005909DF82B00B8
:1002700000F05EF80590059820B9FFE76FF00400E4
:100280000B9052E0FFE7FFF7FDF8A8B1FFE744F657
:10029000DF00C3F2194046F60911C3F21941029179
:1002A000FFF71EF9029945F62D00C3F2194040F2FE
:1002B0008B22FDF7B5FFFFE7FFE70598103001F04F
:1002C000E7FB0490059840680690FFE706980599BB
:1002D0000431884221D0FFE7069810380790099A28
:1002E000079808999047039090B1FFE70598103060
:1002F000049901F0E9FB0398002803D4FFE70020EC
:10030000019002E003980190FFE701980B900CE048
:10031000FFE7069800680690D8E705981030049922
:1003200001F0D2FB00200B90FFE70B980CB080BDD2
:1003300083B08DF807009DF8070000F07F008DF86E
:10034000070000200090FFE700980A281EDCFFE766
:10035000009800EB400140F20C00C3F21C4010F882
:1003600031009DF8071088420BD1FFE7009800EBA1
:10037000400140F20C00C3F21C4000EBC1000290AF
:1003800007E0FFE7009801300090DDE700200290D1
:10039000FFE7029803B0704780B582B001900198E2
:1003A00068B9FFE746F6B100C3F2194046F6D2013C
:1003B000C3F2194140F26922FDF732FFFFE70198CD
:1003C000007B00F07F0002B080BD000080B588B0E7
:1003D00007908DF81B100592002002909DF81B00DD
:1003E000FFF7A6FF0190019868B9FFE746F69A006B
:1003F000C3F2194046F65511C3F2194140F2731287
:10040000FDF70EFFFFE70198103001F041FB04906B
:10041000019840680290FFE70298019904318842F0
:100420001AD0FFE702981038009000980799884288
:100430000DD1FFE746F62D10C3F2194046F65511CF
:10044000C3F219414FF4C172FDF7EAFEFFE7FFE77F
:10045000029800680290DFE701981030049901F0DB
:1004600033FB9DF81B0040F0800007990873059846
:1004700040B3FFE7059801F097FB039003980C2821
:1004800017D3FFE7FFE746F61400C3F21940FFF762
:1004900027F8059946F65200C3F219400C22FFF7DF
:1004A0001FF844F2DD60C3F21940FFF719F8FFE7C7
:1004B000FFE7079805990B2201F08CFB07990020B4
:1004C000C87203E0079900200870FFE7FFE740F6D5
:1004D0007400C3F21C40006840B1FFE740F67400AE
:1004E000C3F21C40016807988847FFE7FFE70198BF
:1004F000103001F0CDFA04900198043007991031C2
:10050000FFF760F801981030049901F0DDFA08B0A7
:1005100080BD000080B582B00090009868B9FFE708
:1005200046F6B100C3F2194046F63B11C3F2194139
:1005300040F25622FDF774FEFFE70098007B0006AC
:10054000002803D5FFE70120019002E00020019080
:10055000FFE7019802B080BD80B582B0009040F204
:10056000CC30C3F21C40806C60B9FFE744F60D400C
:10057000C3F2194044F6D241C3F21941A722FDF754
:100580004FFEFFE740F2CC30C3F21C40806C806924
:1005900020B9FFE76FF02C00019009E040F2CC3069
:1005A000C3F21C40806C8169009888470190FFE786
:1005B000019802B080BD000080B582B001908DF836
:1005C000031040F2CC30C3F21C40806C60B9FFE7EE
:1005D00044F60D40C3F2194044F64A41C3F21941B2
:1005E0009422FDF71DFEFFE740F2CC30C3F21C4021
:1005F000816C0B6801999DF80320984702B080BD7B
:1006000080B582B0019040F2CC30C3F21C40806CC7
:1006100060B9FFE744F60D40C3F2194044F62441A7
:10062000C3F21941A022FDF7FBFDFFE740F2CC30F9
:10063000C3F21C40816C8A680199904702B080BD6A
:1006400080B582B00190009140F2CC30C3F21C40E2
:10065000806C60B9FFE744F60D40C3F2194044F6E0
:100660006841C3F219419A22FDF7DAFDFFE740F233
:10067000CC30C3F21C40816C4B6801999DF800207E
:10068000984702B080BD000080B584B00390039805
:1006900068B9FFE745F63130C3F2194046F64D21FF
:1006A000C3F219414FF4F772FDF7BAFDFFE7F0F717
:1006B000DDF802900398019001F00CFF01460198CB
:1006C000884209D1FFE7039991F8380000F0F8005B
:1006D000033081F8380034E0039991F8380000F0D5
:1006E000F800023081F83800039890F838000007CD
:1006F00000280ED5FFE7039800F1300190F8442060
:1007000040F69C00C3F21C4000EBC200FEF7AAFFBB
:100710000DE0039800F1300190F8442040F69C0071
:10072000C3F21C4000EBC200FEF760FFFFE7039836
:10073000826C40F69C11C3F21C41086810430860AB
:10074000FFE70298F0F796F804B080BD80B584B05A
:100750000290029820B9FFE76FF00400039008E0D0
:10076000F0F784F801900198029908600020039046
:10077000FFE7039804B080BD80B582B00190019876
:1007800068B9FFE745F63130C3F2194046F6362125
:10079000C3F2194140F22222FDF742FDFFE7F0F7D4
:1007A00065F8009001983030FEF7FAFF019890F854
:1007B000441040F69C00C3F21C4000EBC100FEF761
:1007C00083FF50B1FFE70198826C40F69C11C3F2A1
:1007D0001C41086890430860FFE70098F0F74AF86A
:1007E00002B080BD82B0019000916FF0040002B0B1
:1007F0007047000080B582B001908DF80310019819
:100800009DF803100022F9F7F1FF02B080BD00004F
:1008100081B000900099012081F83800002001B0DB
:100820007047000081B00090009890F8440001B03B
:100830007047000081B00090009890F8450001B02A
:100840007047000081B00090009890F8380000F0E8
:10085000070001B07047000080B584B0039002919A
:100860008DF807200399002081F838000398029939
:100870009DF8072000F002F804B080BD80B584B078
:10088000039002918DF8072003983030FEF75AFE4E
:100890009DF8070020280DDBFFE746F6E110C3F2C4
:1008A000194046F66421C3F219414FF4E972FDF78D
:1008B000B7FCFFE79DF80700039981F845009DF814
:1008C0000700039981F84400039900208864029886
:1008D0000399C86302980399086404B080BD0000BE
:1008E00081B00090009890F83800C0F3800001B00B
:1008F0007047000080B582B001900198FFF7F0FFCB
:1009000020B9FFE76FF0040000901AE0019890F81A
:1009100039004008C00728B1FFE7019800F03CF813
:10092000009002E000200090FFE7009840B9FFE748
:1009300001983030FEF724FF0198FFF7A5FEFFE78E
:10094000FFE7009802B080BD80B582B001908DF8BD
:10095000031001989DF803100122F9F747FF02B038
:1009600080BD000081B00090009991F844200120E2
:10097000904088640099042081F8380001B07047E5
:1009800081B00090009991F8390040F0020081F8A0
:100990003900002001B0704780B582B00190019805
:1009A00090F839004008C00768B1FFE701984C3063
:1009B00002F094F80090019991F8390000F0FD00E0
:1009C00081F8390002E000200090FFE7009802B0B3
:1009D00080BD000081B000900099C86B0864009948
:1009E00091F8380040F0080081F83800002001B08C
:1009F0007047000080B584B0039001F06BFD029059
:100A000001A8FFF7A3FE0298006C0399884206D95B
:100A1000FFE7039A0299086C801A086403E00299C0
:100A200000200864FFE70298006C20B1FFE70198FE
:100A300000F00CF806E00298FFF7CCFF019800F0F8
:100A40000FF8FFE7002004B080BD000080B582B041
:100A500001900198EFF70EFF002002B080BD00006A
:100A600080B582B0019001F035FD18B1FFE700F0CC
:100A700007F8FFE70198EFF7FDFE002002B080BD08
:100A800080B588B0EFF7F2FE079001F023FD0490E7
:100A900040F69000C3F21C400068002840F0BC8083
:100AA000FFE740F69C10C3F21C400068002800F0ED
:100AB000B280FFE70020029003A8F9F7F9FF069043
:100AC000049890F8380000F00700032820D1FFE7D1
:100AD000049890F844000399884203D2FFE70498F1
:100AE000069014E0049890F84400039988420AD1D3
:100AF000FFE7049890F838000007002803D4FFE7C8
:100B00000498069002E001200290FFE7FFE7FFE76C
:100B100006980499884271D0FFE7039840F2D0719B
:100B2000C3F21C4108700498059006980190FDF7E7
:100B300041FE014601980860FFE740F68C00C3F2D1
:100B40001C40006848B1FFE740F68C00C3F21C402F
:100B50000268059806999047FFE7FFE7029820B1E1
:100B6000FFE70598FFF790FDFFE7059890F838003C
:100B70000007002808D5FFE7059991F8380000F034
:100B8000F70081F83800FFE70698FFF7F5FD0699B2
:100B900091F8380000F0F800033081F8380006982A
:100BA00000F048F840F2E870C3F21C400068D8B981
:100BB000FFE7FFE740F69400C3F21C40006840B135
:100BC000FFE740F69400C3F21C400168059888478F
:100BD000FFE7FFE70598183006991831EFF74DFE4B
:100BE0000798EFF747FE22E0059A02F11800069BEE
:100BF00003F11801EFF741FEFFE70BE00498FFF760
:100C0000BBFD049991F8380000F0F800033081F83A
:100C10003800FFE7FFE706E040F68801C3F21C4119
:100C200001200870FFE70798EFF724FEFFE708B000
:100C300080BD000080B584B00390039868B9FFE7D9
:100C400045F63130C3F2194046F60321C3F219418B
:100C500040F2CB12FDF7E4FAFFE70398406A007810
:100C600023280ED1FFE703998869496A884208D989
:100C7000FFE7039A9069516A926A1144884234D915
:100C8000FFE7012002906FF0FE000190FFE746F6BB
:100C9000B310C3F21940FEF723FC039946F69910EE
:100CA000C3F21940FEF71CFC44F2DD60C3F21940A8
:100CB000FEF716FCFFE740F69800C3F21C40006800
:100CC00048B1FFE740F69800C3F21C400168039862
:100CD00088470190FFE7019830B1FFE7FFE70298EE
:100CE00008B1FFE7FBE7FFE71DE003998869496A60
:100CF0002031884216D8FFE7FFE746F6CA10C3F254
:100D00001940FEF7EDFB039946F66410C3F2194053
:100D1000FEF7E6FB44F2DD60C3F21940FEF7E0FBAC
:100D2000FFE7FFE7FFE704B080BD000080B584B0B7
:100D30000390029101928DF80330039868B9FFE7A0
:100D400045F64330C3F2194045F65C61C3F21941E0
:100D500040F27D12FDF764FAFFE70198B0F5803F9D
:100D60000DD3FFE745F6A930C3F2194045F65C61A3
:100D7000C3F219414FF4BF72FDF752FAFFE79DF835
:100D8000030090B1FFE79DF8030001280DD0FFE7B5
:100D900045F68600C3F2194045F65C61C3F219417D
:100DA00040F27F12FDF73CFAFFE70398029A022116
:100DB000FFF70CFB0398BDF804109DF803204FF6D5
:100DC000FF73F9F791FE002004B080BD80B584B0B8
:100DD0000290029868B9FFE745F64330C3F2194024
:100DE00045F65541C3F2194140F2BE22FDF718FA0B
:100DF000FFE70298FFF7D0FA02280DD0FFE745F68B
:100E00001040C3F2194045F65541C3F2194140F272
:100E1000BF22FDF705FAFFE7FFE740F67C00C3F2CB
:100E20001C40006840B1FFE740F67C00C3F21C4064
:100E3000016802988847FFE7FFE7002000900298CA
:100E4000243000F025FE019002981830FEF732FCA5
:100E500040B9FFE702981830002100F0E9FE0120B8
:100E6000009014E00299088C498C884205DAFFE76B
:100E70000299088C0130088408E002982430019916
:100E800000F022FE6FF0220003900FE0FFE70298CF
:100E90002430019900F018FE0098012803D1FFE7E3
:100EA000FFF7EEFDFFE700200390FFE7039804B093
:100EB00080BD000080B582B001900091019800993A
:100EC0000222F9F7EBFC02B080BD000080B586B0CD
:100ED0000490049868B9FFE744F26B70C3F21940BC
:100EE00044F6B551C3F2194140F21B32FDF798F9AF
:100EF000FFE7049803900498807F022803DBFFE754
:100F00000020059066E00498808BC005002826D557
:100F1000FFE70398816C4B6807214FF48072984774
:100F20000499888B20F4807088830398406D029028
:100F3000029868B9FFE744F67250C3F2194044F6CC
:100F4000B551C3F2194140F22A32FDF769F9FFE7C2
:100F50000298FDF7EBFE039900204865FFE704982F
:100F6000808B4005002826D5FFE70398816C4B68ED
:100F700007214FF4806298470499888B20F48060A1
:100F800088830398806D0190019868B9FFE744F663
:100F90008550C3F2194044F6B551C3F2194140F2ED
:100FA0005632FDF73DF9FFE70198FDF7BFFE0399C3
:100FB00000208865FFE70398816C4B6804210022BC
:100FC000009298470098049A518B21F010015183A8
:100FD0000590FFE7059806B080BD000080B588B099
:100FE00006900591049200200390069868B9FFE7E7
:100FF00044F26B70C3F2194044F6D551C3F2194163
:1010000040F23242FDF70CF9FFE70698029005988E
:1010100001380146009108285AD80099DFE801F00C
:101020000B051158445858584F000699488B40F00A
:101030002000488354E00699488B20F02000488324
:101040004EE0049878B3FFE7049801900198C179C5
:10105000B0F8050040EA0140C0F38F00029991F812
:101060005320B1F8511041EA0241C1F38F01884287
:1010700008D0FFE70298807F20B1FFE76FF01600ED
:10108000079030E00299019A106852680A65C864B6
:101090000298807F30B1FFE70298816C0A6804995A
:1010A0009047FFE7FFE71BE0049838B1FFE702989D
:1010B000643004990822FEF7CBFBFFE710E00498A8
:1010C00028B1FFE7049940F243100880FFE707E0EA
:1010D0000298816C4B680599049A98470390FFE742
:1010E00003980790FFE7079808B080BD80B584B0EB
:1010F000039000200290039868B9FFE744F26B70F8
:10110000C3F2194044F61D61C3F219414FF41C7239
:10111000FDF786F8FFE703980190019800214165EB
:1011200001988165019864300822FEF753FC01980C
:10113000806C006840B1FFE70198816C0A6800F19B
:101140004C0190470290FFE7029804B080BD000078
:1011500080B588B00690ADF816100020ADF81400E8
:10116000069868B9FFE744F26B70C3F2194044F681
:10117000E751C3F2194140F28522FDF751F8FFE72C
:1011800006980490BDF81600800500280AD5FFE7F0
:101190000698408B8005002804D4FFE76FF00B0011
:1011A0000790F4E0BDF81600000500280AD5FFE717
:1011B0000698408B0005002804D4FFE76FF00B0071
:1011C0000790E4E0BDF81600C00500280AD5FFE747
:1011D0000698408BC005002804D4FFE76FF00B0091
:1011E0000790D4E0BDF81600400500280AD5FFE7B7
:1011F0000698408B4005002804D4FFE76FF00B00F1
:101200000790C4E0BDF816004006002806D4FFE7AA
:101210000698808B4006002804D5FFE74020ADF8F3
:101220001400FFE79DF81600069988830498406D26
:10123000002853D1FFE7BDF81600C005002848D5A7
:10124000FFE7049890F85310B0F8510040EA0140CD
:1012500081080C2010FA81F0FEF7D2FA039003986F
:1012600068B9FFE744F67250C3F2194044F6E751FB
:10127000C3F2194140F2A922FCF7D2FFFFE703991C
:1012800001F10C00086003980068049991F853205C
:10129000B1F8511041EA0241C1F38F0200210191DE
:1012A000FEF798FB0198039988800399C8800399F9
:1012B00088600398049948650699888B40F480708B
:1012C00088830498816C4B6806214FF4807298479C
:1012D00003E0049900204865FFE70CE0BDF8160024
:1012E000C005002806D5FFE70699888B40F480707A
:1012F0008883FFE7FFE70498806D90BBFFE7BDF8A8
:1013000016004005002827D5FFE70420FEF778FAED
:101310000290029868B9FFE744F68550C3F219407D
:1013200044F6E751C3F219414FF43A72FCF778FFE3
:10133000FFE70298FDF734F802980499886506994A
:10134000888B40F4806088830498816C4B68062108
:101350004FF48062984703E0049900208865FFE716
:101360000CE0BDF816004005002806D5FFE70699F9
:10137000888B40F480608883FFE7FFE7BDF8142086
:101380000699888B1043888300200790FFE7079811
:1013900008B080BD80B586B004900391029201939D
:1013A000049868B9FFE744F26B70C3F2194044F641
:1013B000A651C3F2194140F27E32FCF731FFFFE73C
:1013C000019818B9FFE70020059015E004980090F7
:1013D0000498808BC005002807D5FFE70098029984
:1013E000019AF9F7C3FB059006E000980299019A6B
:1013F000F9F79CFC0590FFE7059806B080BD00005A
:1014000080B586B00490039102920193049868B964
:10141000FFE744F26B70C3F2194044F6C551C3F2C2
:1014200019414FF46672FCF7FBFEFFE7019818B90B
:10143000FFE70020059015E0049800900498808B49
:101440004005002807D5FFE700980299019AF9F7AF
:1014500009FC059006E000980299019AF9F7A6FCAC
:101460000590FFE7059806B080BD000080B582B00A
:10147000019000200090FEF705F838B1FFE70198D1
:1014800040F29831C3F21C41086010E001F022F8EC
:101490000090009838B9FFE7019840F29831C3F204
:1014A0001C41086003E001980099C862FFE702B0A0
:1014B00080BD000080B582B046F27100C3F21940D1
:1014C000FEF70EF846F20B10C3F21940FEF708F8CB
:1014D00046F2EC20C3F219406946486046F2E0202B
:1014E000C3F21940086046F26010C3F219400521AA
:1014F00003220023FDF7F4FF46F2E100C3F2194096
:10150000FDF7EEFF02B080BD80B58AB0089007916C
:10151000079818B9FFE70020099055E1089868B9C5
:10152000FFE745F64530C3F2194046F2C651C3F213
:1015300019414FF48C72FCF773FEFFE70898FEF731
:101540002BFF0C280DD0FFE746F2DB70C3F21940E9
:1015500046F2C651C3F2194140F21912FCF760FE7F
:10156000FFE70898FEF7D6FF68B9FFE746F2DD40CF
:10157000C3F2194046F2C651C3F219414FF48D72BD
:10158000FCF74EFEFFE7089802900798073020F01E
:101590000700079007980F2803D8FFE7102007904F
:1015A000FFE707980299896B884203D9FFE700207B
:1015B000099009E10298C16A406B401A0690FFE762
:1015C00006980299896B079A891A884200F2F98075
:1015D000FFE70298C06A06990844049004980078CE
:1015E000C007002840F0E580FFE7049840680699AE
:1015F000401A103807998842C0F0DB80FFE7049852
:1016000040680699401A10380799203188423AD329
:10161000FFE7069807990844103005900298C06AC1
:10162000059908440390029820F00100039908608E
:101630000498406803994860069803998860059863
:1016400004994860039840680299896B1031884278
:1016500008D0FFE705980299C96A039A52681144B5
:101660008860FFE7079802994A6A10441030486280
:101670000298416A806A884204D2FFE70299486A68
:101680008862FFE716E0DDF810C0DCF8042002995C
:10169000486ACB6AA3EB0C031A44104448620298D0
:1016A000416A806A884204D2FFE70299486A8862E8
:1016B000FFE7FFE7029840F00100049908600498F2
:1016C0000299496B884236D1FFE7FFE70298416BE8
:1016D00000200978C907019041B1FFE70298016B2A
:1016E000406B88425FEA0F900190FFE70198C007C6
:1016F00038B1FFE70299C86A4A6B526810444863E0
:10170000E4E70298016B406B884213D0FFE7029830
:10171000406B0078C00768B1FFE746F24940C3F26A
:10172000194046F2C651C3F2194140F27512FCF756
:1017300077FDFFE7FFE70498079908441030029906
:10174000096B88420DD9FFE746F28460C3F2194065
:1017500046F2C651C3F2194140F27712FCF760FD20
:10176000FFE704981030400768B1FFE746F2665083
:10177000C3F2194046F2C651C3F219414FF4BC728C
:10178000FCF74EFDFFE79DF81000400768B1FFE74A
:1017900046F20350C3F2194046F2C651C3F2194152
:1017A00040F27912FCF73CFDFFE7049810300990F5
:1017B0000AE0FFE70298C06A06990844406806906C
:1017C000FEE600200990FFE709980AB080BD0000FE
:1017D00080B584B00390039808B9FFE7AFE09DF8A7
:1017E0000C00400768B1FFE746F23450C3F21940DD
:1017F00046F2D661C3F2194140F2F912FCF710FD2E
:10180000FFE70398103802900298006820F001006A
:101810000190019868B9FFE746F2B150C3F2194050
:1018200046F2D661C3F2194140F2FF12FCF7F8FC10
:10183000FFE702980078C00768B9FFE746F29840D2
:10184000C3F2194046F2D661C3F219414FF4007257
:10185000FCF7E6FCFFE70198FEF79EFD0C280DD093
:10186000FFE746F29370C3F2194046F2D661C3F225
:10187000194140F20122FCF7D3FCFFE70198FEF783
:1018800049FE68B9FFE746F2A840C3F2194046F2A4
:10189000D661C3F2194140F20222FCF7C1FCFFE716
:1018A00003980199C96A884206D3FFE70398019912
:1018B000096B88420DD3FFE746F21260C3F219406C
:1018C00046F2D661C3F219414FF40172FCF7A8FC4D
:1018D000FFE70199C86A029A5268805820F0010017
:1018E00088420DD0FFE746F2F860C3F2194046F295
:1018F000D661C3F2194140F20522FCF791FCFFE7E3
:10190000019820F001000299086002980199496B42
:10191000884204D2FFE7029801994863FFE7029AE0
:1019200053680199486AD1F82CC0A2EB0C02D21A74
:101930001044486201980299FCF7D0F9FFE704B01F
:1019400080BD000080B58CB00A900991089209987A
:10195000073020F00700069006983C300590059867
:10196000073020F00700049009980899084420F0F7
:1019700007000390039821280CD3FFE70398203831
:101980000599884206D3FFE703980499401A203846
:1019900002900BE0099908980A1846F20F40C3F22A
:1019A0001940FDF79DFD00200B9047E006980021AF
:1019B00001913C22FEF70EF806980A9A0C21FEF7D8
:1019C00005FD0198069A46F2F261C3F21941916150
:1019D0000499069AD1610299069A11620299069AAF
:1019E00091630499069AD1620699C96A079106998A
:1019F00021F00101079A11600699896B1031079A4D
:101A00005160079988600699C86A079A526810441D
:101A10000863069941F00100096B08600698016BA4
:101A2000806B103048600698016B806B10308860C6
:101A30000699C86A486306980B90FFE70B980CB0AC
:101A400080BD000081B080B585B0079304900391FC
:101A500002920020019007A8009004980399029A2E
:101A6000009B01F099F80190019805B0BDE8804015
:101A700001B0704780B582B00190FDF70FF9FFE724
:101A8000FFE702B080BD000081B0009001B0704758
:101A900080B582B00190EEF7E9FE0090FDF7FEF808
:101AA000FFE7FFE7009802B080BD000080B582B07C
:101AB0000190FFE7FFE700200090FFE7FFE70098B5
:101AC000FDF72CF902B080BD80B584B0039002917F
:101AD000FFE7FFE700200190FFE7FFE70198FDF730
:101AE0001DF90298EEF7C6FE04B080BD83B00290E7
:101AF0000191FFE7029801780020009049B1FFE7CB
:101B0000029800780199097888425FEA1F90009056
:101B1000FFE70098C00738B1FFE702980130029054
:101B2000019801300190E5E7029800780199097861
:101B3000401A03B07047000083B00190002000906D
:101B40000198B0F1FF3F04DCFFE7019840420190AB
:101B5000FFE700200090FFE700980E281AD8FFE763
:101B6000009940F29820C3F21C4050F831000199CE
:101B700088420AD1FFE7009940F29820C3F21C4046
:101B800000EBC100406802900AE0FFE700980130D6
:101B90000090E1E746F60C70C3F219400290FFE7AF
:101BA000029803B07047000082B0019000200090BE
:101BB00001980090FFE70098007828B1FFE7FFE761
:101BC000009801300090F6E700980199401A02B0A1
:101BD0007047000085B0049003910292029820B3F0
:101BE000FFE70498019003980090FFE70098411CDC
:101BF0000091007801994A1C0192087068B9FFE7CA
:101C0000FFE702980138029030B1FFE70199481CC4
:101C1000019000200870F4E706E0FFE70298013821
:101C2000029008B12FF01FC0FFE7049805B070477D
:101C300080B586B005900491059860B9FFE745F638
:101C40008330C3F2194045F64C51C3F2194170225A
:101C5000FCF7E6FAFFE703A8FEF778FD0598FDF725
:101C600029FDC0B9FFE70598006830380290029856
:101C7000FEF740FE0190019818B1FFE700200290A6
:101C800008E00498002804D4FFE704980299C86289
:101C9000FFE7FFE702E000200290FFE70398FEF76E
:101CA000D5FE029806B080BD80B588B00790069139
:101CB00005920598029020B1FFE70298012806D00E
:101CC00035E0079806993031FDF7B8FC3CE00798FD
:101CD00000680490FFE70498079988421BD0FFE74B
:101CE0000498303803900698FEF79CFD0190039805
:101CF000FEF798FD01460198884207DAFFE703984E
:101D0000303006993031FDF799FC04E0FFE7049884
:101D100000680490DFE704980799884206D1FFE73E
:101D2000079806993031FDF789FCFFE70CE045F68E
:101D30002D00C3F2194045F66151C3F219414FF429
:101D40008C72FCF76DFAFFE7002008B080BD000040
:101D500080B584B0039002A8FEF7F8FC03980068F1
:101D60000090FFE70098039988421DD0FFE7009894
:101D700030380190019A45F62A60C3F219400C21CF
:101D8000FDF7AEFB009800680399884207D0FFE793
:101D900045F6D610C3F21940FDF7A2FBFFE7FFE7B7
:101DA000009800680090DDE70298FEF74FFE04B04F
:101DB00080BD000080B582B001900091019800992B
:101DC00000F002F802B080BD80B584B003900291AB
:101DD0000398073020F007000190029820F00700D8
:101DE00000900098019988420DD8FFE746F29F3095
:101DF000C3F2194046F20531C3F2194140F23A32BA
:101E0000FCF70EFAFFE701990098421A46F2D23029
:101E1000C3F21940FFF796FD40F6C011C3F21C4112
:101E20000860F7F741FF04B080BD000080B582B0C4
:101E300040F69001C3F21C41002008600190FFE7CA
:101E400001981F280EDCFFE7019940F69C00C3F2C1
:101E50001C4000EBC100FDF775FBFFE70198013066
:101E60000190EDE740F69C11C3F21C410020086090
:101E700002B080BD80B584B002A8F8F719FE0390C7
:101E800003980190FCF796FC01460198086040F623
:101E90008801C3F21C41002008700398FEF76CFC17
:101EA0000399032081F8380003981830EEF72BFDD2
:101EB00004B080BD80B582B000200190FFE701989A
:101EC00070B9FFE7019940F25C40C3F21C4000EB9F
:101ED000C100FDF747FBFFE7019801300190EEE7F5
:101EE00040F2C430C3F21C40FFF7CEFD02B080BD0B
:101EF0007047000080B584B003900398009000F014
:101F0000E9FA01460098884211D1FFE7FCF758FC36
:101F100068B9FFE746F69920C3F2194046F6224118
:101F2000C3F2194140F2BB12FCF77AF9FFE702A8AD
:101F3000FEF70CFC0398FEF785FC8DF807009DF872
:101F40000700012810D0FFE79DF8070020B1FFE748
:101F50000398FEF711FCFFE703984C3000F0ACFC4F
:101F60000398FEF755FCFFE70298FEF76FFD00208F
:101F700004B080BD80B58CB00A90099108920A988F
:101F800068B9FFE745F63130C3F2194046F695418E
:101F9000C3F219414FF44D72FCF742F9FFE70A987A
:101FA000FEF7FAF901280DD0FFE746F6CF30C3F26D
:101FB000194046F69541C3F2194140F23532FCF71B
:101FC0002FF9FFE70998019005284AD80199DFE821
:101FD00001F0212603483E1206A8FEF7B7FB0A9837
:101FE00008990978FEF706FC07900698FEF72EFD83
:101FF00007980B9039E004A8FEF7A8FB0A98089907
:102000000978FEF7A1FC05900498FEF71FFD0598DE
:102010000B902AE00A9800F063FA0B9025E06FF02D
:10202000040003900A98FEF775FA012805D1FFE72E
:102030000A9800F0F5F8039004E00A9800F0B2F86E
:102040000390FFE7FEF71CFD03980B900DE0089846
:102050008DF80B000A989DF80B10FEF7C3FB0B9050
:1020600003E0FFE700200B90FFE70B980CB080BD6A
:1020700070B58CB0844611981098CDF828C009919D
:10208000089207938DF81B00119868B9FFE746F690
:102090001F30C3F2194046F63241C3F2194140F2F3
:1020A0002E22FCF7BDF8FFE70A990120FDF742FF59
:1020B0000590059818B9FFE700200B9024E00798D9
:1020C000FDF79EFB0490049830B9FFE70598FDF7F3
:1020D000D5FF00200B9017E005980A99099A089BF4
:1020E000DDF810C0079C9DF81B50119EEE46CEF8FF
:1020F0000C60CEF80850CEF80440CEF800C0F8F7D7
:1021000089FF05980B90FFE70B980CB070BD00009D
:1021100080B584B00020029040F21410C3F21C403D
:10212000019040F2B030C3F21C40FFF7B1FC0390C5
:102130000198FDF7B5FA48B9FFE701980068303813
:10214000029002983030FDF7EBFAFFE7039940F276
:10215000B030C3F21C40FFF7B7FC029804B080BD5A
:1021600080B584B0039040F2B030C3F21C400190BF
:10217000FFF78EFC0290039800F1300140F214103A
:10218000C3F21C40FDF7F6F901980299FFF79CFC99
:1021900004B080BD80B540F2B030C3F21C40FFF700
:1021A00073FC80BD80B582B00190019868B9FFE7EB
:1021B00045F63130C3F2194046F65D41C3F219418C
:1021C00040F25B22FCF72CF8FFE70198FEF7E4F8F9
:1021D00001280DD0FFE746F6CF30C3F2194046F68E
:1021E0005D41C3F219414FF41772FCF719F8FFE78C
:1021F0000198FEF78FF968B1FFE746F62930C3F280
:10220000194046F65D41C3F2194140F25D22FCF7E8
:1022100007F8FFE70198F8F73FFE02B080BD000025
:1022200080B582B00190019868B9FFE745F631307A
:10223000C3F2194046F66E41C3F219414FF4F472ED
:10224000FBF7EEFFFFE70198FEF7A6F801280DD097
:10225000FFE746F6CF30C3F2194046F66E41C3F2AF
:10226000194140F2E912FBF7DBFFFFE70198FEF7A7
:1022700051F968B9FFE746F6F020C3F2194046F677
:102280006E41C3F219414FF4F572FBF7C9FFFFE746
:102290000198F8F701FE02B080BD000080B58CB057
:1022A00040F2BC30C3F21C40FFF7EEFB00200B9065
:1022B000FFE70B98002849D1FFE70B9B45F67E020C
:1022C000C3F2194208A805900C21FFF7BBFB059942
:1022D0000B9B03EB830240F22860C3F21C40079083
:1022E00000EB421040F2C862C3F21C4202EB032230
:1022F0006B464FF0200CC3F80CC04FF01F0CC3F816
:1023000008C04FF4807CC3F804C01A604CF2B95284
:10231000C3F21842002300F01BF807990B9800EB5A
:10232000800201EB42110691FCF736FA069902464B
:10233000079851600B9901EB810100EB411000F00F
:10234000CFF8FFE70B9801300B90B2E70CB080BDDF
:1023500070B58AB0844611981098DDF83CE0DDF83D
:1023600038E0CDF824C00891079206938DF8170045
:10237000099868B9FFE745F63130C3F2194046F6CF
:10238000C741C3F2194140F25D12FBF749FFFFE775
:102390000E9868B9FFE746F67430C3F2194046F666
:1023A000C741C3F219414FF4AF72FBF739FFFFE7A2
:1023B000119868B9FFE746F61F30C3F2194046F698
:1023C000C741C3F2194140F25F12FBF729FFFFE753
:1023D00009980021A022FDF7FDFA0998089A012129
:1023E000FDF7F4FF09980899079A069BDDF838C0B5
:1023F0000F9C9DF81750119EEE46CEF80C60CEF85B
:102400000850CEF80440CEF800C0F8F703FE0AB03A
:1024100070BD000080B582B00190019800F040F9D5
:1024200000900098F8F7A2FE02B080BD80B584B09D
:102430000390039868B9FFE745F63130C3F21940BD
:1024400046F61141C3F2194140F24742FBF7E8FE5C
:10245000FFE70398FDF7A0FF01280DD0FFE746F640
:10246000CF30C3F2194046F61141C3F219414FF47F
:102470008962FBF7D5FEFFE702A8FEF767F903982C
:10248000FEF738FA0190019860B9FFE70298FEF76D
:10249000E7FA01900198FC3018B9FFE7002001909D
:1024A000FFE703E00298FEF7D1FAFFE7FFE740F607
:1024B000A010C3F21C40006840B1FFE740F6A01036
:1024C000C3F21C40016803988847FFE7FFE70198C3
:1024D00004B080BD80B5FCF76DF9006880BD0000D8
:1024E00080B582B00190019868B9FFE745F63130B8
:1024F000C3F2194046F6B541C3F2194140F29912B0
:10250000FBF78EFEFFE7019890F83800400768B1AE
:10251000FFE746F68B30C3F2194046F6B541C3F2E9
:1025200019414FF4CD72FBF77BFEFFE70198FDF7F1
:1025300033FF01280DD0FFE746F6CF30C3F2194034
:1025400046F6B541C3F2194140F29B12FBF768FE13
:10255000FFE70198FEF706FA0198FFF767FF0020F2
:1025600002B080BD80B588B00690059104920393B7
:10257000069868B9FFE745F63130C3F2194046F6D0
:10258000D641C3F2194140F2AF32FBF749FEFFE7F3
:102590000698FDF701FF01280DD0FFE746F6CF3082
:1025A000C3F2194046F6D641C3F219414FF46C729A
:1025B000FBF736FEFFE701A8FEF7C8F80698FEF71E
:1025C00041F902900298042806D1FFE70198FEF72E
:1025D0003DFA0020079054E0029802280BD0FFE754
:1025E0000298032807D0FFE70198FEF72FFA6FF053
:1025F000FE00079045E0FFE70298032817D1FFE7A8
:1026000006980090FFF766FF0146009888420DD0BB
:10261000FFE746F67E20C3F2194046F6D641C3F2E4
:10262000194140F2C732FBF7FBFDFFE7FFE70698D1
:10263000FEF7A2F806980399F8F750FD059830B117
:10264000FFE705980699049AFFF72EFBFFE7069827
:10265000FEF7A2F90198FEF7F9F9FFE740F6A4109A
:10266000C3F21C40006840B1FFE740F6A410C3F27B
:102670001C40016806988847FFE7FFE700200790A5
:10268000FFE7079808B080BD80B582B00190009147
:102690000198009B00221146FFF764FF02B080BD45
:1026A00082B001900198B0F1FF3F04DCFFE74FF0EA
:1026B000FF30009002E001980090FFE7009802B020
:1026C0007047000080B540F6AC10C3F21C40FCF728
:1026D00067FB80BD80B582B0FCF7D4FE00280CDC1F
:1026E000FFE745F61300C3F2194045F62F01C3F288
:1026F00019418A22FBF794FDFFE7FFE740F6B0108F
:10270000C3F21C40006838B1FFE740F6B010C3F2D6
:102710001C4000688047FFE7FFE740F6AC10C3F2BB
:102720001C4001210191FCF725FB0198FEF762F99D
:1027300000F002F802B080BD80B5FCF7A3FE0028CF
:102740000DDCFFE745F61300C3F2194046F6F151E0
:10275000C3F2194140F2EE22FBF762FDFFE740F2BF
:102760005C40C3F21C4040F2C431C3F21C41F8F794
:1027700071FE80BD80B586B00590049103920598E6
:1027800068B9FFE746F69D50C3F2194046F600616E
:10279000C3F2194140F29F22FBF742FDFFE7059883
:1027A000FDF7FAFD0A280DD0FFE746F61F60C3F2D9
:1027B000194046F60061C3F219414FF42872FBF745
:1027C0002FFDFFE70598F8F7CFFF02900298FFF77B
:1027D0005FF9019004980090092864D80099DFE817
:1027E00001F00A0531373D4B5055595E0598806A16
:1027F0000399086058E0039800686FF00041884230
:102800000DD3FFE746F62A50C3F2194046F60061A1
:10281000C3F219414FF42B72FBF702FDFFE7059855
:10282000407BC00748B1FFE70598F8F7D9FE059946
:10283000487B00F0FE004873FFE7039800680599A5
:10284000886231E00599487B00F0FD0048732BE079
:102850000599487B40F00200487325E00598407BCD
:10286000C00720B1FFE703990120086003E0039946
:1028700000200860FFE717E00598C06A0399086028
:1028800012E00598006A039908600DE00398059925
:10289000086209E00598406A0399086004E003981B
:1028A0000599486200E0FFE702980199FFF70CF9EB
:1028B000002006B080BD000080B584B0039003986E
:1028C00068B9FFE746F69D50C3F2194046F6E1515C
:1028D000C3F2194140F22B12FBF7A2FCFFE7039869
:1028E000FDF75AFD0A280DD0FFE746F61F60C3F238
:1028F000194046F6E151C3F219414FF49672FBF7C5
:102900008FFCFFE70398FDF705FE68B9FFE746F681
:102910000050C3F2194046F6E151C3F2194140F2AA
:102920002D12FBF77DFCFFE70398F8F71DFF0190E0
:102930000198FFF7ADF802900398F8F751FE03995C
:10294000487B00F0FE00487301980299FFF7BCF83D
:102950000398FDF7F5FB002004B080BD80B586B07C
:1029600084460998DDF820E0CDF814C00491039264
:1029700002938DF80700059868B9FFE746F69D5069
:10298000C3F2194046F65B61C3F2194140F21312DB
:10299000FBF746FCFFE7039868B9FFE746F6AE5041
:1029A000C3F2194046F65B61C3F219414FF48A72D3
:1029B000FBF736FCFFE708986FF0004188420DD323
:1029C000FFE746F65050C3F2194046F65B61C3F28A
:1029D000194140F21512FBF723FCFFE70598049A12
:1029E0000A21FDF7F3FC05980399029A089B9DF8CC
:1029F00007C0EE46CEF800C0F8F7BEFD06B080BDB9
:102A000080B588B0079000200590079868B9FFE767
:102A100046F69D50C3F2194046F66961C3F219416A
:102A20004FF40F72FBF7FCFBFFE70798FDF7B4FCD0
:102A30000A280DD0FFE746F61F60C3F2194046F69C
:102A40006961C3F2194140F23D22FBF7E9FBFFE760
:102A500040F25C40C3F21C40039040F2C430C3F229
:102A60001C4004900798407B000700281FD5FFE713
:102A70000120059006A8FDF769FE07984C380090E4
:102A80000098FDF789FC01280DD0FFE746F22130C0
:102A9000C3F2194046F66961C3F219414FF4167248
:102AA000FBF7BEFBFFE70098FDF76AFFFFE704981E
:102AB000FEF7EEFF029003980799F8F7A9FD019041
:102AC00004980299FFF700F8059820B1FFE70698EF
:102AD000FDF7BCFFFFE7019808B080BD80B584B06A
:102AE0000290029868B9FFE746F69D50C3F219407C
:102AF00046F61161C3F219414FF41E72FBF790FBC9
:102B0000FFE70298FDF748FC0A280DD0FFE746F6DC
:102B10001F60C3F2194046F61161C3F2194140F239
:102B20007922FBF77DFBFFE70298F8F71DFE009086
:102B30000098FEF7ADFF01900298407BC00740B9B6
:102B4000FFE700980199FEF7BFFF6FF0FE000390CA
:102B50001FE0FFE740F67C00C3F21C40006840B174
:102B6000FFE740F67C00C3F21C40016802988847EA
:102B7000FFE7FFE70298F8F733FD0299487B00F082
:102B8000FE00487300980199FEF79EFF0020039015
:102B9000FFE7039804B080BD70B596B0159314900C
:102BA0001391129200200790119010900F900E90A8
:102BB0000D908DF833000B908DF82B008DF82A00C6
:102BC0008DF829000990089014980E901498139984
:102BD00008440D900D981499884208D2FFE74FF0F1
:102BE000FF300D900D981499401A1390FFE7FFE7FE
:102BF00012980078002800F00C83FFE71298007804
:102C000025280ED0FFE70E980D99884205D2FFE7E0
:102C1000129800780E990870FFE70E9801300E9018
:102C2000F2E200208DF82A00FFE71298013012909E
:102C3000129800782D2807D1FFE79DF82A0040F070
:102C400010008DF82A0034E0129800782B2807D164
:102C5000FFE79DF82A0040F004008DF82A0027E0E5
:102C600012980078202807D1FFE79DF82A0040F04D
:102C700008008DF82A001AE012980078232807D15E
:102C8000FFE79DF82A0040F020008DF82A000DE0B3
:102C900012980078302807D1FFE79DF82A0040F00D
:102CA00001008DF82A0000E004E0FFE7FFE7FFE7FE
:102CB000FFE7BAE74FF0FF300990129800783038FC
:102CC000092805D8FFE712A800F094FB09901DE041
:102CD000129800782A2818D1FFE712980130129034
:102CE0001598011D1591006809900998B0F1FF3FF2
:102CF0000ADCFFE70998404209909DF82A0040F05D
:102D000010008DF82A00FFE7FFE7FFE74FF0FF30E4
:102D10000890129800782E2826D1FFE712980130EB
:102D20001290129800783038092805D8FFE712A8C9
:102D300000F060FB08900EE0129800782A2809D174
:102D4000FFE71298013012901598011D1591006847
:102D50000890FFE7FFE70898B0F1FF3F03DCFFE7CB
:102D600000200890FFE7FFE700208DF82900129867
:102D7000007868280AD0FFE7129800786C2805D000
:102D8000FFE7129800787A2819D1FFE712980078A7
:102D90008DF829001298013012909DF829006828BA
:102DA0000CD1FFE712980078682807D1FFE7482088
:102DB0008DF82900129801301290FFE7FFE70A20F2
:102DC0008DF82B001298007825380146069153287B
:102DD00000F27E810699DFE811F04C017B017B0156
:102DE0007B017B017B017B017B017B017B017B0103
:102DF0007B017B017B017B017B017B017B017B01F3
:102E00007B017B017B017B017B017B017B017B01E2
:102E10007B017B017B017B017B01740174017401E7
:102E20007B017B017B017B017B017B017B017B01C2
:102E30007B017B017B017B017B017B017B017B01B2
:102E400061017B017B017B017B017B017B017B01BC
:102E50007B017B01590154006C0174017401740100
:102E60007B016C017B017B017B017B017B015D01AF
:102E70001B017B017B0197007B0173017B017B01BF
:102E800068019DF82A00C006002815D4FFE7FFE777
:102E900009980138099001280DDBFFE70E980D997C
:102EA000884204D2FFE70E9920200870FFE70E98B1
:102EB00001300E90ECE7FFE71598011D15910068B1
:102EC0008DF833000E980D99884205D2FFE79DF8E2
:102ED00033000E990870FFE70E9801300E90FFE75F
:102EE00009980138099001280DDBFFE70E980D992C
:102EF000884204D2FFE70E9920200870FFE70E9861
:102F000001300E90ECE77FE11598011D15910068E6
:102F10000B900B9830B9FFE745F21F30C3F2194010
:102F20000B90FFE700200F90FFE70F99099A002010
:102F30009142059008D0FFE70B980F99405C00285C
:102F40005FEA0F900590FFE70598C00728B1FFE7FB
:102F5000FFE70F9801300F90E7E70898012808DB9A
:102F6000FFE70F980899884203DDFFE708980F9064
:102F7000FFE79DF82A00C006002816D4FFE7FFE708
:102F80000F9809994A1E099288420DDAFFE70E98B8
:102F90000D99884204D2FFE70E9920200870FFE7C0
:102FA0000E9801300E90EBE7FFE700201090FFE74E
:102FB00010980F99884215DAFFE70E980D9988420C
:102FC00005D2FFE70B9800780E990870FFE70E987E
:102FD00001300E900B9801300B90FFE710980130F4
:102FE0001090E5E7FFE70F9809994A1E0992884279
:102FF0000DDAFFE70E980D99884204D2FFE70E998B
:1030000020200870FFE70E9801300E90EBE7FBE000
:103010000998013090B9FFE708200990099802301B
:1030200009909DF82A0040F020008DF82A009DF8B4
:103030002A0040F001008DF82A00FFE70E980D9954
:10304000159A131D159312689DF82930DDF824E0B8
:10305000089C9DF82A50EC46CCF80C50CCF808405F
:10306000CCF804E0CCF800301023FAF7BBFE0E9049
:10307000CAE00E980D99884204D2FFE70E992520E8
:103080000870FFE70E9801300E90BDE002208DF829
:103090002B0040E008208DF82B003CE09DF82A0032
:1030A00040F040008DF82A00FFE710208DF82B003B
:1030B00031E09DF82A0040F002008DF82A00FFE779
:1030C00029E01598073020F0070008301590FFE739
:1030D0000E980D99884204D2FFE70E9925200870BA
:1030E000FFE70E9801300E901298007870B1FFE75C
:1030F0000E980D99884205D2FFE7129800780E9934
:103100000870FFE70E9801300E9003E01298013826
:103110001290FFE778E09DF829004C280AD1FFE7DC
:103120001598073020F0070000F10801159100689C
:10313000119051E09DF829006C2806D1FFE7159801
:10314000011D15910068119045E09DF8290048285F
:1031500011D1FFE71598011D159190F9000011900C
:103160009DF82A008007002804D5FFE79DF9440058
:103170001190FFE72EE09DF82900682810D1FFE7A5
:103180001598011D1591008811909DF82A0080075F
:10319000002804D5FFE7BDF944001190FFE718E0CF
:1031A0009DF829007A280DD1FFE71598011D15918A
:1031B000006811909DF82A008007002801D5FFE7DC
:1031C000FFE705E01598011D159100681190FFE7D4
:1031D000FFE7FFE7FFE7FFE70E980D99119A9DF8CB
:1031E0002B309DF829C0099C089D9DF82A60EE4669
:1031F000CEF80C60CEF80850CEF80440CEF800C0EF
:10320000FAF7F0FD0E90FFE7129801301290FFF7E9
:10321000EFBC139878B1FFE70E980D99884204D25D
:10322000FFE70E990020087004E00D99002001F8D6
:10323000010CFFE7FFE70E981499401A16B070BD15
:103240000020704700207047002070470020704722
:1032500080B5EDF70BFBFBF70BFEFEF72BF9FEF746
:1032600029FEFEF7E3FDFAF7B1FFFEF741FEFFF797
:1032700015F8FEF78FFFFEF7FDFD002080BD000072
:1032800080B582B0019045F2A820C3F21940FCF746
:1032900027F90198FAF73EF90198FAF745FBF8F794
:1032A0000FFC0146019A45F23D70C3F21940FCF74C
:1032B00017F902B080BD000080B582B0019045F2E0
:1032C0009060C3F21940FCF70BF9F8F7F9FB0146DF
:1032D000019800F5E17245F23D70C3F21940FCF728
:1032E000FFF8002002B080BD80B582B00190019847
:1032F000B0F81402002878D0FFE70198008E052866
:103300003FDBFFE7019901F5B97001F5E17150224A
:10331000EDF720FCA0B3FFE700200090FFE7009846
:10332000032811DCFFE70198009901EB810100EB14
:10333000011101F1320082315022FCF789FAFFE7D6
:10334000009801300090EAE70198009901EB8101B3
:1033500000EB0110323000215022FCF73BFB019AB8
:10336000009800EB800002EB0010323002F5E171B2
:10337000B2F81422FCF76CFA019905200886FFE7E1
:1033800032E00198008E70B1FFE70199088E00EBE2
:10339000800001EB00101E3801F5E1715022EDF7BD
:1033A000D9FB00B3FFE70199088EC8850198018E0B
:1033B00001EB810100EB0110323000215022FCF7BB
:1033C00009FB019A108E00EB800002EB00103230F6
:1033D00002F5E171B2F81422FCF73AFA0199088E6D
:1033E00001300886FFE7FFE7FFE70199088EC885EF
:1033F00002B080BD82B0019000200090FFE70198EC
:1034000000680078303809280DD8FFE7009800EBF5
:103410008001019B1868421C1A60007800EB410093
:1034200030380090EBE7009802B0704780B588B064
:1034300006900591069860B9FFE744F66050C3F224
:10344000194044F6D961C3F219419722FAF7E8FE10
:10345000FFE7059860B9FFE744F6B460C3F219408E
:1034600044F6D961C3F219419822FAF7D9FEFFE771
:103470000698A43804900499D1F894004068086034
:10348000059800680499486004990C2048610598E3
:10349000006844F64031C0F24C0188425FEA9F90D8
:1034A000C0030499C8610598C079C0F38000014643
:1034B000039120B1FFE70398012804D008E00499A4
:1034C0000020886108E004994FF44070886103E0AF
:1034D000049900208861FFE70598007900F00F004B
:1034E00001460291082804D0FFE70298092818D065
:1034F0001CE0059801790120B0EB911F07D0FFE790
:10350000059801790220B0EB911F05D1FFE70499DE
:103510004FF48050886003E0049900208860FFE742
:1035200008E004994FF48050886003E0049900207B
:103530008860FFE705980079C0F30110014601910A
:1035400020B1FFE70198012804D008E00499002089
:10355000C86008E004994FF40050C86003E0049983
:103560000020C860FFE705980079800901460091B6
:1035700040B1FFE70098012808D0FFE70098022833
:1035800009D00DE00499002008610DE004994FF482
:10359000C060086108E004994FF48060086103E0AE
:1035A000049900200861FFE70498F0F70BFC20B1B4
:1035B000FFE76FF0FE0007900FE004998868096943
:1035C00000F080FC0499C1F89800049941F27070F1
:1035D000C1F89C0000200790FFE7079808B080BD65
:1035E00080B58AB0089007910692089860B9FFE705
:1035F00044F66050C3F2194044F6E961C3F2194140
:10360000F422FAF70DFEFFE70898A4380590079812
:103610000438014601911C2800F269800199DFE815
:1036200001F04466250F66666666666666666666CF
:10363000666666666666666666666666666657009F
:103640000598D0F89400B0F90800F6F7FFF906984D
:1036500004900498B0F5807F07D1FFE705980168D2
:10366000086820F020000860FFE741E00598D0F8E6
:103670009400B0F9080001210022EEF767FB0598DD
:10368000D0F89400B0F90800EEF756FB06980390C6
:103690000398B0F5807F07D1FFE7059801680868B7
:1036A00040F020000860FFE722E00598F0F780F87E
:1036B00068B1FFE745F62D00C3F2194044F6E96111
:1036C000C3F2194140F23B12FAF7AAFDFFE70FE0FF
:1036D00006980290029828B1FFE702980599C1F870
:1036E0009C0003E06FF0FE00099004E000E0FFE7BB
:1036F00000200990FFE709980AB080BD80B586B028
:103700000490039102920193049868B9FFE744F68C
:103710006050C3F2194044F60071C3F2194140F2FF
:103720008112FAF77DFDFFE7039868B9FFE744F6D9
:10373000A560C3F2194044F60071C3F219414FF479
:10374000C172FAF76DFDFFE70498A4380090029863
:1037500018B9FFE70020059014E0019802280ED167
:10376000FFE700980399BDF80820F0F789FB18B926
:10377000FFE70298059005E00020059002E0002098
:103780000590FFE7059806B080BD000080B584B0C5
:103790000390039868B9FFE744F66050C3F21940FC
:1037A00044F6C361C3F219414FF4B672FAF738FD1B
:1037B000FFE70398A43801904FF0FF300290019882
:1037C0000068C0698006002809D5FFE701980068F5
:1037D000406A0199D1F8981008400290FFE70298DA
:1037E00004B080BD80B588B0DDF828C00690059192
:1037F0008DF8132003934FF0FF3001909DF81400D3
:1038000000090F2804D3FFE76FF02C0007907BE03E
:10381000059800F00F0101208840F7F7ADFF0190F7
:103820000198002804D4FFE70198102804DBFFE783
:103830006FF02C00079067E0EDF718F80290019800
:10384000010140F29810C3F21C404058059988428B
:103850002BD1FFE7019940F29810C3F21C4000EB16
:1038600001108068039988421FD1FFE7019940F257
:103870009810C3F21C4000EB011000799DF8131062
:10388000884212D1FFE7019940F29810C3F21C4020
:1038900000EB0110C0680A99884206D1FFE7029840
:1038A000ECF7E8FF002007902EE00198010140F2BC
:1038B0009810C3F21C404058013038B1FFE702981D
:1038C000ECF7D8FF6FF0160007901DE005980199FE
:1038D0000A0140F29811C3F21C4188500398019AE2
:1038E00001EB021290609DF81300019A01EB0212A5
:1038F00010710A98019A01EB0211C8600298ECF766
:10390000B9FF00200790FFE7079808B080BD0000CE
:1039100080B586B0049003914FF0FF3001909DF880
:103920000C0000090F2804D3FFE76FF02C0005906E
:1039300043E0039800F00F0101208840F7F71CFFD7
:1039400001900198002804D4FFE70198102804DBB7
:10395000FFE76FF02C0005902FE0ECF787FF029057
:103960000198010140F29810C3F21C404058013008
:1039700030B9FFE70298ECF77DFF002005901CE0CE
:103980000198020140F29811C3F21C414FF0FF3040
:103990008850019801EB0012002000909060019A7D
:1039A00001EB02121071019A01EB0211C86002983A
:1039B000ECF760FF00980590FFE7059806B080BD22
:1039C00080B588B006900020059003900698FEF719
:1039D000EBF801900198042804DBFFE70198062822
:1039E00001DBFFE73FE006980078502805D1FFE7AC
:1039F000069880782E2801D0FFE734E006984078BA
:103A000041280ADBFFE7069840785A2805DCFFE7E3
:103A1000069840784138049000E024E003200290AA
:103A2000FFE702980199884211DAFFE7039800EB5B
:103A300080004000039006980299405C0399084476
:103A400030380390FFE7029801300290E9E70498CC
:103A500000F00F01039800F00F0040EA01100590FC
:103A60000598079009E044F66A60C3F21940FBF735
:103A700037FD6FF004000790FFE7079808B080BD9E
:103A800080B58EB00C900B918DF82B204FF0FF304D
:103A900007909DF82C0000090F2804D3FFE76FF072
:103AA0002C000D9007E19DF82B00012840F08A8042
:103AB000FFE70020069005900490039002900B9879
:103AC00000F00F0101208840F7F756FE0790079895
:103AD000002804D4FFE70798102804DBFFE76FF005
:103AE0002C000D90E7E0ECF7C1FE0890079801016B
:103AF00040F29810C3F21C404058013038B9FFE73B
:103B00000898ECF7B7FE6FF02C000D90D3E0079902
:103B100044F22A40C3F2194000EB810009900B984F
:103B200000F00F01012088400290022005900799C3
:103B300040F29810C3F21C4000EB011000790146DE
:103B4000019140B1FFE7019801280AD0FFE70198F1
:103B500002280CD011E0022004904FF4881003904A
:103B60000BE0012004904FF40410039005E00020C6
:103B700004904FF444100390FFE70B994FF47050FA
:103B800000EA81100021C5F20261084302A9EDF7A5
:103B900031FE0998B0F9020005210022EEF7D6F8AF
:103BA0000998B0F90200EEF7C7F80998028840F2C8
:103BB000C871C3F21C410868104308600898ECF70C
:103BC00059FE75E09DF82B0000286CD1FFE70B989B
:103BD00000F00F0101208840F8F786FC0990099851
:103BE00020B9FFE76FF02C000D9064E0ECF73EFE8B
:103BF00008900B994FF4705000EA81100022C5F232
:103C00000262104301F00F0201219140EDF746FCE2
:103C10000998028840F2C871C3F21C4108689043B9
:103C2000086009980088202816DBFFE709980088BB
:103C3000B0F5007F10DCFFE740F2C870C3F21C4013
:103C4000008810F4787F06D1FFE70998B0F90200E8
:103C5000EEF768F8FFE722E009980088B0F5806F7A
:103C600016DBFFE709980088B0F5004F10DCFFE78E
:103C700040F2C870C3F21C40407810F0FC0F06D12F
:103C8000FFE70998B0F90200EEF74CF8FFE705E00E
:103C90000998B0F90200EEF745F8FFE7FFE708984A
:103CA000ECF7E8FD03E06FF02C000D9003E0FFE778
:103CB00000200D90FFE70D980EB080BD80B588B054
:103CC000079006918DF817209DF8180000090F281D
:103CD00001D3FFE74AE0069800F00F01012000FA47
:103CE00001F100910190022003909DF8170028B97E
:103CF000FFE701200190002002902AE09DF81700C4
:103D0000012804D1FFE700200190029020E09DF8F7
:103D10001700022805D1FFE7002001900120029042
:103D200015E09DF81700032805D1FFE7002001905A
:103D3000022002900AE09DF81700042805D1FFE751
:103D40001120019000200290FFE7FFE7FFE7FFE767
:103D5000FFE706994FF4705000EA81100021C5F288
:103D6000026108436946EDF745FDFFE708B080BDF5
:103D700080B586B00490039100208DF805009DF871
:103D80000C0000090E2819D8FFE703994FF4705072
:103D900000EA81100021C5F20261084302900398F5
:103DA00000F00F0101208840ADF806000298BDF830
:103DB0000610EDF729FF8DF8050003E06FF0040011
:103DC000059006E09DF8050000285FEA0F90059039
:103DD000FFE7059806B080BD80B586B005900491D8
:103DE0008DF80F209DF8100000090E2819D8FFE764
:103DF00004994FF4705000EA81100021C5F202616D
:103E000008430290049800F00F0101208840ADF8AB
:103E100006000298BDF806109DF80F20EDF70CFF84
:103E2000FFE706B080BD000080B586B005908DF834
:103E30001310059868B9FFE744F66050C3F21940C3
:103E400044F6CE61C3F2194140F25712FAF7E8F98D
:103E5000FFE70598A43803900398D0F89C000290DF
:103E600003980168402008629DF8130003990968CF
:103E70008862FFE703980068C06900F040020021F3
:103E80000846B1EB921F019008D1FFE70298013874
:103E9000029000285FEA0F900190FFE70198C007A9
:103EA00008B1FFE7E6E702990120002950EA10B0C7
:103EB00006B080BD40F6C411C3F21C410020A1F839
:103EC000A000704783B002900191FF2000900298FB
:103ED00050B9FFE7019818B9FFE7FF20009002E012
:103EE0007F200090FFE723E00298B0F5805F0BD1C0
:103EF000FFE7019820B9FFE740F2FF10009002E0D1
:103F0000FF200090FFE712E00298B0F1805F0AD135
:103F1000FFE7019818B9FFE77F20009002E03F20FB
:103F20000090FFE702E000200090FFE7FFE7FFE7D7
:103F3000009803B07047000084B00390029103988A
:103F40000190FFE7019801780020009079B1FFE728
:103F5000029801780020009049B1FFE701980078AD
:103F60000299097888425FEA1F900090FFE7009865
:103F7000C00738B1FFE70198013001900298013085
:103F80000290DFE701980399401A04B070470000DF
:103F900080B582B00190019868B9FFE744F660509F
:103FA000C3F2194044F6F761C3F219414FF4E872C5
:103FB000FAF736F9FFE70198A438009000980068F6
:103FC000C069800600280CD5FFE7009800680068EB
:103FD0008006002805D5FFE701980121FBF76CF862
:103FE0007DE000980068C0694006002821D5FFE701
:103FF000009800680068400600281AD5FFE701987D
:10400000808B0005002804D5FFE70098EFF712FC2D
:104010000AE000980168086820F0400008600198F4
:104020000221FBF749F8FFE7009801684020086289
:1040300054E000980068C0690007002805D5FFE734
:104040000098016808200862FFE700980068C069CE
:104050004007002805D5FFE70098016804200862A2
:10406000FFE700980068C0698007002805D5FFE7D2
:104070000098016802200862FFE700980068C069A4
:10408000C00728B1FFE70098016801200862FFE738
:1040900000980068C0694005002806D5FFE7009831
:1040A00001684FF480600862FFE700980068C0690B
:1040B0000006002805D5FFE7009801688020086207
:1040C000FFE700980068C0698006002805D5FFE773
:1040D0000098016820200862FFE7FFE7FFE702B0D1
:1040E00080BD000080B582B044F2F840C3F21940B0
:1040F000FBF7F6F94EF62A50CEF200000190018847
:1041000044F2C760C3F21940FBF7EAF9019800884E
:10411000C00738B1FFE744F28F60C3F21940FBF7E4
:10412000DFF9FFE74EF62A50CEF200000088800744
:10413000002807D5FFE744F23660C3F21940FBF7C9
:10414000CFF9FFE74EF62A50CEF200000088400774
:10415000002807D5FFE744F22460C3F21940FBF7BB
:10416000BFF9FFE74EF62A50CEF2000000880007A4
:10417000002807D5FFE744F25F60C3F21940FBF760
:10418000AFF9FFE74EF62A50CEF200000088C005D6
:10419000002807D5FFE744F22B60C3F21940FBF774
:1041A0009FF9FFE74EF62A50CEF200000088800506
:1041B000002807D5FFE744F25460C3F21940FBF72B
:1041C0008FF9FFE745F2A820C3F21940FBF788F901
:1041D00002B080BD80B5FDF76DF9002080BD000004
:1041E0007FE97FE9F4F766BB0000000000000000F3
:1041F00000000000000000000000000000000000BF
:1042000010B500290AD00878002807D0054878445E
:10421000ECF7AEFD002801D0002010BD0248784424
:1042200010BD0000D22D0000CA2D0000F1EE100AD2
:104230004FF6FF71C0F2C03120EA010040F040703B
:1042400040F48020E1EE100A7047010002000400F3
:10425000060008000A000C0010002000400080004A
:1042600000010000BD3C1934D93D1934713D1934A9
:10427000E537193411391934813A1934C1391934EF
:10428000000000000010025600000000001002565E
:10429000000000000010025600000000001002564E
:1042A00000000000CC54193488541934E3531934F5
:1042B0000B5419342C541934CE5319345D54193419
:1042C0004E541934F05519346A54193415561934AA
:1042D000F855193404561934165419340C56193437
:1042E000AE5419342655193495541934BF54193421
:1042F000F6541934DD5419347B5419340B551934E0
:104300001655193437541934A35419340054193438
:10431000F55319344354193421541934EB541934D6
:1043200070696E0070696E205B6F7074696F6E5D8E
:10433000007265626F6F74005265626F6F74205314
:10434000797374656D00636C65617200636C65619F
:104350007220746865207465726D696E616C20737B
:10436000637265656E0076657273696F6E0073685F
:104370006F772052542D546872656164207665729F
:1043800073696F6E20696E666F726D6174696F6EAE
:10439000006C697374006C697374206F626A656382
:1043A00074730068656C700052542D5468726561B6
:1043B00064207368656C6C2068656C7000707300B5
:1043C0004C697374207468726561647320696E202F
:1043D0007468652073797374656D00667265650035
:1043E00053686F7720746865206D656D6F727920F2
:1043F000757361676520696E2074686520737973D1
:1044000074656D006261636B7472616365007072E4
:10441000696E74206261636B7472616365206F669C
:10442000206120746872656164000100140002005C
:1044300015000400160008001700100018002000E6
:10444000190040001A0080001B0000011C0000023F
:104450001D0000041E0000081F00001020000020A6
:1044600021000040220000802300303132333435F7
:1044700036373839414243444546003031323334CF
:104480003536373839616263646566002D34193416
:10449000E1351934293E19348D371934FD36193474
:1044A00068617264206661756C74206F6E2068614B
:1044B0006E646C65720D0A0D0A0068617264206694
:1044C00061756C74206F6E207468726561643A2047
:1044D00025730D0A0D0A00465055206163746976F4
:1044E00065210D0A006D656D206D616E6167652047
:1044F0006661756C743A0A00757361676520666160
:10450000756C743A0A00627573206661756C743A52
:104510000A005343422D3E424641523A2530385814
:104520000A005343422D3E4D4D41523A25303858F2
:104530000A006661696C656420766563746F722039
:1045400066657463680A00646562756720657665F0
:104550006E740A007230303A203078253038780A8C
:10456000007231303A203078253038780A007230C5
:10457000313A203078253038780A007231313A20CB
:104580003078253038780A007230323A2030782579
:104590003038780A007231323A2030782530387855
:1045A0000A007230333A203078253038780A0072A9
:1045B00030343A203078253038780A007230353A75
:1045C000203078253038780A007230363A2030783A
:1045D000253038780A007230373A20307825303864
:1045E000780A007230383A203078253038780A005E
:1045F0007230393A203078253038780A00207063DC
:104600003A203078253038780A00206C723A203011
:1046100078253038780A007073723A203078253067
:1046200038780A00494E5650432000554E414C49B7
:10463000474E45442000494E5653544154452000AE
:104640004441434356494F4C200049414343564956
:104650004F4C200044495642595A45524F20004E73
:104660004F435020004D53544B45525220004D555E
:104670004E53544B4552522000494D5052454349E8
:10468000534552522000494255534552522000553D
:104690004E444546494E53545220005343425F43D3
:1046A0004653525F424653523A30782530325820B2
:1046B000005343425F434653525F4D4653523A3094
:1046C000782530325820005343425F434653525FAF
:1046D000554653523A30782530325820001B5B3013
:1046E0006D0A001B5B33316D5B452F6B65726E6528
:1046F0006C2E6465766963655D200072745F6F621D
:104700006A6563745F69735F73797374656D6F62F3
:104710006A65637428266465762D3E706172656EE5
:104720007429006465762D3E7265665F636F756EF1
:104730007420213D20300072745F6F626A6563747B
:104740005F69735F73797374656D6F626A656374B3
:1047500028266465762D3E706172656E7429203D51
:104760003D2052545F46414C5345006465762021FC
:104770003D2052545F4E554C4C00546F20696E6979
:104780007469616C697A65206465766963653A2548
:104790002E2A73206661696C65642E20546865203A
:1047A0006572726F7220636F64652069732025647F
:1047B0000072745F6465766963655F726561640049
:1047C00072745F6F626A6563745F6765745F747942
:1047D000706528266465762D3E706172656E742959
:1047E000203D3D2052545F4F626A6563745F436CA5
:1047F0006173735F4465766963650072745F6465B5
:10480000766963655F636C6F73650072745F64657E
:10481000766963655F7365745F72785F696E6469FA
:10482000636174650072745F6465766963655F7364
:1048300065745F74785F636F6D706C65746500722A
:10484000745F6465766963655F7772697465007229
:10485000745F6F626A6563745F6765745F747970B3
:104860006528266465762D3E706172656E74292018
:104870003D3D2052545F4F626A6563745F436C61D3
:1048800073735F4E756C6C0072745F6465766963F8
:10489000655F636F6E74726F6C0072745F646576CF
:1048A0006963655F6F70656E0072745F64657669D9
:1048B00063655F756E7265676973746572007274A3
:1048C0005F6465766963655F696E69740072745FC1
:1048D0006465766963655F64657374726F790046B9
:1048E000756E6374696F6E5B25735D207368616CB0
:1048F0006C206E6F74206265207573656420696E2C
:10490000204953520A0046756E6374696F6E5B25C9
:10491000735D3A207363686564756C6572206973B2
:10492000206E6F7420617661696C61626C650A004B
:1049300046756E6374696F6E5B25735D2073686185
:104940006C6C206E6F7420626520757365642062E4
:1049500065666F7265207363686564756C65722047
:1049600073746172740A00726573756C7420213DF2
:104970002052545F454F4B00636F6D706C657469D6
:104980006F6E20213D2052545F4E554C4C005254C6
:104990005F434F4D504C4554494F4E5F544852452C
:1049A000414428636F6D706C6574696F6E29203D9A
:1049B0003D2052545F4E554C4C0072745F636F6DD6
:1049C000706C6574696F6E5F77616B6575705F623F
:1049D000795F6572726E6F0072745F636F6D706C79
:1049E0006574696F6E5F776169745F666C61677328
:1049F0000072745F636F6D706C6574696F6E5F6970
:104A00006E697400506172616D6574657220696EC3
:104A100076616C6964203A202573210A0070696E02
:104A2000205B6F7074696F6E5D204750494F0A00BC
:104A30002020202020202020202020202020206531
:104A40002E672E204D5348203E70696E207265619E
:104A500064204750494F0A002573203A2025640AF4
:104A60000020202020206D6F64653A202020202027
:104A70007365742070696E206D6F646520746F209B
:104A80006F75747075742F696E7075742F696E70A0
:104A900075745F70756C6C75702F696E7075745F6E
:104AA00070756C6C646F776E2F6F75747075745F52
:104AB0006F640A0070696E5B25645D203D20686943
:104AC00067680A002020202020202020202020208D
:104AD000202020652E672E204D5348203E70696EA1
:104AE000207772697465204750494F20686967686C
:104AF0000A002020202020726561643A20202020B6
:104B000020726561642070696E206C6576656C202A
:104B10006F662068617264776172652070696E0AE1
:104B20000020202020206E756D3A2020202020209B
:104B30006765742070696E206E756D62657220669F
:104B4000726F6D2068617264776172652070696E42
:104B50000A00202020202077726974653A202020E6
:104B60002077726974652070696E206C6576656C5B
:104B700028686967682F6C6F77206F72206F6E2FBF
:104B80006F66662920746F20686172647761726550
:104B90002070696E0A00202020202068656C703A21
:104BA0002020202020746869732068656C70206C58
:104BB0006973740A0020202020202020202020203B
:104BC00020202020652E672E204D5348203E7069FE
:104BD0006E206D6F6465204750494F206F7574706B
:104BE00075740A0070696E5B25645D203D206C6FF2
:104BF000770A004750494F20652E672E3A007069AA
:104C00006E20213D2052545F4E554C4C005F68771A
:104C10005F70696E2E6F707320213D2052545F4E7D
:104C2000554C4C0072745F70696E5F726561640010
:104C30006F75747075745F6F640072745F70696E05
:104C40005F6465626F756E63650072745F70696E34
:104C50005F6D6F64650072745F70696E5F69727119
:104C60005F656E61626C650072745F70696E5F771C
:104C700072697465006F66660068696768005F70D6
:104C8000696E5F636F6E74726F6C006E756D006F2E
:104C90006E00696E7075745F70756C6C646F776EA2
:104CA00000696E7075745F70756C6C7570007274ED
:104CB0005F70696E5F6465746163685F69727100DB
:104CC00072745F70696E5F6174746163685F69724A
:104CD000710072745F70696E5F67657400696E70F1
:104CE0007574006F7574707574006C6F77001B5B62
:104CF00033336D5B572F554152545D20005761721D
:104D00006E696E673A205468657265206973206E1B
:104D10006F20656E6F7567682062756666657220C4
:104D2000666F7220736176696E6720646174612CAE
:104D300020706C6561736520696E6372656173656F
:104D4000207468652052545F53455249414C5F526C
:104D5000425F425546535A206F7074696F6E2E0041
:104D600073657269616C20213D2052545F4E554C31
:104D70004C0072785F6669666F20213D2052545F57
:104D80004E554C4C0074785F6669666F20213D205B
:104D900052545F4E554C4C00747820213D205254A3
:104DA0005F4E554C4C0072745F73657269616C5F45
:104DB000726561640072745F73657269616C5F63D0
:104DC0006C6F73650072745F73657269616C5F7795
:104DD000726974650072745F73657269616C5F6398
:104DE0006F6E74726F6C0072745F73657269616C60
:104DF0005F6F70656E0072745F68775F736572696C
:104E0000616C5F72656769737465720072745F6864
:104E1000775F73657269616C5F6973720072745F4A
:104E200073657269616C5F696E6974005F73657246
:104E300069616C5F706F6C6C5F7278005F73657234
:104E400069616C5F696E745F7278005F7365726927
:104E5000616C5F706F6C6C5F7478005F7365726912
:104E6000616C5F696E745F74780050782E792020D1
:104E7000783A417E5A2020793A302D31352C206500
:104E80002E672E2050412E300A0070696E00756129
:104E900072743100726573756C74203D3D205254FC
:104EA0005F454F4B0062756620213D2052545F4E96
:104EB000554C4C0063666720213D2052545F4E558F
:104EC0004C4C0073746D33325F67657463007374A8
:104ED0006D33325F707574630073746D33325F636A
:104EE0006F6E6669677572650073746D33325F63E8
:104EF0006F6E74726F6C00756172745F69737200AB
:104F000073746D33325F646D615F7472616E736D63
:104F100069740072745F68775F75736172745F693A
:104F20006E6974001B5B33316D5B452F6472765F75
:104F3000636F6D6D6F6E5D20004572726F725F48BA
:104F4000616E646C65722061742066696C653A25D7
:104F500073206E756D3A256400252D2A2E2A732044
:104F600020206F776E65722020686F6C64207072ED
:104F7000696F726974792073757370656E642074DB
:104F80006872656164200A00202D2D2D2D2D2D2D98
:104F90002D2D2D202D2D2D2D2D2D2D2D2D2D202D5B
:104FA0002D2D2D2D2D2D2D2D2D2D202D2D2D2D2D3E
:104FB0002D2D2D2D0A00202D2D2D2D2D2D2D2D2D7E
:104FC0002D2D2D2D2D2D2D2D2D2D2D202D2D2D2D1E
:104FD0002D2D2D2D2D2D0A00202D2D2D2D20202D78
:104FE0002D2D2D2D2D2D2D2D2D2D2D2D2D0A00204E
:104FF0002D2D2D202D2D2D2D2D2D2D2D2D2D2D2DEE
:105000002D2D0A00202D2D2D2D20202D2D2D2D2054
:10501000202D2D2D2D202D2D2D2D2D2D2D2D2D2DDA
:105020002D2D2D2D0A00202D2D2D2D2D2D2D2D201A
:105030002D2D2D2D202D2D2D2D2D2D2D2D202D2DBA
:105040002D2D2D2D2D2D2D2D2D2D2D2D0A002020FA
:105050002D2D2D2D2D2D2D2D2D2D202D2D2D2D2D8D
:105060002D2D2D2D2D2D2D2D2D0A00252D2A2E2ACD
:1050700073202030782530387820300A005B6F703C
:1050800074696F6E735D3A0A0020204E2F410A004A
:1050900055736167653A206C697374205B6F707437
:1050A000696F6E735D0A00706572696F6469630A87
:1050B00000252D2A2E2A73202530346420202564D3
:1050C0000A00252D2A2E2A732025303364202564DA
:1050D0000A00252D2A2E2A7320253034642020250D
:1050E0003034642020253034642025640A00252DC6
:1050F0002A2E2A7320253034642020253034642061
:1051000025640A00252D2A2E2A7320252D382E2AC3
:105110007320253034642025386420202530346401
:105120000A00252D2A2E2A7320252D3230732025A2
:105130002D38640A00252D2A2E2A732020202020B5
:10514000207365742020202073757370656E642051
:105150007468726561640A00252D2A2E2A732076F0
:1051600020202073757370656E64207468726561A9
:10517000640A00252D2A2E2A7320626C6F636B202F
:10518000746F74616C2066726565207375737065E9
:105190006E64207468726561640A00252D2A2E2AC7
:1051A0007320656E7472792073697A6520737573E4
:1051B00070656E64207468726561640A00252D2A2A
:1051C0002E2A7320656E7472792073757370656E04
:1051D00064207468726561640A00252D2A2E2A7382
:1051E0002020706572696F64696320202074696D86
:1051F000656F757420202020616374697661746521
:105200006420202020206D6F64650A00252D2A2E41
:105210002A73207072692020737461747573202062
:105220002020202073702020202020737461636B65
:105230002073697A65206D61782075736564206CD0
:10524000656674207469636B2020206572726F72CA
:105250002020746362206164647220202075736171
:1052600067650A00252D2A2E2A7320202020202061
:1052700020202074797065202020202020202020EC
:1052800072656620636F756E740A006F6E652073B9
:10529000686F740A0063757272656E742074696356
:1052A0006B3A3078253038780A006163746976612A
:1052B0007465642020200020696E6974202020001D
:1052C00020636C6F73652020002072656164792013
:1052D0002000252D2A2E2A73202533642000252D19
:1052E0002A2E2A7320252D382E2A73202530346447
:1052F00020253864202025303464200064656163F3
:10530000746976617465642000252D2A2E2A732025
:1053100030782530387820307825303878200028CB
:105320006E756C6C2900202D2D2D20202D2D2D2DFE
:105330002D2D2D202D2D2D2D2D2D2D2D2D2D202DB7
:105340002D2D2D2D2D2D2D2D2D20202D2D2D2D2DA7
:105350002D20202D2D2D2D2D2D2D2D2D2D202D2DA4
:105360002D2D2D2D2D00252D2A2E2A73202530346C
:1053700064202025643A00252D2A2E2A732025300A
:1053800033642025643A00252D2A2E2A73202530E7
:1053900034642020253034642020253034642025D6
:1053A000643A00252D2A2E2A7320253034642020CB
:1053B000253034642025643A00252D2A2E2A7320B6
:1053C0002030782530387820253033643A00525424
:1053D00043001B5B324A1B5B48002073757370658A
:1053E0006E64004E6574776F726B20496E746572DF
:1053F00066616365004441432044657669636500E6
:1054000041444320446576696365004D544420441B
:105410006576696365005350492044657669636524
:105420000050574D204465766963650043414E2026
:1054300044657669636500574C414E204465766942
:10544000636500574454204465766963650047727C
:1054500061706869632044657669636500536F75A0
:105460006E64204465766963650055534220536C31
:105470006176652044657669636500546F7563687D
:105480002044657669636500426C6F636B204465F8
:105490007669636500506F7274616C20446576694B
:1054A00063650050696E2044657669636500504D00
:1054B0002050736575646F20446576696365005498
:1054C000696D657220446576696365004368617241
:1054D0006163746572204465766963650053656E27
:1054E000736F72204465766963650042757320446A
:1054F0006576696365004D697363656C6C616E65A3
:105500006F7573204465766963650050687920443F
:1055100065766963650053656375726974792044C3
:10552000657669636500506970650073656D6170CB
:10553000686F7265006D73677175657565002072BF
:10554000756E6E696E67006D656D706F6F6C007360
:10555000656D00556E6B6E6F776E0020307825306C
:105560003878203078253038782020202025336482
:1055700025252020203078253038782025732025D7
:10558000700074696D6572006C6973742074687260
:1055900065616473006C6973742064657669636522
:1055A00073006C6973742073656D6170686F7265E8
:1055B00073006C697374206D657373616765207126
:1055C0007565756573006C697374206D656D6F72B8
:1055D0007920706F6F6C73006C6973742074696DDF
:1055E000657273006C697374206576656E74730000
:1055F0004932432042757300555342204F5447208F
:105600004275730053504920427573005344494F0B
:10561000204275730055534220486F7374204275C1
:1056200073006C697374206D7574657873006C69B0
:105630007374206D61696C626F7873006576656E56
:1056400074006D75746578006D61696C626F7800C7
:1056500008200800082573202008006E6F206D6563
:105660006D6F727920666F72207368656C6C0A00CA
:1056700066696E73683A2063616E206E6F7420668F
:10568000696E64206465766963653A2025730A0053
:105690001B5B324B0D006D736820007368656C6C8A
:1056A00020213D2052545F4E554C4C00256300662E
:1056B000696E73685F72785F696E640066696E73A5
:1056C000685F6765745F6465766963650066696EC7
:1056D00073685F7365745F646576696365006669A6
:1056E0006E73685F6765745F70726F6D70745F6D05
:1056F0006F64650066696E73685F7365745F70726E
:105700006F6D70745F6D6F646500747368656C6C49
:105710000066696E73685F6765745F6563686F00D4
:1057200066696E73685F7365745F6563686F006652
:10573000696E73685F6765746368617200257325BD
:105740007300736872780025733A20636F6D6D6122
:105750006E64206661696C65642025642E0A0025EC
:10576000733A20636F6D6D616E64206E6F74206696
:105770006F756E642E0A00546F6F206D616E792014
:10578000617267732021205765206F6E6C792055F8
:1057900073653A0A0052542D54687265616420732F
:1057A00068656C6C20636F6D6D616E64733A0A009E
:1057B0007573656420202020203A2025640A007437
:1057C0006F74616C202020203A2025640A006D61EE
:1057D00078696D756D20203A2025640A0061766134
:1057E000696C61626C653A2025640A0020202020E3
:1057F000252D313673202D2025730A0025732000B6
:105800005F6D73685F657865635F636D6400726583
:1058100074700072745F696E746572727570745F13
:105820006765745F6E6573742829203E20300072AE
:10583000745F7469636B5F696E6372656173650041
:1058400072745F7469636B5F696E637265617365BF
:105850005F7469636B0074696420213D2052545F5A
:105860004E554C4C006D61696E0072745F617070D2
:105870006C69636174696F6E5F696E6974007469E5
:10588000646C6525640028666C6167203D3D20528C
:10589000545F4950435F464C41475F4649464F2954
:1058A000207C7C2028666C6167203D3D2052545F3F
:1058B0004950435F464C41475F5052494F2900725F
:1058C000745F73636865645F7468726561645F695F
:1058D000735F73757370656E646564286E65787444
:1058E0005F746872656164290072745F6F626A65D3
:1058F00063745F69735F73797374656D6F626A65F2
:10590000637428266D622D3E706172656E742E7010
:105910006172656E74290072745F6F626A65637488
:105920005F69735F73797374656D6F626A656374C1
:10593000282673656D2D3E706172656E742E7061E0
:1059400072656E74290072745F6F626A6563745F5A
:1059500069735F73797374656D6F626A65637428C8
:10596000266D712D3E706172656E742E7061726568
:105970006E74290072745F6F626A6563745F697325
:105980005F73797374656D6F626A656374282665E9
:1059900076656E742D3E706172656E742E706172E4
:1059A000656E74290072745F6F626A6563745F6903
:1059B000735F73797374656D6F626A6563742826AB
:1059C0006D757465782D3E706172656E742E7061B0
:1059D00072656E7429002F0073697A6520213D205D
:1059E000300072745F6F626A6563745F69735F73BE
:1059F000797374656D6F626A65637428266D622DB4
:105A00003E706172656E742E706172656E742920CD
:105A10003D3D2052545F46414C53450072745F6FC8
:105A2000626A6563745F69735F73797374656D6FC0
:105A3000626A656374282673656D2D3E70617265B8
:105A40006E742E706172656E7429203D3D20525433
:105A50005F46414C53450072745F6F626A656374C0
:105A60005F69735F73797374656D6F626A65637480
:105A700028266D712D3E706172656E742E70617294
:105A8000656E7429203D3D2052545F46414C53457C
:105A90000072745F6F626A6563745F69735F7379C4
:105AA0007374656D6F626A65637428266576656ECA
:105AB000742D3E706172656E742E706172656E74C5
:105AC00029203D3D2052545F46414C53450072749D
:105AD0005F6F626A6563745F69735F73797374651E
:105AE0006D6F626A65637428266D757465782D3EE6
:105AF000706172656E742E706172656E7429203DDE
:105B00003D2052545F46414C5345007468726561B4
:105B1000642D3E6572726F72203D3D2052545F4588
:105B20004F4B006D6220213D2052545F4E554C4C2E
:105B30000074687265616420213D2052545F4E55A7
:105B40004C4C0073656D20213D2052545F4E554CE6
:105B50004C006D7120213D2052545F4E554C4C003D
:105B600062756666657220213D2052545F4E554C29
:105B70004C006576656E7420213D2052545F4E5571
:105B80004C4C00737573705F6C69737420213D20F9
:105B900052545F4E554C4C006D7574657820213D14
:105BA0002052545F4E554C4C0076616C7565203C1C
:105BB000203078313030303055006D757465782D77
:105BC0003E6F776E657220213D2074687265616456
:105BD0000072745F6D757465785F64726F705F7466
:105BE00068726561640072745F6576656E745F7378
:105BF000656E64005F72745F73656D5F74616B6581
:105C0000005F72745F6D757465785F74616B6500B9
:105C100072745F6F626A6563745F6765745F7479DD
:105C20007065282673656D2D3E706172656E742EE9
:105C3000706172656E7429203D3D2052545F4F6241
:105C40006A6563745F436C6173735F53656D617004
:105C5000686F72650072745F73656D5F72656C6505
:105C60006173650072745F6D757465785F72656CE1
:105C7000656173650072745F6D625F637265617404
:105C8000650072745F73656D5F6372656174650052
:105C900072745F6D715F6372656174650072745FC9
:105CA0006576656E745F6372656174650072745FBA
:105CB0006D757465785F6372656174650072745F99
:105CC0006D625F64656C6574650072745F73656DA9
:105CD0005F64656C6574650072745F6D715F6465A7
:105CE0006C6574650072745F6576656E745F64657B
:105CF0006C6574650072745F6D757465785F64655A
:105D00006C6574650072745F6F626A6563745F6767
:105D100065745F7479706528266D712D3E706172AF
:105D2000656E742E706172656E7429203D3D20523F
:105D3000545F4F626A6563745F436C6173735F4D58
:105D400065737361676551756575650072745F731E
:105D50007573705F6C6973745F6465717565756583
:105D60000072745F737573705F6C6973745F656ED6
:105D700071756575650072745F6D757465785F67C0
:105D800065747072696F6365696C696E67007274BF
:105D90005F6D757465785F7365747072696F636544
:105DA000696C696E670072745F6D625F64657461CF
:105DB00063680072745F73656D5F646574616368C6
:105DC0000072745F6D715F64657461636800727402
:105DD0005F6576656E745F64657461636800727494
:105DE0005F6D757465785F64657461636800727473
:105DF0005F6D625F636F6E74726F6C0072745F735D
:105E0000656D5F636F6E74726F6C0072745F6D713D
:105E10005F636F6E74726F6C0072745F6576656E2F
:105E2000745F636F6E74726F6C00252E2A73005F4F
:105E300072745F6D625F73656E645F776169740031
:105E40005F72745F6D715F73656E645F77616974B3
:105E50000072745F6D625F696E69740072745F7363
:105E6000656D5F696E69740072745F6D715F696EF4
:105E700069740072745F6576656E745F696E6974CB
:105E80000072745F6D757465785F696E6974007215
:105E9000745F6D625F757267656E740072745F6DBA
:105EA000715F757267656E74007468726561642DE8
:105EB0003E70656E64696E675F6F626A65637420C9
:105EC0003D3D20266D757465782D3E706172656E5E
:105ED000742E706172656E740072745F6F626A65B1
:105EE00063745F6765745F7479706528266576658D
:105EF0006E742D3E706172656E742E706172656E87
:105F00007429203D3D2052545F4F626A6563745F7F
:105F1000436C6173735F4576656E74005F72745F86
:105F20006D625F72656376005F72745F6D715F7240
:105F3000656376005F72745F6576656E745F726527
:105F400063760072745F6F626A6563745F6765741D
:105F50005F7479706528266D757465782D3E706163
:105F600072656E742E706172656E7429203D3D20DD
:105F700052545F4F626A6563745F436C6173735F11
:105F80004D757465780072745F6F626A6563745FE3
:105F90006765745F7479706528266D622D3E706147
:105FA00072656E742E706172656E7429203D3D209D
:105FB00052545F4F626A6563745F436C6173735FD1
:105FC0004D61696C426F78002825732920617373D5
:105FD000657274696F6E206661696C6564206174B6
:105FE0002066756E6374696F6E3A25732C206C6938
:105FF0006E65206E756D6265723A2564200A005BDD
:10600000494E464F5D204E6F207468726561642072
:106010007370656369666965640A5B48454C505DE9
:1060200020596F752063616E2075736520636F6DF5
:106030006D616E6473206C696B653A206261636B9D
:1060400074726163652025700A5072696E74696E9E
:1060500067206261636B7472616365206F662063A1
:10606000616C6C696E6720737461636B2E2E2E0AEF
:10607000000A205C207C202F0A00706C656173652B
:10608000207573653A206261636B74726163652089
:106090005B7468726561645F616464726573735D8B
:1060A0000A00496E76616C6964207069643A202543
:1060B0006C640A00706C65617365207573653A20C5
:1060C00061646472326C696E65202D65207274742F
:1060D00068726561642E656C66202D61202D660AEC
:1060E000002032303036202D203230323420436FC1
:1060F000707972696768742062792052542D5468EF
:1061000072656164207465616D0A002D205254200F
:106110002D2020202020546872656164204F706516
:10612000726174696E672053797374656D0A0049F2
:106130006E76616C696420696E7075743A2025739F
:106140000A006261636B7472616365202573283095
:1061500078256C78292C2066726F6D2025730A00D3
:10616000202F207C205C202020202025642E2564E8
:106170002E2564206275696C642025732025730ABE
:10618000001B5B33336D5B572F6B65726E656C2E36
:10619000736572766963655D20005573696E67206B
:1061A00064656661756C742072745F68775F637094
:1061B000755F73687574646F776E28292E506C65EF
:1061C00061736520636F6E736964657220696D70B9
:1061D0006C656D656E74696E672072745F68775F59
:1061E0006370755F73687574646F776E28292069B2
:1061F0006E20616E6F746865722066696C652E0032
:1062000072745F68775F6370755F72657365742819
:106210002920646F65736E277420737570706F72B8
:106220007420666F72207468697320626F61726493
:106230002E506C6561736520636F6E73696465725F
:1062400020696D706C656D656E74696E672072741F
:106250005F68775F6370755F726573657428292066
:10626000696E20616E6F746865722066696C652E58
:106270000072745F68775F75735F64656C6179281D
:106280002920646F65736E277420737570706F7248
:106290007420666F72207468697320626F61726423
:1062A0002E506C6561736520636F6E7369646572EF
:1062B00020696D706C656D656E74696E67207274AF
:1062C0005F68775F75735F64656C61792829206901
:1062D0006E20616E6F746865722066696C652E0051
:1062E0004E6F7620323420323032350031313A3040
:1062F000303A3039006C6576656C203D3D20525453
:106300005F454F4B0072745F73797374656D5F689E
:106310006561705F696E69745F67656E65726963F8
:106320000072745F6F626A6563745F6765745F743F
:1063300079706528267468726561642D3E7061729B
:10634000656E7429203D3D2052545F4F626A65633B
:10635000745F436C6173735F546872656164002598
:1063600073206973206E6F7420696D706C656D6544
:106370006E7465640072745F68775F6261636B74EA
:10638000726163655F6672616D655F756E77696E78
:1063900064005F686561705F756E6C6F636B00654C
:1063A0006E645F616C69676E203E20626567696E2E
:1063B0005F616C69676E0072745F68775F637075A8
:1063C0005F73687574646F776E00756E6B6E6F7750
:1063D0006E00686561700072745F6261636B7472F5
:1063E0006163655F746F5F62756666657200727483
:1063F0005F68775F6261636B74726163655F667229
:10640000616D655F67657400203078256C78006D7C
:10641000656D20696E69742C206572726F722062DE
:106420006567696E206164647265737320307825D6
:10643000782C20616E6420656E64206164647265EE
:10644000737320307825780A002828736D616C6C8E
:106450005F6D656D2D3E6C66726565203D3D2073F8
:106460006D616C6C5F6D656D2D3E686561705F651B
:106470006E6429207C7C2028214D454D5F49535571
:1064800053454428736D616C6C5F6D656D2D3E6C7A
:1064900066726565292929004D454D5F495355535D
:1064A0004544286D656D290072745F6F626A65638B
:1064B000745F69735F73797374656D6F626A656326
:1064C000742826736D616C6C5F6D656D2D3E706117
:1064D00072656E742E706172656E74290072745FDD
:1064E0006F626A6563745F69735F73797374656DF6
:1064F0006F626A65637428266D2D3E706172656EE9
:1065000074290028282872745F75696E747074721B
:106510005F74296D656D292026202852545F414CF7
:1065200049474E5F53495A45202D20312929203DA6
:106530003D20300028282872745F75696E7470746D
:10654000725F7429726D656D292026202852545F70
:10655000414C49474E5F53495A45202D2031292946
:10656000203D3D2030002872745F75696E74707430
:10657000725F7429282872745F75696E74385F744D
:10658000202A296D656D202B2053495A454F465FBF
:106590005354525543545F4D454D292025205254A4
:1065A0005F414C49474E5F53495A45203D3D20309D
:1065B00000736D616C6C5F6D656D20213D205254E0
:1065C0005F4E554C4C0072745F736D656D5F616C0E
:1065D0006C6F630072745F736D656D5F7265616C83
:1065E0006C6F63002872745F75696E74385F742015
:1065F0002A296D656D203C202872745F75696E7460
:10660000385F74202A296D2D3E686561705F656E64
:1066100064002872745F75696E74385F74202A296B
:10662000726D656D203E3D202872745F75696E74D1
:10663000385F74202A29736D616C6C5F6D656D2DF8
:106640003E686561705F707472202626202872741F
:106650005F75696E74385F74202A29726D656D20CC
:106660003C202872745F75696E74385F74202A2923
:10667000736D616C6C5F6D656D2D3E686561705FFB
:10668000656E64002872745F75696E747074725FF1
:1066900074296D656D202B2053495A454F465F5331
:1066A00054525543545F4D454D202B2073697A65F4
:1066B000203C3D202872745F75696E747074725F3F
:1066C0007429736D616C6C5F6D656D2D3E686561DD
:1066D000705F656E640072745F736D656D5F667286
:1066E00065650072745F736D656D5F646574616389
:1066F0006800736D616C6C004D454D5F504F4F4CA1
:106700002826736D616C6C5F6D656D2D3E686561EB
:10671000705F7074725B6D656D2D3E6E6578745D33
:1067200029203D3D20736D616C6C5F6D656D0028A7
:1067300072745F75696E74385F74202A296D656D97
:10674000203E3D206D2D3E686561705F7074720063
:106750002872745F75696E74385F74202A29726DAF
:10676000656D203E3D202872745F75696E74385FD8
:1067700074202A29736D616C6C5F6D656D2D3E68A8
:106780006561705F70747200706C75675F686F6CC4
:1067900065730072745F6F626A6563745F676574C6
:1067A0005F747970652826736D616C6C5F6D656DC3
:1067B0002D3E706172656E742E706172656E742903
:1067C000203D3D2052545F4F626A6563745F436CA5
:1067D0006173735F4D656D6F72790072745F6F6284
:1067E0006A6563745F6765745F7479706528266D88
:1067F0002D3E706172656E7429203D3D2052545FBC
:106800004F626A6563745F436C6173735F4D656D5E
:106810006F7279001B5B33316D5B452F6B65726E58
:10682000656C2E6F626A5D200021286F626A656365
:10683000742D3E7479706520262052545F4F626A31
:106840006563745F436C6173735F537461746963F0
:1068500029004F626A656374206E616D652025733F
:1068600020657863656564732052545F4E414D45E1
:106870005F4D41583D25642C20636F6E73696465DC
:106880007220696E6372656173696E672052545F2E
:106890004E414D455F4D41582E00696E666F726DD9
:1068A0006174696F6E20213D2052545F4E554C4CEF
:1068B000006F626A65637420213D2052545F4E551B
:1068C0004C4C0072745F6F626A6563745F66696ED8
:1068D000640072745F6F626A6563745F6765745F9A
:1068E000747970650072745F6F626A6563745F616A
:1068F0006C6C6F636174650072745F6F626A65636C
:10690000745F64656C6574650072745F6F626A655C
:1069100063745F666F725F656163680072745F6F56
:10692000626A6563745F646574616368006F626A5C
:1069300020213D206F626A6563740072745F6F622C
:106940006A6563745F69735F73797374656D6F6291
:106950006A6563740072745F6F626A6563745F690D
:106960006E6974007761726E696E673A20257320D4
:10697000737461636B20697320636C6F736520743B
:106980006F20656E64206F6620737461636B206195
:106990006464726573732E0A007468726561643A88
:1069A000257320737461636B206F766572666C6FFC
:1069B000770A001B5B33316D5B452F6B65726E652B
:1069C0006C2E73636865645D20001B5B33336D5B05
:1069D000572F6B65726E656C2E73636865645D20FE
:1069E000007072696F72697479203C2052545F5450
:1069F00048524541445F5052494F524954595F4DA6
:106A000041580072745F7363686564756C65725F8A
:106A1000737461636B5F636865636B005F72745F5F
:106A200073636865645F7570646174655F707269D3
:106A30006F726974790072745F73636865645F7202
:106A4000656D6F76655F7468726561640072745F0E
:106A500073636865645F696E736572745F7468728E
:106A60006561640072745F73636865645F74687203
:106A70006561645F696E69745F70726976007468DD
:106A800072656164203D3D2072745F746872656157
:106A9000645F73656C6628290074687265616420A0
:106AA000213D2072745F7468726561645F73656C08
:106AB000662829207C7C2072745F63726974696324
:106AC000616C5F6C6576656C28290072745F736316
:106AD0006865645F7468726561645F69735F73752C
:106AE0007370656E646564287468726561642900FA
:106AF00072745F6F626A6563745F69735F737973E1
:106B000074656D6F626A656374282872745F6F6262
:106B10006A6563745F7429746872656164290074BE
:106B200069636B20213D20300072745F6F626A657B
:106B300063745F69735F73797374656D6F626A659F
:106B40006374282872745F6F626A6563745F742966
:106B500074687265616429203D3D2052545F46414E
:106B60004C5345007469636B20213D2052545F4EA5
:106B7000554C4C00737461636B5F73746172742065
:106B8000213D2052545F4E554C4C002852545F53C7
:106B9000434845445F4354582874687265616429CA
:106BA0002E7374617420262052545F54485245411C
:106BB000445F535441545F4D41534B29203D3D2088
:106BC00052545F5448524541445F494E4954007203
:106BD000745F6F626A6563745F6765745F74797010
:106BE00065282872745F6F626A6563745F742974C4
:106BF000687265616429203D3D2052545F4F626A8E
:106C00006563745F436C6173735F5468726561643C
:106C10000072745F7468726561645F726573756D2C
:106C2000650072745F7468726561645F636C6F7332
:106C3000650072745F7468726561645F6372656138
:106C40007465005F7468726561645F7365745F7317
:106C5000757370656E645F73746174650072745FE0
:106C60007468726561645F64656C657465007274F4
:106C70005F7468726561645F646574616368007203
:106C8000745F7468726561645F64656C61795F7577
:106C90006E74696C0072745F7468726561645F63BE
:106CA0006F6E74726F6C005F7468726561645F739D
:106CB0006C6565700072745F7468726561645F739F
:106CC0007461727475700072745F74687265616467
:106CD0005F696E69740072745F7468726561645F85
:106CE00073757370656E645F746F5F6C6973740045
:106CF0005F7468726561645F74696D656F75740057
:106D000072745F6F626A6563745F69735F737973CE
:106D100074656D6F626A656374282674696D657247
:106D20002D3E706172656E742900282A2872745F86
:106D30007469636B5F74202A2961726729203C2083
:106D400052545F5449434B5F4D4158202F2032002D
:106D500074696D65203C2052545F5449434B5F4D2C
:106D60004158202F20320072745F6F626A6563742D
:106D70005F69735F73797374656D6F626A6563745D
:106D8000282674696D65722D3E706172656E742976
:106D9000203D3D2052545F46414C53450074696D7F
:106DA000657220213D2052545F4E554C4C00746951
:106DB0006D656F757420213D2052545F4E554C4CCB
:106DC0000072745F74696D65725F6372656174658A
:106DD0000072745F74696D65725F64656C6574657B
:106DE0000072745F74696D65725F64657461636875
:106DF0000072745F74696D65725F636865636B00D0
:106E000072745F74696D65725F636F6E74726F6CBC
:106E10000072745F74696D65725F73746F70007275
:106E2000745F6F626A6563745F6765745F747970BD
:106E300065282674696D65722D3E706172656E7489
:106E400029203D3D2052545F4F626A6563745F4361
:106E50006C6173735F54696D65720072745F7469FD
:106E60006D65725F696E69740072745F74696D65D7
:106E7000725F7374617274001B5B33336D5B572FE9
:106E80007374646C69625D20007468726561643A51
:106E9000257320657869743A256421004F4B2020C2
:106EA0002020200045494F202020200045504552F9
:106EB0004D20200045545241502020004552524F51
:106EC000522020004542555359202000454E4F5333
:106ED0005043200045494E56414C2000454E4F4DF1
:106EE000454D2000454E4F5359532000454E4F45C8
:106EF0004E54200045525346554C4C0045494E5483
:106F0000525054004554494D4F55540045554E4B31
:106F10004E4F570045525345505459004D32193485
:106F20004532193441321934DDBD1834493219342F
:106F3000204319342443193400000000C59E18343E
:106F4000314319343843193400000000B9E11834D2
:106F5000464319344C43193400000000B5B81834C6
:106F6000664319346E43193400000000D5411934CA
:106F7000914319349643193420011C34D9B918347B
:106F8000A3431934A84319340000000055D818341D
:106F9000BD431934C04319340000000085BA1834C9
:106FA000DB431934E04319340000000079B9183488
:106FB000044419340E44193400000000C9B81834D0
:106FC000F070193400001C3428030000B007183496
:106FD0001072193428031C34B0070000100818344C
:106FE0001001000043000000F8FFFFFF0040404098
:106FF000404040404040414141414140404040408C
:107000004040404040404040404040404005020237
:1070100002020202020202020202020202202020F6
:107020002020202020202002020202020202909052
:107030009090909010101010101010101010101050
:1070400010101010101010100202020202028888A4
:1070500088888888080808080808080808080808B0
:107060000808080808080808020202024000000098
:107070000000000000000000000000000000000010
:107080000000000000000000000000000000000000
:1070900000000000000000000000000000000000F0
:1070A00000000000000000000000000000000000E0
:1070B00000000000000000000000000000000000D0
:1070C00000000000000000000000000000000000C0
:1070D00000000000000000000000000000000000B0
:1070E00000000000000000000000000000000000A0
:1070F00011121052523590D0030112102B1C34047F
:10710000B2A032021A28142904B22C32031A4014F5
:107110002904B23832041A58142904A93032051A45
:1071200070142904B23C32061A88142904B2483279
:10713000083AA08C2964A132091AB8142904A9308C
:10714000320A1AD0142904B230320C1AE814290475
:10715000A99042102C011C3404B2201A14102904E6
:107160002A011F3128095D6A193488551934601ABB
:1071700082081AD80432021A4F081AA20429F01EF3
:107180003C561934E40C32031A420C1A220429F03A
:107190001A48081A2E0429E41A35201AB20429D8EC
:1071A0001A47081AC60429CC1AD7201A950CC11AF6
:1071B000FF0109FA10412D9C6E1934151ABC0832D2
:1071C0007536046F1934231AF41032441A1410322D
:1071D000061ADC10322D1AE40832171AC408320CD1
:1071E0001AA408320B1AFC0832051AD40832091AFC
:1071F000EC0829481ACC0832081AAC0832FE1AB436
:1072000008158E4E19341210B3529F321000000030
:040000053418074D57
:00000001FF
