:020000043418AE
:10040000F8FF1F34359B183405601834894F1834B1
:100410000160183479091834ADAA1834919B183446
:100420000000000000000000000000008D9B183458
:100430007D0918340000000075601834E99B1834F9
:10044000810918340000000081091834810918342A
:100450008109183481091834810918348109183444
:10046000810918340000000081091834810918340A
:1004700081091834810918348109183400000000FA
:1004800081091834000000008109183481091834EA
:100490008109183481091834810918348109183404
:1004A00081091834810918348109183481091834F4
:1004B00081091834810918348109183481091834E4
:1004C00081091834810918348109183481091834D4
:1004D00081091834810918348109183481091834C4
:1004E000810918340000000081091834810918348A
:1004F00081091834810918348109183481091834A4
:100500008109183400000000000000000000000015
:100510008109183481091834810918348109183483
:100520008109183481091834810918348109183473
:100530008109183481091834810918348109183463
:100540008109183481091834810918348109183453
:100550008109183481091834810918348109183443
:100560008109183481091834810918348109183433
:100570008109183481091834810918348109183423
:100580008109183481091834810918348109183413
:100590008109183481091834810918348109183403
:1005A00081091834810918348109183481091834F3
:1005B00081091834810918348109183481091834E3
:1005C00081091834810918348109183481091834D3
:1005D00081091834810918348109183481091834C3
:1005E00081091834810918348109183481091834B3
:1005F00081091834810918348109183481091834A3
:100600008109183481091834810918348109183492
:100610008109183481091834810918348109183482
:100620008109183481091834810918348109183472
:100630008109183481091834810918348109183462
:100640008109183481091834810918348109183452
:100650008109183481091834810918348109183442
:100660008109183481091834810918348109183432
:100670008109183481091834810918348109183422
:100680008109183481091834810918348109183412
:100690008109183481091834810918348109183402
:1006A00081091834810918348109183481091834F2
:1006B00081091834810918348109183481091834E2
:1006C00081091834810918348109183481091834D2
:1006D00081091834810918348109183481091834C2
:1006E00081091834810918348109183481091834B2
:1006F00081091834810918348109183481091834A2
:100700008109183481091834810918348109183491
:100710008109183481091834810918348109183481
:100720008109183481091834810918348109183471
:100730008109183481091834810918348109183461
:1007400000000000810918348109183400F002F813
:1007500000F052F814A696E8000CB244B344DA450F
:1007600001D100F049F8BAE80F000FA696E8300072
:10077000A5EB040504EB0607AAEB0704A7F10107A4
:100780004FEA15154FEA3414A4F10104AC4201D329
:1007900000F032F813F0010F18BFFB1A43F0010309
:1007A00000F001F8DBE7184720A4000040A4000097
:1007B000103A24BF78C878C1FAD8520724BF30C88D
:1007C00030C144BF04680C607047000070470000EF
:1007D0000023002400250026103A28BF78C1FBD84A
:1007E000520728BF30C148BF0B6070471FB50AF0E1
:1007F000C7F91FBD10B510BDDFF80CD0FFF7F6FF2D
:100800000AF09EF900F0A7F8F8FF1F3403B4FFF7D1
:10081000F1FF03BC00F0A8F853EA020C00F0698075
:100820002DE9F04B4FF00006002B1FBFB3FA83F504
:1008300003FA05F424FA05F65E4012BF1643B2FA35
:1008400082F502FA05F4C5F120051EBF22FA05FC67
:1008500044EA0C04203556EA044C4FEA144418BF0D
:10086000641C4FF000084FF00009904271EB030C3C
:1008700039D3002919BFB1FA81F701FA07F6B0FAA6
:1008800080F700FA07F6C7F120071EBF20FA07FC21
:1008900046EA0C062037B6FBF4FCA7EB0507103F31
:1008A00007F01F0BCBF120062CFA06F60CFA0BFB17
:1008B00044BFB3460026202FA4BF5E464FF0000B76
:1008C0005BEA060C08BF4FF0010B19EB0B0948EB74
:1008D0000608ABFB027C06FB02CC0BFB03CCC01B67
:1008E00071EB0C01C1E70B46024641464846BDE8A4
:1008F000F08B13B5084318BF4FF0FF300146AFF33C
:100900000080BDE81C4070474FF0000200B5134660
:1009100094469646203922BFA0E80C50A0E80C501F
:10092000B1F12001BFF4F7AF090728BFA0E80C50D0
:1009300048BF0CC05DF804EB890028BF40F8042BC9
:1009400008BF704748BF20F8022B11F0804F18BF36
:1009500000F8012B704710B50446AFF30080204625
:10096000BDE81040FFF752BF01491820ABBEFEE7BB
:100970002600020070470000FFE7FEE77047000016
:10098000FFE7FEE772B6FFE7FEE7000090B00F90CA
:100990000E9100200D90FFE70E9800680D99C84059
:1009A000002800F0FA81FFE70E9800680D9A0121F7
:1009B000914008400C900C98002800F0EA81FFE775
:1009C0000E98406800F00300012807D0FFE70E985A
:1009D000406800F0030002282FD1FFE70F988068DD
:1009E0000B900D984100032000FA01F10B98884309
:1009F0000B900E98C0680D99490000FA01F10B9810
:100A000008430B900B980F9988600F9840680B90E3
:100A10000D99012000FA01F10B9888430B900E9874
:100A20004068C0F300100D9900FA01F10B980843DB
:100A30000B900B980F994860FFE70E98406800F004
:100A4000030003280CD1FFE70E98406800F0030074
:100A500003281DD1FFE70E988068012818D0FFE712
:100A60000F98C0680B900D984100032000FA01F127
:100A70000B9888430B900E9880680D99490000FAF6
:100A800001F10B9808430B900B980F99C860FFE792
:100A90000E98406800F00300022826D1FFE70F9867
:100AA0000D996FF0030202EA51010844006A0B90AD
:100AB0000D9800F0070081000F2000FA01F10B985B
:100AC00088430B900E9800690D9901F00701890089
:100AD00000FA01F10B9808430B900B980F990D9BAE
:100AE00002EA530211440862FFE70F9800680B9076
:100AF0000D984100032000FA01F10B9888430B90F8
:100B00000E98406800F003000D99490000FA01F1C9
:100B10000B9808430B900B980F9908600E988079FA
:100B20008007002800F03481FFE70D9820F00300D3
:100B300045F26001C5F2026140580B900D9800F03B
:100B40000300C1000F2000FA01F10B9888430B90BD
:100B50000F980021C5F20261884203D1FFE700200F
:100B60000A9096E00F9840F20041C5F20261884277
:100B700003D1FFE70120099088E00F9840F60001BB
:100B8000C5F20261884203D1FFE7022008907AE0B3
:100B90000F9840F60041C5F20261884203D1FFE799
:100BA000032007906CE00F9841F20001C5F202614A
:100BB000884203D1FFE7042006905EE00F9841F2DF
:100BC0000041C5F20261884203D1FFE7052005908C
:100BD00050E00F9841F60001C5F20261884203D14E
:100BE000FFE70620049042E00F9841F60041C5F26D
:100BF0000261884203D1FFE70720039034E00F9899
:100C000043F20041C5F20261884203D1FFE70820A8
:100C1000029026E00F9843F60001C5F20261884277
:100C200003D1FFE70920019018E00F9843F6004137
:100C3000C5F20261884203D1FFE70A2000900AE072
:100C40000F9944F20002C5F202621020914208BFDF
:100C50000B200090FFE700980190FFE701980290B9
:100C6000FFE702980390FFE703980490FFE70498DA
:100C70000590FFE705980690FFE706980790FFE7C5
:100C800007980890FFE708980990FFE709980A90ED
:100C9000FFE70A980D9901F00301C90000FA01F17C
:100CA0000B9808430B900B980D9921F0030145F226
:100CB0006002C5F20262885045F28000C5F202600F
:100CC00000680B900C990B9888430B900E988079D4
:100CD000C00728B1FFE70C990B9808430B90FFE77A
:100CE0000B9845F28001C5F20261086045F284006C
:100CF000C5F2026000680B900C990B9888430B902A
:100D00000E9880798007002805D5FFE70C990B988D
:100D100008430B90FFE70B9845F28401C5F202618E
:100D2000086045F20000C5F2026000680B900C9963
:100D30000B9888430B900E988079C006002805D543
:100D4000FFE70C990B9808430B90FFE70B9845F2CF
:100D50000001C5F20261086045F20400C5F20260BC
:100D600000680B900C990B9888430B900E98807933
:100D70008006002805D5FFE70C990B9808430B90D7
:100D8000FFE70B9845F20401C5F202610860FFE736
:100D9000FFE70D9801300D90FEE510B070470000A0
:100DA00040F2A000C3F21C400068704740F204000B
:100DB000C3F21C40027840F2A001C3F21C41086853
:100DC000104408607047000080B582B0032000F036
:100DD00075F808F087FF0F2000F010F820B1FFE74A
:100DE00001208DF8070005E000F04CF800208DF898
:100DF0000700FFE79DF8070002B080BD80B582B014
:100E0000009040F20400C3F21C40007820B9FFE7D4
:100E100001208DF8070030E040F20000C3F21C40D2
:100E2000006840F20401C3F21C410A784FF47A7161
:100E3000B1FBF2F1B0FBF1F003F03CFF20B1FFE7B2
:100E400001208DF8070018E000980F280DD8FFE763
:100E500000994FF0FF30002200F016F8009840F2A1
:100E60000801C3F21C41086003E001208DF807006F
:100E700003E000208DF80700FFE79DF8070002B0AF
:100E800080BD00007047000080B586B0ADF8160048
:100E90000491039209F00CFE00F007000290BDF9E6
:100EA0001600019002980499039A05F0ADF80146E6
:100EB000019809F005FE06B080BD000080B582B043
:100EC0000190019809F01EFE02B080BD80B584B08B
:100ED000029044F60001C5F20261086820F00400A7
:100EE000029A10430860FFF75BFF0190FFE744F6AA
:100EF0002000C5F202600068800300280DD4FFE7DF
:100F0000FFF74EFF0199401AB0F57A7F04D9FFE749
:100F100001208DF80F0004E0E9E700208DF80F00B4
:100F2000FFE79DF80F0004B080BD000010B58AB047
:100F30000020099004F094FDA0B3FFE704F038FD11
:100F400078B3FFE704F06CFD06F00CFF07900798FC
:100F500030B3FFE704F03CFD08900898F8B1FFE7D4
:100F6000079806900898039004F03AFD049004F066
:100F700027FD059004F03CFD029004F041FDDDF8F2
:100F800008C00399049A059B04460698EE46CEF8DD
:100F90000440CEF800C005F06FF80990FFE7FFE7C6
:100FA000FFE70BE004F04CFD30B1FFE704F038FD43
:100FB00006F0D8FE099000E0FFE7FFE709980AB0C5
:100FC00010BD000010B58AB00020099004F0A8FD03
:100FD000A0B3FFE704F04CFD78B3FFE704F080FD19
:100FE00006F0C0FE0790079830B3FFE704F050FD0D
:100FF00008900898F8B1FFE70798069008980390C2
:1010000004F04EFD049004F03BFD059004F050FD0B
:10101000029004F055FDDDF808C00399049A059B81
:1010200004460698EE46CEF80440CEF800C005F01F
:1010300023F80990FFE7FFE7FFE70BE004F060FD0E
:1010400030B1FFE704F04CFD06F08CFE099000E0A3
:10105000FFE7FFE709980AB010BD000010B58AB09D
:101060000020099004F0BCFDA0B3FFE704F060FD90
:1010700078B3FFE704F094FD06F074FE079007983C
:1010800030B3FFE704F064FD08900898F8B1FFE77B
:10109000079806900898039004F062FD049004F00D
:1010A0004FFD059004F064FD029004F069FDDDF849
:1010B00008C00399049A059B04460698EE46CEF8AC
:1010C0000440CEF800C004F0D7FF0990FFE7FFE727
:1010D000FFE70BE004F074FD30B1FFE704F060FDC2
:1010E00006F040FE099000E0FFE7FFE709980AB02C
:1010F00010BD000010B58AB00020099004F0D0FDAA
:10110000A0B3FFE704F074FD78B3FFE704F0A8FD97
:1011100006F028FE0790079830B3FFE704F078FD4B
:1011200008900898F8B1FFE7079806900898039090
:1011300004F076FD049004F063FD059004F078FD62
:10114000029004F07DFDDDF808C00399049A059B28
:1011500004460698EE46CEF80440CEF800C004F0EF
:101160008BFF0990FFE7FFE7FFE70BE004F088FD46
:1011700030B1FFE704F074FD06F0F4FD099000E0E3
:10118000FFE7FFE709980AB010BD000080B586B000
:101190000591049000200390049801900599029114
:1011A00080F001000843002800F0D581FFE7029994
:1011B000019880F002000843002800F0D181FFE789
:1011C0000299019880F004000843002800F0D181C2
:1011D000FFE70299019880F008000843002800F01A
:1011E000C481FFE70299019880F0100008430028AD
:1011F00000F0C481FFE70299019880F020000843C5
:10120000002800F0C181FFE70299019880F4007086
:101210000843002800F0BE81FFE70299019880F49E
:1012200080600843002800F0BA81FFE70299019826
:1012300080F400600843002800F0B681FFE70299BF
:10124000019880F480500843002800F0B281FFE745
:101250000299019880F400500843002800F0B08102
:10126000FFE70299019880F480400843002800F0CD
:10127000AF81FFE70299019880F4004008430028FD
:1012800000F0AE81FFE70299019880F480300843B6
:10129000002800F0AD81FFE70299019880F400304A
:1012A0000843002800F0AC81FFE70299019880F420
:1012B00080200843002800F0AB81FFE702990198E5
:1012C00080F400200843002800F0AA81FFE702997B
:1012D000019880F480100843002800F0A981FFE7FE
:1012E0000299019880F400100843002800F0A881BA
:1012F000FFE70299019880F480000843002800F07D
:10130000A781FFE70299019880F4000008430028B4
:1013100000F0A681FFE70299019880F080700843F1
:10132000002800F0A381FFE70299019880F0007087
:101330000843002800F0A081FFE70299019880F09F
:1013400080600843002800F09D81FFE70299019822
:1013500080F000600843002800F09981FFE70299BF
:10136000019880F080500843002800F09481FFE746
:101370000299019880F000500843002800F0938102
:10138000FFE70299019880F080400843002800F0B0
:101390009281FFE70299019880F0004008430028FD
:1013A00000F09081FFE70198029981F00101084364
:1013B000002800F08F81FFE70198029981F0020177
:1013C0000843002800F08B81FFE70198029981F023
:1013D00004010843002800F08A81FFE70198029980
:1013E00081F008010843002800F08981FFE7019897
:1013F000029981F010010843002800F08881FFE77E
:101400000198029981F020010843002800F08781AB
:10141000FFE70198029981F040010843002800F09D
:101420008681FFE70198029981F4807108430028C2
:1014300000F08581FFE70198029981F4007108436B
:10144000002800F08381FFE70198029981F4806110
:101450000843002800F08281FFE70198029981F497
:1014600000610843002800F08181FFE7019802999C
:1014700081F480510843002800F08081FFE7019843
:10148000029981F400510843002800F07F81FFE7B2
:101490000198029981F480410843002800F07E8180
:1014A000FFE70198029981F400410843002800F009
:1014B0007D81FFE70198029981F48031084300287B
:1014C00000F07C81FFE70198029981F40031084324
:1014D000002800F07A81FFE70198029981F48021C9
:1014E0000843002800F07981FFE70198029981F410
:1014F00000210843002800F07881FFE70198029955
:1015000081F480110843002800F07781FFE70198FB
:10151000029981F400110843002800F07681FFE76A
:101520000198029981F480010843002800F0758138
:10153000FFE70198029981F400010843002800F0B8
:101540007381FFE70198029981F0807108430028B8
:1015500000F0728178E1702004F0D2FD039074E114
:10156000072004F0C3FE03906FE105F031F903900A
:101570006BE1072004F090FF039066E14FF4401008
:1015800005F070F9039060E14FF4405005F0EAF97E
:1015900003905AE1032005F05FFA039055E1032020
:1015A00005F0D4FA039050E1302005F041FB0390A0
:1015B0004BE10C20C0F2007005F0F8FB039044E111
:1015C00040F20C40C0F2007005F0F0FB03903CE1EB
:1015D00040F60C00C0F2007005F0E8FB039034E127
:1015E00040F60C40C0F2007005F0E0FB03902CE1E7
:1015F00041F20C00C0F2007005F064FD039024E19C
:1016000041F20C40C0F2007005F05CFD03901CE15B
:1016100040F62C00C0F2007005F074FE039014E157
:1016200040F62C40C0F2007005F06CFE03900CE117
:1016300041F22C00C0F2007005F064FE039004E15A
:1016400041F22C40C0F2007005F05CFE0390FCE01B
:1016500041F62C00C0F2007005F054FE0390F4E057
:101660004FF4E06005F0DCFF0390EEE04FF04070D7
:1016700006F0C0F80390E8E04FF4E02006F03AF9F5
:101680000390E2E0302006F0BFFB0390DDE006F0BF
:1016900035FC0390D9E041F21840C0F2007006F02A
:1016A00077FC0390D1E041F61800C0F2007006F01C
:1016B0006FFC0390C9E01C20C0F2003006F0BAFDB8
:1016C0000390C2E040F21C40C0F2003006F0B2FDD0
:1016D0000390BAE0072006F089FE0390B5E040F2DF
:1016E0002040C0F2007006F04FFF0390ADE040F6DE
:1016F0002000C0F2007006F047FF0390A5E040F61E
:101700002040C0F2007006F03FFF03909DE041F2E0
:101710002000C0F2007006F037FF039095E041F220
:101720002040C0F2007006F02FFF03908DE041F6DC
:101730002000C0F2007006F027FF039085E0302003
:10174000C0F2007007F0BEFB03907EE040F2304034
:10175000C0F2007007F0B6FB039076E040F6300070
:10176000C0F2007007F0AEFB03906EE040F6304030
:10177000C0F2007007F0A4F9039066E041F2300077
:10178000C0F2007007F09CF903905EE041F2304037
:10179000C0F2007007F096FB039056E041F630006F
:1017A000C0F2007007F08CF903904EE041F6304033
:1017B000C0F2007007F084F9039046E03420C0F2D4
:1017C000007007F07DF903903FE040F23440C0F232
:1017D000007007F077FB039037E041F21400C0F28D
:1017E000001006F07BF903902FE040F61440C0F2A1
:1017F000003006F0C7F9039027E041F61400C0F26C
:10180000001006F06BF903901FE041F21440C0F2A3
:10181000003006F0B7F9039017E01420C0F2003052
:1018200007F052FD039010E040F21440C0F2003087
:1018300007F04AFD039008E040F61400C0F20030C3
:1018400007F042FD039000E0FFE7039806B080BD7B
:1018500080B586B0049000208DF807008DF8060052
:101860000498C078000700286FD5FFE703F0D4FC88
:1018700003900398D8B1FFE703980499D1F8881131
:1018800001F44071884212D0FFE744F62C00C5F203
:101890000260016841F0010101600068C00720B9E1
:1018A000FFE701208DF8070000E0FFE7FFE79DF864
:1018B0000700002843D1FFE70498D0F88801B0F56D
:1018C000807F17D1FFE7FFF76BFA0290FFE704F084
:1018D00001F870B9FFE7FFF763FA0299401A41F285
:1018E0008931884204D3FFE703208DF8070000E028
:1018F000EDE7FFE79DF80700D8B9FFE7FFE7049899
:10190000D0F8880100F44070B0F5407F08D1FFE7BF
:101910000498D0F8880120F4407004F0CFFAFFE773
:101920000498D0F8880100F4407004F0B9FAFFE799
:1019300004E09DF807008DF80600FFE704E09DF83D
:1019400007008DF80600FFE7FFE7049800784007DE
:10195000002840F1A980FFE70498D0F8B8000428D7
:1019600019D1FFE748F2D401C5F2026108684FF6C9
:10197000FF72CCF600721040049B9A6AD3F82CC018
:101980000023CFF6FF7303EB0C431A4310430860A8
:1019900003F000FF82E00498D0F8B800052819D1C0
:1019A000FFE748F2E801C5F2026108684FF6FF72EE
:1019B000CCF600721040049B1A6DD3F854C000237B
:1019C000CFF6FF7303EB0C431A431043086003F098
:1019D000F9FC62E00498D0F8B800062819D1FFE7B6
:1019E00048F2FC01C5F2026108684FF6FF72CCF6BE
:1019F00000721040049B9A6FD3F87CC00023CFF68E
:101A0000FF7303EB0C431A431043086003F072FDAD
:101A100042E00498D0F8B80003281AD1FFE748F252
:101A20000C11C5F2026108684FF6FF72CCF6007225
:101A30001040049BD3F89820D3F89CC00023CFF625
:101A4000FF7303EB0C431A431043086003F0E2FDFD
:101A500021E00498D0F8B80007281AD1FFE748F22F
:101A60001011C5F2026108684FF6FF72CCF60072E1
:101A70001040049BD3F8A020D3F8A4C00023CFF6D5
:101A8000FF7303EB0C431A431043086003F002FE9C
:101A900000E0FFE7FFE7FFE7FFE7FFE70498D0F884
:101AA000B80004F013F9FFE7049880794006002895
:101AB00059D5FFE70498D0F8AC001421C0F20231E8
:101AC000884219D1FFE748F2CC01C5F202610868EB
:101AD0004FF6FF72CCF600721040049B9A69D3F85F
:101AE0001CC00023CFF6FF7303EB0C431A431043D3
:101AF000086003F007FE30E00498D0F8AC00142131
:101B0000C0F20331884219D1FFE748F2D001C5F293
:101B1000026108684FF6FF72CCF600721040049B19
:101B20001A6AD3F824C00023CFF6FF7303EB0C43EB
:101B30001A431043086003F009FE0DE00498D0F842
:101B4000AC001421C0F20131884203D1FFE703F059
:101B500053FA00E0FFE7FFE7FFE70498D0F8AC0096
:101B600004F0F8F9FFE704988079000600285CD5B6
:101B7000FFE70498D0F8B00040F21441C0F20231FF
:101B8000884219D1FFE748F2CC01C5F2026108682A
:101B90004FF6FF72CCF600721040049B9A69D3F89E
:101BA0001CC00023CFF6FF7303EB0C431A43104312
:101BB000086003F0A7FD32E00498D0F8B00040F2CE
:101BC0001441C0F20331884219D1FFE748F2D00135
:101BD000C5F2026108684FF6FF72CCF60072104041
:101BE000049B1A6AD3F824C00023CFF6FF7303EBDB
:101BF0000C431A431043086003F0A8FD0EE004985C
:101C0000D0F8B00040F21441C0F20131884203D153
:101C1000FFE703F0F1F900E0FFE7FFE7FFE70498D3
:101C2000D0F8B00004F096F9FFE70498C079C00737
:101C300000285CD0FFE70498D0F8B40040F6140107
:101C4000C0F20231884219D1FFE748F2CC01C5F257
:101C5000026108684FF6FF72CCF600721040049BD8
:101C60009A69D3F81CC00023CFF6FF7303EB0C4333
:101C70001A431043086003F045FD32E00498D0F8A1
:101C8000B40040F61401C0F20331884219D1FFE7D5
:101C900048F2D001C5F2026108684FF6FF72CCF637
:101CA00000721040049B1A6AD3F824C00023CFF6B8
:101CB000FF7303EB0C431A431043086003F046FD27
:101CC0000EE00498D0F8B40040F61401C0F20131DF
:101CD000884203D1FFE703F08FF900E0FFE7FFE759
:101CE000FFE70498D0F8B40004F034F9FFE7049853
:101CF00040780007002850D5FFE70498D0F8A800E6
:101D0000202819D1FFE748F2CC01C5F2026108682A
:101D10004FF6FF72CCF600721040049B9A69D3F81C
:101D20001CC00023CFF6FF7303EB0C431A43104390
:101D3000086003F0E7FC2AE00498D0F8A8003028F7
:101D400019D1FFE748F2D001C5F2026108684FF6E9
:101D5000FF72CCF600721040049B1A6AD3F824C0BC
:101D60000023CFF6FF7303EB0C431A4310430860C4
:101D700003F0ECFC0AE00498D0F8A800102803D186
:101D8000FFE703F039F900E0FFE7FFE7FFE704981A
:101D9000D0F8A80004F016F8FFE70498C0784006D1
:101DA000002859D5FFE70498D0F82C011C21C0F277
:101DB0000231884219D1FFE748F2D001C5F2026131
:101DC00008684FF6FF72CCF600721040049B1A6A46
:101DD000D3F824C00023CFF6FF7303EB0C431A4360
:101DE0001043086003F0B2FC30E00498D0F82C01F6
:101DF0001C21C0F20331884219D1FFE748F2D40117
:101E0000C5F2026108684FF6FF72CCF6007210400E
:101E1000049B9A6AD3F82CC00023CFF6FF7303EB20
:101E20000C431A431043086003F0B4FC0DE004981F
:101E3000D0F82C011C21C0F20131884203D1FFE708
:101E400003F0DAF800E0FFE7FFE7FFE70498D0F8D7
:101E50002C0104F049F8FFE70498C0780006002838
:101E60005CD5FFE70498D0F8300140F21C41C0F285
:101E70000231884219D1FFE748F2D001C5F2026170
:101E800008684FF6FF72CCF600721040049B1A6A85
:101E9000D3F824C00023CFF6FF7303EB0C431A439F
:101EA0001043086003F052FC32E00498D0F830018F
:101EB00040F21C41C0F20331884219D1FFE748F2D9
:101EC000D401C5F2026108684FF6FF72CCF60072C9
:101ED0001040049B9A6AD3F82CC00023CFF6FF73FE
:101EE00003EB0C431A431043086003F053FC0EE06D
:101EF0000498D0F8300140F21C41C0F20131884210
:101F000003D1FFE703F078F800E0FFE7FFE7FFE722
:101F10000498D0F8300103F0E7FFFFE70498006869
:101F2000C00700285FD0FFE70498D0F8BC00202845
:101F300019D1FFE748F2DC01C5F2026108684FF6EB
:101F4000FF72CCF600721040049B9A6BD3F83CC031
:101F50000023CFF6FF7303EB0C431A4310430860D2
:101F600003F044FC2AE00498D0F8BC00302819D1D2
:101F7000FFE748F2E001C5F2026108684FF6FF7220
:101F8000CCF600721040049B1A6CD3F844C00023B6
:101F9000CFF6FF7303EB0C431A431043086003F0C2
:101FA00049FC0AE00498D0F8BC00102803D1FFE7F0
:101FB00003F022F800E0FFE7FFE7FFE748F24411F3
:101FC000C5F2026108684FF670729043049AD2F825
:101FD000BC30D2F8C0C06FF0FF0202EB0C221A43F3
:101FE00010430860FFE7049800788007002850D568
:101FF000FFE70498D0F8C400022819D1FFE748F29F
:10200000DC01C5F2026108684FF6FF72CCF600727F
:102010001040049B9A6BD3F83CC00023CFF6FF73AB
:1020200003EB0C431A431043086003F0DFFB2AE084
:102030000498D0F8C400032819D1FFE748F2E00162
:10204000C5F2026108684FF6FF72CCF600721040CC
:10205000049B1A6CD3F844C00023CFF6FF7303EB44
:102060000C431A431043086003F0E4FB0AE00498B1
:10207000D0F8C400012803D1FFE702F0BDFF00E063
:10208000FFE7FFE7FFE70498D0F8C40003F010FE75
:10209000FFE704980078000700281AD5FFE748F208
:1020A0000811C5F2026108684FF6FF72CCF60072A3
:1020B0001040049BD3F89020D3F894C00023CFF6AF
:1020C000FF7303EB0C431A431043086003F07EFADE
:1020D000FFE704980078C006002833D5FFE704988E
:1020E000D0F8C800B0F5001F1AD1FFE748F204117C
:1020F000C5F2026108684FF6FF72CCF6007210401C
:10210000049BD3F88820D3F88CC00023CFF6FF734C
:1021100003EB0C431A431043086003F033FA0BE05F
:102120000498D0F8C800B0F5801F03D1FFE702F093
:1021300063FF00E0FFE7FFE70498D0F8C80003F072
:10214000EDFDFFE7049800788006002832D5FFE710
:102150000498D0F8CC00B0F5005F19D1FFE748F241
:10216000F001C5F2026108684FF6FF72CCF600720A
:102170001040049B1A6ED3F864C00023CFF6FF739F
:1021800003EB0C431A431043086003F047F90BE0DC
:102190000498D0F8CC00B0F5805F03D1FFE702F0DF
:1021A0002BFF00E0FFE7FFE70498D0F8CC0003F036
:1021B000C3FDFFE7049800784006002806D5FFE736
:1021C0000498D0F8D00003F0C5FDFFE7049800782C
:1021D0000006002806D5FFE70498D0F8D40003F0E5
:1021E000C7FDFFE704984078C00730B1FFE70498C7
:1021F000D0F8D80003F0CAFDFFE7049840788007C4
:1022000000283ED5FFE70498D0F8DC00022819D159
:10221000FFE748F2F401C5F2026108684FF6FF7269
:10222000CCF600721040049B9A6ED3F86CC0002369
:10223000CFF6FF7303EB0C431A431043086003F01F
:1022400011F90AE00498D0F8DC00012803D1FFE777
:1022500002F0D2FE00E0FFE7FFE748F24811C5F2C6
:102260000261086820F0F300049AD2F8DC30D2F85A
:10227000E0C06FF00F0202EB0C121A43104308602B
:10228000FFE7049840784007002831D5FFE704981D
:10229000D0F8E40002281AD1FFE748F20C11C5F289
:1022A000026108684FF6FF72CCF600721040049B82
:1022B000D3F89820D3F89CC00023CFF6FF7303EB2C
:1022C0000C431A431043086003F0A4F90AE0049891
:1022D000D0F8E400012803D1FFE702F08DFE00E012
:1022E000FFE7FFE70498D0F8E40003F05DFDFFE7A7
:1022F00004984078C006002859D5FFE70498D0F824
:10230000E8000C21C0F20271884219D1FFE748F2BF
:10231000E801C5F2026108684FF6FF72CCF6007260
:102320001040049B1A6DD3F854C00023CFF6FF73FE
:1023300003EB0C431A431043086003F043F830E00A
:102340000498D0F8E8000C21C0F20371884219D13A
:10235000FFE748F2FC01C5F2026108684FF6FF7220
:10236000CCF600721040049B9A6FD3F87CC0002317
:10237000CFF6FF7303EB0C431A431043086003F0DE
:10238000B9F80DE00498D0F8E8000C21C0F2017112
:10239000884203D1FFE702F02FFE00E0FFE7FFE7EE
:1023A000FFE70498D0F8E80003F01AFDFFE704986F
:1023B0004078800600285CD5FFE70498D0F8EC0050
:1023C00040F20C41C0F20271884219D1FFE748F295
:1023D000E801C5F2026108684FF6FF72CCF60072A0
:1023E0001040049B1A6DD3F854C00023CFF6FF733E
:1023F00003EB0C431A431043086002F0E3FF32E0A2
:102400000498D0F8EC0040F20C41C0F2037188420D
:1024100019D1FFE748F2FC01C5F2026108684FF6E6
:10242000FF72CCF600721040049B9A6FD3F87CC008
:102430000023CFF6FF7303EB0C431A4310430860ED
:1024400003F058F80EE00498D0F8EC0040F20C418C
:10245000C0F20171884203D1FFE702F0CDFD00E038
:10246000FFE7FFE7FFE70498D0F8EC0003F0B8FCC3
:10247000FFE704984078400600285CD5FFE7049801
:10248000D0F8F00040F60C01C0F20271884219D178
:10249000FFE748F2E801C5F2026108684FF6FF72F3
:1024A000CCF600721040049B1A6DD3F854C0002380
:1024B000CFF6FF7303EB0C431A431043086002F09E
:1024C00081FF32E00498D0F8F00040F60C01C0F231
:1024D0000371884219D1FFE748F2FC01C5F202619D
:1024E00008684FF6FF72CCF600721040049B9A6F9A
:1024F000D3F87CC00023CFF6FF7303EB0C431A43E1
:102500001043086002F0F6FF0EE00498D0F8F000E7
:1025100040F60C01C0F20171884203D1FFE702F0DE
:102520006BFD00E0FFE7FFE7FFE70498D0F8F0005D
:1025300003F056FCFFE704984078000600285CD5BD
:10254000FFE70498D0F8F40040F60C41C0F20271A5
:10255000884219D1FFE748F2E801C5F20261086834
:102560004FF6FF72CCF600721040049B1A6DD3F840
:1025700054C00023CFF6FF7303EB0C431A43104300
:10258000086002F01FFF32E00498D0F8F40040F633
:102590000C41C0F20371884219D1FFE748F2FC01F7
:1025A000C5F2026108684FF6FF72CCF60072104067
:1025B000049B9A6FD3F87CC00023CFF6FF7303EB24
:1025C0000C431A431043086002F094FF0EE0049895
:1025D000D0F8F40040F60C41C0F20171884203D1FA
:1025E000FFE702F009FD00E0FFE7FFE7FFE70498DF
:1025F000D0F8F40003F0F4FBFFE704988078C007FC
:1026000000285CD0FFE70498D0F8F80041F20C01F4
:10261000C0F20271884219D1FFE748F2E801C5F221
:10262000026108684FF6FF72CCF600721040049BFE
:102630001A6DD3F854C00023CFF6FF7303EB0C439D
:102640001A431043086002F0BDFE32E00498D0F84F
:10265000F80041F20C01C0F20371884219D1FFE782
:1026600048F2FC01C5F2026108684FF6FF72CCF631
:1026700000721040049B9A6FD3F87CC00023CFF601
:10268000FF7303EB0C431A431043086002F032FF60
:102690000EE00498D0F8F80041F20C01C0F201718C
:1026A000884203D1FFE702F0A7FC00E0FFE7FFE765
:1026B000FFE70498D0F8F80003F09AFBFFE70498CE
:1026C0008078800700285CD5FFE70498D0F8FC00EC
:1026D00041F20C41C0F20271884219D1FFE748F281
:1026E000E801C5F2026108684FF6FF72CCF600728D
:1026F0001040049B1A6DD3F854C00023CFF6FF732B
:1027000003EB0C431A431043086002F05BFE32E017
:102710000498D0F8FC0041F20C41C0F203718842E9
:1027200019D1FFE748F2FC01C5F2026108684FF6D3
:10273000FF72CCF600721040049B9A6FD3F87CC0F5
:102740000023CFF6FF7303EB0C431A4310430860DA
:1027500002F0D0FE0EE00498D0F8FC0041F20C41EB
:10276000C0F20171884203D1FFE702F045FC00E0AE
:10277000FFE7FFE7FFE70498D0F8FC0003F038FB21
:10278000FFE7049880784007002838D5FFE70498D1
:10279000D0F8000140F62C01C0F20271884219D134
:1027A000FFE748F2FC01C5F2026108684FF6FF72CC
:1027B000CCF600721040049B9A6FD3F87CC00023C3
:1027C000CFF6FF7303EB0C431A431043086002F08B
:1027D00091FE0EE00498D0F8000140F62C01C0F202
:1027E0000171884203D1FFE702F006FC00E0FFE739
:1027F000FFE70498D0F8000103F002FBFFE704981C
:1028000080780007002838D5FFE70498D0F8040145
:1028100040F62C41C0F20271884219D1FFE748F21C
:10282000FC01C5F2026108684FF6FF72CCF6007237
:102830001040049B9A6FD3F87CC00023CFF6FF733F
:1028400003EB0C431A431043086002F053FE0EE002
:102850000498D0F8040140F62C41C0F2017188427E
:1028600003D1FFE702F0C8FB00E0FFE7FFE70498B1
:10287000D0F8040103F0C4FAFFE704988078C0069A
:10288000002838D5FFE70498D0F8080141F22C0160
:10289000C0F20271884219D1FFE748F2FC01C5F28B
:1028A000026108684FF6FF72CCF600721040049B7C
:1028B0009A6FD3F87CC00023CFF6FF7303EB0C4371
:1028C0001A431043086002F015FE0EE00498D0F899
:1028D000080141F22C01C0F20171884203D1FFE7E7
:1028E00002F08AFB00E0FFE7FFE70498D0F8080158
:1028F00003F086FAFFE7049880788006002838D530
:10290000FFE70498D0F80C0141F22C41C0F20271AB
:10291000884219D1FFE748F2FC01C5F2026108685C
:102920004FF6FF72CCF600721040049B9A6FD3F8FA
:102930007CC00023CFF6FF7303EB0C431A43104314
:10294000086002F0D7FD0EE00498D0F80C0141F2C7
:102950002C41C0F20171884203D1FFE702F04CFB29
:1029600000E0FFE7FFE70498D0F80C0103F048FA15
:10297000FFE7049880784006002838D5FFE70498E0
:10298000D0F8100141F62C01C0F20271884219D131
:10299000FFE748F2FC01C5F2026108684FF6FF72DA
:1029A000CCF600721040049B9A6FD3F87CC00023D1
:1029B000CFF6FF7303EB0C431A431043086002F099
:1029C00099FD0EE00498D0F8100141F62C01C0F2F8
:1029D0000171884203D1FFE702F00EFB00E0FFE740
:1029E000FFE70498D0F8100103F00AFAFFE7049813
:1029F00080780006002853D5FFE70498D0F814012A
:102A0000B0F5007F19D1FFE748F2E401C5F2026199
:102A100008684FF6FF72CCF600721040049B9A6C67
:102A2000D3F84CC00023CFF6FF7303EB0C431A43DB
:102A30001043086002F022FF2CE00498D0F8140143
:102A4000B0F5407F19D1FFE748F2F801C5F2026105
:102A500008684FF6FF72CCF600721040049B1A6FA4
:102A6000D3F874C00023CFF6FF7303EB0C431A4373
:102A70001043086002F01AFD0BE00498D0F814012E
:102A8000B0F5807F03D1FFE702F0B6FA00E0FFE780
:102A9000FFE7FFE70498D0F8140103F0B9F9FFE766
:102AA0000498C078C00798B3FFE70498D0F81801DD
:102AB000B0F1007F1AD1FFE748F20011C5F20261C0
:102AC00008684FF6FF72CCF600721040049BD3F8F2
:102AD0008020D3F884C00023CFF6FF7303EB0C43B0
:102AE0001A431043086002F029FD0BE00498D0F867
:102AF0001801B0F1807F03D1FFE702F07DFA00E01A
:102B0000FFE7FFE70498D0F8180103F08FF9FFE71B
:102B10000498C0788007002853D5FFE70498D0F8C0
:102B20001C01B0F5003F19D1FFE748F2DC01C5F206
:102B3000026108684FF6FF72CCF600721040049BE9
:102B40009A6BD3F83CC00023CFF6FF7303EB0C4322
:102B50001A431043086002F049FE2CE00498D0F8B4
:102B60001C01B0F5403F19D1FFE748F2E001C5F282
:102B7000026108684FF6FF72CCF600721040049BA9
:102B80001A6CD3F844C00023CFF6FF7303EB0C4359
:102B90001A431043086002F04DFE0BE00498D0F891
:102BA0001C01B0F5803F03D1FFE702F025FA00E0F9
:102BB000FFE7FFE7FFE70498D0F81C0103F044F9B2
:102BC000FFE70498C0784007002831D5FFE7049854
:102BD000D0F8200120281AD1FFE748F21011C5F2E1
:102BE000026108684FF6FF72CCF600721040049B39
:102BF000D3F8A020D3F8A4C00023CFF6FF7303EBD3
:102C00000C431A431043086002F044FD0AE00498A4
:102C1000D0F82001102803D1FFE702F0EDF900E021
:102C2000FFE7FFE70498D0F8200103F02BF9FFE756
:102C30000498C078C00600285CD5FFE70498D0F857
:102C4000240141F21841C0F20271884219D1FFE714
:102C500048F2DC01C5F2026108684FF6FF72CCF65B
:102C600000721040049B9A6BD3F83CC00023CFF64F
:102C7000FF7303EB0C431A431043086002F0B6FDE8
:102C800032E00498D0F8240141F21841C0F20371F7
:102C9000884219D1FFE748F2E001C5F202610868F5
:102CA0004FF6FF72CCF600721040049B1A6CD3F8FA
:102CB00044C00023CFF6FF7303EB0C431A431043C9
:102CC000086002F0B7FD0EE00498D0F8240141F24C
:102CD0001841C0F20171884203D1FFE702F08CF97C
:102CE00000E0FFE7FFE7FFE70498D0F8240103F0D6
:102CF000F3F8FFE70498C078800600285CD5FFE76A
:102D00000498D0F8280141F61801C0F202718842F7
:102D100019D1FFE748F2DC01C5F2026108684FF6FD
:102D2000FF72CCF600721040049B9A6BD3F83CC043
:102D30000023CFF6FF7303EB0C431A4310430860E4
:102D400002F054FD32E00498D0F8280141F6180151
:102D5000C0F20371884219D1FFE748F2E001C5F2E1
:102D6000026108684FF6FF72CCF600721040049BB7
:102D70001A6CD3F844C00023CFF6FF7303EB0C4367
:102D80001A431043086002F055FD0EE00498D0F895
:102D9000280141F61801C0F20171884203D1FFE712
:102DA00002F02AF900E0FFE7FFE7FFE70498D0F818
:102DB000280103F091F8FFE704980079C007002884
:102DC00050D0FFE70498D0F84C01022819D1FFE752
:102DD00048F2DC01C5F2026108684FF6FF72CCF6DA
:102DE00000721040049B9A6BD3F83CC00023CFF6CE
:102DF000FF7303EB0C431A431043086002F0F6FC28
:102E00002AE00498D0F84C01032819D1FFE748F2D2
:102E1000E001C5F2026108684FF6FF72CCF600725D
:102E20001040049B1A6CD3F844C00023CFF6FF7304
:102E300003EB0C431A431043086002F0FBFC0AE06A
:102E40000498D0F84C01012803D1FFE702F0D4F830
:102E500000E0FFE7FFE7FFE70498D0F84C0103F03C
:102E60004BF8FFE704980079800700285CD5FFE75E
:102E70000498D0F8340140F22041C0F20271884237
:102E800019D1FFE748F2E001C5F2026108684FF688
:102E9000FF72CCF600721040049B1A6CD3F844C049
:102EA0000023CFF6FF7303EB0C431A431043086073
:102EB00002F0C0FC32E00498D0F8340140F2204126
:102EC000C0F20371884219D1FFE748F2E401C5F26C
:102ED000026108684FF6FF72CCF600721040049B46
:102EE0009A6CD3F84CC00023CFF6FF7303EB0C436E
:102EF0001A431043086002F0C1FC0EE00498D0F8B9
:102F0000340140F22041C0F20171884203D1FFE751
:102F100002F072F800E0FFE7FFE7FFE70498D0F85F
:102F2000340102F0F7FFFFE704980079400700281A
:102F30005CD5FFE70498D0F8380140F62001C0F2D4
:102F40000271884219D1FFE748F2E001C5F202613F
:102F500008684FF6FF72CCF600721040049B1A6CA2
:102F6000D3F844C00023CFF6FF7303EB0C431A439E
:102F70001043086002F05EFC32E00498D0F838019B
:102F800040F62001C0F20371884219D1FFE748F2F0
:102F9000E401C5F2026108684FF6FF72CCF60072D8
:102FA0001040049B9A6CD3F84CC00023CFF6FF73FB
:102FB00003EB0C431A431043086002F05FFC0EE081
:102FC0000498D0F8380140F62001C0F2017188421F
:102FD00003D1FFE702F010F800E0FFE7FFE7FFE7AB
:102FE0000498D0F8380102F095FFFFE704980079C3
:102FF000000700285CD5FFE70498D0F83C0140F6B4
:103000002041C0F20271884219D1FFE748F2E00185
:10301000C5F2026108684FF6FF72CCF600721040EC
:10302000049B1A6CD3F844C00023CFF6FF7303EB64
:103030000C431A431043086002F0FCFB32E0049892
:10304000D0F83C0140F62041C0F20371884219D10A
:10305000FFE748F2E401C5F2026108684FF6FF722B
:10306000CCF600721040049B9A6CD3F84CC000233D
:10307000CFF6FF7303EB0C431A431043086002F0D2
:10308000FDFB0EE00498D0F83C0140F62041C0F270
:103090000171884203D1FFE701F0AEFF00E0FFE7D6
:1030A000FFE7FFE70498D0F83C0102F033FFFFE7A9
:1030B00004980079C00600285CD5FFE70498D0F892
:1030C000400141F22001C0F20271884219D1FFE7AC
:1030D00048F2E401C5F2026108684FF6FF72CCF6CF
:1030E00000721040049B9A6CD3F84CC00023CFF6BA
:1030F000FF7303EB0C431A431043086002F0BEFB5E
:1031000032E00498D0F8400141F22001C0F203718E
:10311000884219D1FFE748F2F801C5F20261086858
:103120004FF6FF72CCF600721040049B1A6FD3F872
:1031300074C00023CFF6FF7303EB0C431A43104314
:10314000086002F0B3F90EE00498D0F8400141F2B3
:103150002001C0F20171884203D1FFE701F04CFF6A
:1031600000E0FFE7FFE7FFE70498D0F8400102F036
:10317000D1FEFFE704980079800600285CD5FFE7C0
:103180000498D0F8440141F22041C0F20271884213
:1031900019D1FFE748F2E401C5F2026108684FF671
:1031A000FF72CCF600721040049B9A6CD3F84CC0AE
:1031B0000023CFF6FF7303EB0C431A431043086060
:1031C00002F05CFB32E00498D0F8440141F2204167
:1031D000C0F20371884219D1FFE748F2F801C5F245
:1031E000026108684FF6FF72CCF600721040049B33
:1031F0001A6FD3F874C00023CFF6FF7303EB0C43B0
:103200001A431043086002F051F90EE00498D0F818
:10321000440141F22041C0F20171884203D1FFE72D
:1032200001F0EAFE00E0FFE7FFE7FFE70498D0F8CF
:10323000440102F06FFEFFE7049800794006002881
:103240005CD5FFE70498D0F8480141F62001C0F2B0
:103250000271884219D1FFE748F2E001C5F202612C
:1032600008684FF6FF72CCF600721040049B1A6C8F
:10327000D3F844C00023CFF6FF7303EB0C431A438B
:103280001043086002F0D6FA32E00498D0F8480102
:1032900041F62001C0F20371884219D1FFE748F2DC
:1032A000E401C5F2026108684FF6FF72CCF60072C5
:1032B0001040049B9A6CD3F84CC00023CFF6FF73E8
:1032C00003EB0C431A431043086002F0D7FA0EE0F8
:1032D0000498D0F8480141F62001C0F201718842FB
:1032E00003D1FFE701F088FE00E0FFE7FFE7FFE71B
:1032F0000498D0F8480102F00DFEFFE704984079E9
:10330000C007002859D0FFE70498D0F850013021B9
:10331000C0F20271884219D1FFE748F2E401C5F218
:10332000026108684FF6FF72CCF600721040049BF1
:103330009A6CD3F84CC00023CFF6FF7303EB0C4319
:103340001A431043086002F099FA30E00498D0F86C
:1033500050013021C0F20371884219D1FFE748F2D1
:10336000F801C5F2026108684FF6FF72CCF60072F0
:103370001040049B1A6FD3F874C00023CFF6FF737C
:1033800003EB0C431A431043086002F08FF80DE082
:103390000498D0F850013021C0F20171884203D165
:1033A000FFE701F029FE00E0FFE7FFE7FFE70498F1
:1033B000D0F8500102F0C6FDFFE70498407980077D
:1033C00000285CD5FFE70498D0F8540140F2304162
:1033D000C0F20271884219D1FFE748F2E401C5F258
:1033E000026108684FF6FF72CCF600721040049B31
:1033F0009A6CD3F84CC00023CFF6FF7303EB0C4359
:103400001A431043086002F039FA32E00498D0F809
:10341000540140F23041C0F20371884219D1FFE7F4
:1034200048F2F801C5F2026108684FF6FF72CCF667
:1034300000721040049B1A6FD3F874C00023CFF6BB
:10344000FF7303EB0C431A431043086002F02EF89D
:103450000EE00498D0F8540140F23041C0F20171FE
:10346000884203D1FFE701F0C7FD00E0FFE7FFE777
:10347000FFE70498D0F8540102F064FDFFE70498D8
:103480004079400700285CD5FFE70498D0F8580140
:1034900040F63001C0F20271884219D1FFE748F2CC
:1034A000E401C5F2026108684FF6FF72CCF60072C3
:1034B0001040049B9A6CD3F84CC00023CFF6FF73E6
:1034C00003EB0C431A431043086002F0D7F932E0D3
:1034D0000498D0F8580140F63001C0F203718842D8
:1034E00019D1FFE748F2F801C5F2026108684FF60A
:1034F000FF72CCF600721040049B1A6FD3F874C0B0
:103500000023CFF6FF7303EB0C431A43104308600C
:1035100001F0CCFF0EE00498D0F8580140F63001DD
:10352000C0F20171884203D1FFE701F065FD00E0C0
:10353000FFE7FFE7FFE70498D0F8580102F002FD2B
:10354000FFE704984079000700285CD5FFE704985E
:10355000D0F85C0140F63041C0F20271884219D1C6
:10356000FFE748F2E401C5F2026108684FF6FF7216
:10357000CCF600721040049B9A6CD3F84CC0002328
:10358000CFF6FF7303EB0C431A431043086002F0BD
:1035900075F932E00498D0F85C0140F63041C0F291
:1035A0000371884219D1FFE748F2F801C5F20261C0
:1035B00008684FF6FF72CCF600721040049B1A6F39
:1035C000D3F874C00023CFF6FF7303EB0C431A4308
:1035D0001043086001F06AFF0EE00498D0F85C0127
:1035E00040F63041C0F20171884203D1FFE701F09B
:1035F00003FD00E0FFE7FFE7FFE70498D0F85C0178
:1036000002F0A0FCFFE704984079C00600285CD5D2
:10361000FFE70498D0F8600141F23001C0F2027176
:10362000884219D1FFE748F2E401C5F20261086857
:103630004FF6FF72CCF600721040049B9A6CD3F8E0
:103640004CC00023CFF6FF7303EB0C431A43104327
:10365000086002F013F932E00498D0F8600141F2FA
:103660003001C0F20371884219D1FFE748F2F80136
:10367000C5F2026108684FF6FF72CCF60072104086
:10368000049B1A6FD3F874C00023CFF6FF7303EBCB
:103690000C431A431043086001F008FF0EE0049841
:1036A000D0F8600141F23001C0F20171884203D1CB
:1036B000FFE701F0A1FC00E0FFE7FFE7FFE7049868
:1036C000D0F8600102F03EFCFFE7049840798006E4
:1036D00000285CD5FFE70498D0F8640141F230413E
:1036E000C0F20271884219D1FFE748F2E401C5F245
:1036F000026108684FF6FF72CCF600721040049B1E
:103700009A6CD3F84CC00023CFF6FF7303EB0C4345
:103710001A431043086002F0B1F832E00498D0F880
:10372000640141F23041C0F20371884219D1FFE7D0
:1037300048F2F801C5F2026108684FF6FF72CCF654
:1037400000721040049B1A6FD3F874C00023CFF6A8
:10375000FF7303EB0C431A431043086001F0A6FE0D
:103760000EE00498D0F8640141F23041C0F20171DA
:10377000884203D1FFE701F03FFC00E0FFE7FFE7ED
:10378000FFE70498D0F8640102F0DCFBFFE704983F
:103790004079400600285CD5FFE70498D0F868011E
:1037A00041F63001C0F20271884219D1FFE748F2B8
:1037B000E401C5F2026108684FF6FF72CCF60072B0
:1037C0001040049B9A6CD3F84CC00023CFF6FF73D3
:1037D00003EB0C431A431043086002F04FF832E049
:1037E0000498D0F8680141F63001C0F203718842B4
:1037F00019D1FFE748F2F801C5F2026108684FF6F7
:10380000FF72CCF600721040049B1A6FD3F874C09C
:103810000023CFF6FF7303EB0C431A4310430860F9
:1038200001F044FE0EE00498D0F8680141F6300142
:10383000C0F20171884203D1FFE701F0DDFB00E037
:10384000FFE7FFE7FFE70498D0F8680102F07AFB92
:10385000FFE704984079000600285CD5FFE704984C
:10386000D0F86C0141F63041C0F20271884219D1A2
:10387000FFE748F2E401C5F2026108684FF6FF7203
:10388000CCF600721040049B9A6CD3F84CC0002315
:10389000CFF6FF7303EB0C431A431043086001F0AB
:1038A000EDFF32E00498D0F86C0141F63041C0F2EF
:1038B0000371884219D1FFE748F2F801C5F20261AD
:1038C00008684FF6FF72CCF600721040049B1A6F26
:1038D000D3F874C00023CFF6FF7303EB0C431A43F5
:1038E0001043086001F0E2FD0EE00498D0F86C018E
:1038F00041F63041C0F20171884203D1FFE701F087
:103900007BFB00E0FFE7FFE7FFE70498D0F86C01DE
:1039100002F018FBFFE704988079C007002859D00F
:10392000FFE70498D0F870013421C0F20271884298
:1039300019D1FFE748F2E401C5F2026108684FF6C9
:10394000FF72CCF600721040049B9A6CD3F84CC006
:103950000023CFF6FF7303EB0C431A4310430860B8
:1039600001F08CFF30E00498D0F870013421C0F2EF
:103970000371884219D1FFE748F2F801C5F20261EC
:1039800008684FF6FF72CCF600721040049B1A6F65
:10399000D3F874C00023CFF6FF7303EB0C431A4334
:1039A0001043086001F082FD0DE00498D0F870012A
:1039B0003421C0F20171884203D1FFE701F01CFB02
:1039C00000E0FFE7FFE7FFE70498D0F8700102F09E
:1039D000B9FAFFE704988079800700285CD5FFE7F3
:1039E0000498D0F8740140F23441C0F20271884268
:1039F00019D1FFE748F2E401C5F2026108684FF609
:103A0000FF72CCF600721040049B9A6CD3F84CC045
:103A10000023CFF6FF7303EB0C431A4310430860F7
:103A200001F02CFF32E00498D0F8740140F23441E8
:103A3000C0F20371884219D1FFE748F2F801C5F2DC
:103A4000026108684FF6FF72CCF600721040049BCA
:103A50001A6FD3F874C00023CFF6FF7303EB0C4347
:103A60001A431043086001F021FD0EE00498D0F8DD
:103A7000740140F23441C0F20171884203D1FFE782
:103A800001F0BAFA00E0FFE7FFE7FFE70498D0F89B
:103A9000740102F057FAFFE7049880794007002884
:103AA00018D5FFE7FFE70498D0F8780120F0004030
:103AB00002F0D8F90498D0F878110120B0EBD17F4A
:103AC00003D1FFE701F026FC02E001F019FCFFE75B
:103AD000FFE7FFE704988079C006002818D5FFE7C4
:103AE000FFE70498D0F8800120F0004002F0BAF916
:103AF0000498D0F880110120B0EBD17F03D1FFE70B
:103B000001F008FC02E001F0FBFBFFE7FFE7FFE745
:103B100004988079000700284AD5FFE70498D0F878
:103B20007C0140F61441C0F20231884219D1FFE70E
:103B300048F2FC01C5F2026108684FF6FF72CCF64C
:103B400000721040049B9A6FD3F87CC00023CFF61C
:103B5000FF7303EB0C431A431043086001F0CAFCE7
:103B60000EE00498D0F87C0140F61441C0F2013117
:103B7000884203D1FFE701F03FFA00E0FFE7FFE7EB
:103B8000FFE70498D0F87C0120F0004002F072F9C1
:103B90000498D0F87C110120B0EBD17F03D1FFE76E
:103BA00001F0B8FB02E001F0ABFBFFE7FFE7FFE746
:103BB00004988079800600284AD5FFE70498D0F859
:103BC000840141F21441C0F20231884219D1FFE769
:103BD00048F2FC01C5F2026108684FF6FF72CCF6AC
:103BE00000721040049B9A6FD3F87CC00023CFF67C
:103BF000FF7303EB0C431A431043086001F07AFC97
:103C00000EE00498D0F8840141F21441C0F2013171
:103C1000884203D1FFE701F0EFF900E0FFE7FFE79B
:103C2000FFE70498D0F8840120F0004002F022F968
:103C30000498D0F884110120B0EBD17F03D1FFE7C5
:103C400001F068FB02E001F05BFBFFE7FFE7FFE745
:103C5000049800790006002806D5FFE70498D0F8FC
:103C60008C0102F05FF9FFE79DF8060020B9FFE73D
:103C700000208DF8170003E001208DF81700FFE702
:103C80009DF8170006B080BD80B584B00290029800
:103C900020B9FFE701208DF80F006CE20298007850
:103CA0000007002819D5FFE70298006948F22401AF
:103CB000C5F20261096801F0070188420CD9FFE7EB
:103CC00048F22401C5F20261086820F00700029A58
:103CD000126910430860FFE7FFE702980078C0060A
:103CE000002819D5FFE70298406948F22401C5F27F
:103CF0000261096801F0700188420CD9FFE748F2BF
:103D00002401C5F20261086820F07000029A52692D
:103D100010430860FFE7FFE702980078800600285C
:103D200019D5FFE70298806948F22401C5F20261C3
:103D3000096801F4E04188420CD9FFE748F2240108
:103D4000C5F20261086820F4E040029A92691043CB
:103D50000860FFE7FFE7029800784006002819D5C1
:103D6000FFE70298C06948F22401C5F202610968C0
:103D700001F4E02188420CD9FFE748F22401C5F2A2
:103D80000261086820F4E020029AD26910430860BA
:103D9000FFE7FFE7029800784007002819D5FFE702
:103DA0000298C06848F22401C5F20261096801F472
:103DB000E00188420CD9FFE748F22401C5F2026114
:103DC000086820F4E000029AD26810430860FFE718
:103DD000FFE702980078C00700287AD0FFE7029832
:103DE0004068B0F5003F09D1FFE701F071FA20B952
:103DF000FFE701208DF80F00BDE13DE0029840682B
:103E0000B0F5403F1ED1FFE701F03CFC0299096A82
:103E100005F0D2FB012804D0FFE701208DF80F0048
:103E2000A9E10299086A4A6A0021CFF6FF7101EB05
:103E30000241084348F2C401C5F20261086001F082
:103E40000DFC18E002984068B0F5803F09D1FFE70B
:103E500001F080FD20B9FFE701208DF80F008AE115
:103E600008E001F081FA20B9FFE701208DF80F008A
:103E700081E1FFE7FFE7FFE748F22001C5F20261B9
:103E8000086820F44030029A526810430860FCF73A
:103E900087FF0190FFE701F02BF902994968B0EB29
:103EA000011F0ED0FFE7FCF77BFF0199401A41F29A
:103EB0008931884204D3FFE703208DF80F005AE1CF
:103EC000E9E700F0D5F940F20001C3F21C410860B7
:103ED000FFE7029800788007002840F1A780FFE7FD
:103EE00002988068B0F1007F09D1FFE701F0F0F996
:103EF00020B9FFE701208DF80F003CE170E0029847
:103F00008068B0F1407F53D1FFE701F0F3FB0299E5
:103F1000896A05F051FB012804D0FFE701208DF8E4
:103F20000F0028E101F05AFC0299096B05F044FBEF
:103F3000012804D0FFE701208DF80F001BE101F0FC
:103F400065FA0299896B05F037FB012804D0FFE779
:103F500001208DF80F000EE10299886ACA6A0021DB
:103F6000CFF6FF7101EB0242104348F2C802C5F2DE
:103F700002621060029A106B526B01EB0242104316
:103F800048F2D802C5F202621060029A906BD26BBE
:103F900001EB0241084348F2EC01C5F202610860FE
:103FA00048F64021C5F2026140F22240086016E066
:103FB0000298806848B9FFE701F0D6F920B9FFE719
:103FC00001208DF80F00D6E008E001F0C3FC20B915
:103FD000FFE701208DF80F00CDE0FFE7FFE7FFE7E7
:103FE00048F22001C5F20261086820F04070029A90
:103FF000926810430860FCF7D3FE0190FFE701F0E0
:1040000037F902998968B0EB011F0ED0FFE7FCF782
:10401000C7FE0199401A41F28931884204D3FFE773
:1040200003208DF80F00A6E0E9E7FFE7029800788B
:104030004007002819D5FFE70298C06848F224011C
:10404000C5F20261096801F4E00188420CD2FFE781
:1040500048F22401C5F20261086820F4E000029AE7
:10406000D26810430860FFE7FFE702980078000776
:10407000002819D5FFE70298006948F22401C5F22B
:104080000261096801F0070188420CD2FFE748F29B
:104090002401C5F20261086820F00700029A126943
:1040A00010430860FFE7FFE702980078C006002889
:1040B00019D5FFE70298406948F22401C5F2026170
:1040C000096801F0700188420CD2FFE748F2240130
:1040D000C5F20261086820F07000029A526910432C
:1040E0000860FFE7FFE7029800788006002819D5EE
:1040F000FFE70298806948F22401C5F2026109686D
:1041000001F4E04188420CD2FFE748F22401C5F2F5
:104110000261086820F4E040029A92691043086046
:10412000FFE7FFE7029800784006002819D5FFE76F
:104130000298C06948F22401C5F20261096801F4DD
:10414000E02188420CD2FFE748F22401C5F2026167
:10415000086820F4E020029AD26910430860FFE763
:10416000FFE740F20800C3F21C400068FCF746FE7F
:104170008DF80F00FFE79DF80F0004B080BD000030
:1041800082B0019001997F20086048F22000C5F2BA
:10419000026000680090009800F440100009019946
:1041A0004860009800F0405000090199886048F28A
:1041B0002400C5F2026000680090009800F4E0005E
:1041C0000199C860009800F0070001990861009803
:1041D00000F0700001994861009800F4E0400199F6
:1041E0008861009800F4E0200199C86148F2C40099
:1041F000C5F2026000680090009800F040500199FC
:1042000008629DF8020001300199486248F2C80036
:10421000C5F2026000680090009800F040500199DB
:1042200088629DF8020001300199C86248F2D80006
:10423000C5F2026000680090009800F040500199BB
:1042400008639DF8020001300199486348F2EC00D0
:10425000C5F2026000680090009800F0405001999B
:1042600088639DF8020001300199C86302B070476D
:1042700080B584B00020039000F03AFF0146019120
:1042800078B1FFE70198B0F5801F14D0FFE70198DF
:10429000B0F5001F23D0FFE70198B0F5401F24D0F0
:1042A00061E001F051F8C10949F20000C0F2D030DC
:1042B000C840039058E048F24400C5F2026000682C
:1042C00000F4007140F60010C0F23D00B1F5007F2F
:1042D00004BF42F20040C0F2F400039044E046F60E
:1042E0000040C0F2DC2003903EE001F0BFF90290F4
:1042F00001F0C8F90146009178B1FFE70098B0F1EC
:10430000805F13D0FFE70098B0F1005F17D0FFE7A0
:104310000098B0F1405F1BD023E0FCF707FE03904C
:1043200003980299B0FBF1F003901BE0FCF74AFE02
:10433000039003980299B0FBF1F0039012E0FCF7B0
:104340008DFE039003980299B0FBF1F0039009E011
:10435000FCF7D0FE039003980299B0FBF1F00390B4
:1043600000E0FFE700E0FFE7039804B080BD000035
:1043700080B582B001F0BEF9019001F0AFF90146BD
:10438000019805F09DF802B080BD000080B5A2B094
:104390002090209828B9FFE701208DF8870000F0D1
:1043A00085BC00F0A5FE1D9000F062FF1E9001F09C
:1043B0002FFB1C9001F08CFB1B9001F0E9FB1A9085
:1043C00001F046FC199048F20400C5F20260006852
:1043D000189020980078C007002800F0E080FFE7E0
:1043E0001D98B0F5001F34D0FFE71E98B0F1005FB4
:1043F0002FD0FFE71C98B0F1005F07D1FFE71898B6
:1044000000F48070B0F5807F23D0FFE71B98B0F1F7
:10441000005F07D1FFE7189800F40070B0F5007F47
:1044200017D0FFE71A98B0F1005F07D1FFE718989F
:1044300000F48060B0F5806F0BD0FFE71998B0F101
:10444000005F10D1FFE79DF86100000700280AD542
:10445000FFE72098406828B9FFE701208DF8870022
:1044600000F024BC9AE0FFE720984068102807D1AC
:10447000FFE748F60001C5F202611020086056E02F
:104480002098406878B9FFE749F20001C5F202615F
:104490001020086048F25401C5F20261086820F457
:1044A000C030086042E02098406848F2100188421D
:1044B00013D1FFE748F25401C5F20261086840F4E5
:1044C00000400860086820F48030086048F6000169
:1044D000C5F202611020086027E02098406848F289
:1044E0001001C0F2010188420FD1FFE748F25401E8
:1044F000C5F20261086840F4C030086048F6000167
:10450000C5F20261102008600EE049F20001C5F218
:1045100002611020086048F25401C5F20261086887
:1045200020F4C0300860FFE7FFE7FFE7FFE7FFE7A1
:10453000FCF736FC1F9020984068B8B1FFE7FFE712
:1045400048F20400C5F202600068C00600280CD4DE
:10455000FFE7FCF725FC1F99401A652804D3FFE705
:1045600003208DF88700A1E3EAE716E0FFE748F2B1
:104570000400C5F202600068C00600280CD5FFE701
:10458000FCF70EFC1F99401A652804D3FFE70320AF
:104590008DF887008AE3EAE7FFE7FFE7FFE7209867
:1045A0000078800700287BD5FFE71D9850B3FFE710
:1045B0001E9838B3FFE71C9838B9FFE7189800F445
:1045C0008070B0F5807F1DD0FFE71B9838B9FFE7FA
:1045D000189800F40070B0F5007F13D0FFE71A9828
:1045E00038B9FFE7189800F48060B0F5806F09D003
:1045F000FFE71998C0B9FFE79DF8610000070028A0
:1046000012D5FFE72098C06820B9FFE701208DF898
:1046100087004BE32098006900F0C6FE20984069AF
:1046200000F0B2FEFFE73AE02098C068F8B1FFE77B
:1046300000F082FEFCF7B4FB1F90FFE700F094FE51
:1046400060B9FFE7FCF7ACFB1F99401A022804D3BE
:10465000FFE703208DF8870028E3EFE72098006943
:1046600000F0A2FE2098406900F08EFE16E000F0F7
:104670005BFEFCF795FB1F90FFE700F075FE60B155
:10468000FFE7FCF78DFB1F99401A022804D3FFE7D0
:1046900003208DF8870009E3EFE7FFE7FFE7FFE777
:1046A00020980078C006002840F18480FFE71D981C
:1046B000B0F5801F34D0FFE71E98B0F1805F2FD097
:1046C000FFE71C98B0F1805F07D1FFE7189800F46E
:1046D0008070B0F5807F23D0FFE71B98B0F1805F3A
:1046E00007D1FFE7189800F40070B0F5007F17D0ED
:1046F000FFE71A98B0F1805F07D1FFE7189800F440
:104700008060B0F5806F0BD0FFE71998B0F1805F43
:1047100014D1FFE79DF86100000700280ED5FFE7E0
:104720002098C06920B9FFE701208DF88700BDE21D
:104730002098406A01F01EF9FFE73AE02098C0692E
:10474000F8B1FFE72098006A01F024F901F0F2F8CF
:10475000FCF726FB1F90FFE701F0FCF860B9FFE7CC
:10476000FCF71EFB1F99401A022804D3FFE7032021
:104770008DF887009AE2EFE72098406A01F0FAF896
:1047800016E001F0CFF8FCF70BFB1F90FFE701F0FC
:10479000E1F860B1FFE7FCF703FB1F99401A02281C
:1047A00004D3FFE703208DF887007FE2EFE7FFE700
:1047B000FFE7FFE7209800780007002833D5FFE7E0
:1047C00020988069B8B1FFE701F094F8FCF7E8FAA7
:1047D0001F90FFE701F096F860B9FFE7FCF7E0FAF9
:1047E0001F99401A022804D3FFE703208DF88700A1
:1047F0005CE2EFE716E001F075F8FCF7D1FA1F90E4
:10480000FFE701F07FF860B1FFE7FCF7C9FA1F99F5
:10481000401A022804D3FFE703208DF8870045E201
:10482000EFE7FFE7FFE7209800784007002840F116
:10483000A580FFE7FFE720988068022807D1FFE7FF
:1048400048F60001C5F202610220086062E020988B
:10485000806898B9FFE749F20001C5F202610220C1
:10486000086048F24001C5F20261086820F4803017
:104870000860086820F4004008604AE020988068DA
:1048800048F20201884213D1FFE748F24001C5F225
:104890000261086840F400400860086820F4803035
:1048A000086048F60001C5F20261022008602FE0AE
:1048B0002098806848F20201C0F20101884213D1B9
:1048C000FFE748F24001C5F20261086840F4004089
:1048D0000860086840F48030086048F60001C5F2BE
:1048E00002610220086012E049F20001C5F2026193
:1048F0000220086048F24001C5F20261086820F415
:1049000000400860086820F480300860FFE7FFE797
:10491000FFE7FFE7FFE720988068B8B1FFE7FCF703
:104920003FFA1F90FFE700F0CDFF70B9FFE7FCF7FB
:1049300037FA1F99401A41F28931884204D3FFE7C0
:1049400003208DF88700B1E1EDE716E0FCF728FAC7
:104950001F90FFE700F0B6FF70B1FFE7FCF720FA09
:104960001F99401A41F28931884204D3FFE703209E
:104970008DF887009AE1EDE7FFE7FFE72098806A6E
:1049800000285AD0FFE7209800F12801002005F008
:1049900021F8179001F05CF816901798012837D18C
:1049A000FFE700F06FFE159000F0A4FE149000F0F9
:1049B00015FF139000F02AFD12901D98B0F5401FCE
:1049C00007D1FFE7159820B9FFE701208DF8870090
:1049D0006CE11E98B0F1405F0DD1FFE7149830B143
:1049E000FFE7139818B1FFE7129820B9FFE70120FD
:1049F0008DF887005AE1209800F12801002004F08A
:104A000079FE20B1FFE701208DF887004EE113E029
:104A10002098806A02280DD1FFE7169850B9FFE769
:104A2000002004F0A3FF20B1FFE701208DF88700EC
:104A30003CE100E0FFE7FFE7FFE72098406C00283B
:104A400062D0FFE7209800F14401012004F0C2FF8A
:104A5000119001F05DF81090119801283FD1FFE707
:104A600000F010FE0F9000F045FE0E9000F0B6FE34
:104A70000D9000F0CBFC0C901D98B0F5401F09D1B3
:104A8000FFE70F98B0F1805F04D1FFE701208DF8B8
:104A900087000BE11E98B0F1405F13D1FFE70E983D
:104AA000B0F1805F0AD0FFE70D98B0F1805F05D0CC
:104AB000FFE70C98B0F1805F04D1FFE701208DF88B
:104AC0008700F3E0209800F14401012004F012FE79
:104AD00020B1FFE701208DF88700E7E013E0209880
:104AE000406C02280DD1FFE7109850B9FFE7012074
:104AF00004F03CFF20B1FFE701208DF88700D5E0EE
:104B000000E0FFE7FFE7FFE72098006E002862D093
:104B1000FFE7209800F16001022004F05BFF0B909A
:104B200000F096FF0A900B9801283FD1FFE700F0B4
:104B3000A9FD099000F0DEFD089000F04FFE0790FF
:104B400000F064FC06901D98B0F5401F09D1FFE706
:104B50000998B0F1005F04D1FFE701208DF88700CC
:104B6000A4E01E98B0F1405F13D1FFE70898B0F1C0
:104B7000005F0AD0FFE70798B0F1005F05D0FFE7BC
:104B80000698B0F1005F04D1FFE701208DF887009F
:104B90008CE0209800F16001022004F0ABFD20B110
:104BA000FFE701208DF8870080E013E02098006E79
:104BB00002280DD1FFE70A9850B9FFE7022004F060
:104BC000D5FE20B1FFE701208DF887006EE000E000
:104BD000FFE7FFE7FFE72098C06F002862D0FFE7FC
:104BE000209800F17C01032004F0F4FE059001F010
:104BF0004FF80490059801283FD1FFE700F042FDEF
:104C0000039000F077FD029000F0E8FD019000F0C5
:104C1000FDFB00901D98B0F5401F09D1FFE70398F8
:104C2000B0F1405F04D1FFE701208DF887003DE03F
:104C30001E98B0F1405F13D1FFE70298B0F1405FDA
:104C40000AD0FFE70198B0F1405F05D0FFE7009878
:104C5000B0F1405F04D1FFE701208DF8870025E027
:104C6000209800F17C01032004F044FD20B1FFE70F
:104C700001208DF8870019E013E02098C06F02280A
:104C80000DD1FFE7049850B9FFE7032004F06EFE52
:104C900020B1FFE701208DF8870007E000E0FFE783
:104CA000FFE7FFE700208DF88700FFE79DF887000A
:104CB00022B080BD80B582B00190019804F06AFFF7
:104CC00002B080BD83B00190FFE7019890F88400A6
:104CD000012804D1FFE702208DF80B002CE0019998
:104CE000012081F88400FFE7FFE701992420C1F843
:104CF00088000198006800680090019801680868C1
:104D000020F001000860009820F000500090019908
:104D100000204866009801990968086001992020E0
:104D2000C1F88800FFE70199002081F88400FFE7BF
:104D300000208DF80B00FFE79DF80B0003B07047D3
:104D400080B584B002900191FFE7029890F884004A
:104D5000012804D1FFE702208DF80F0032E002990C
:104D6000012081F88400FFE7FFE702992420C1F8C1
:104D7000880002980068006800900298016808683E
:104D800020F00100086002980068806820F06060F0
:104D900001990843029909688860029805F020FA91
:104DA000009802990968086002992020C1F88800DB
:104DB000FFE70299002081F88400FFE700208DF8CA
:104DC0000F00FFE79DF80F0004B080BD80B584B0F0
:104DD00002900191FFE7029890F88400012804D125
:104DE000FFE702208DF80F0032E00299012081F8E0
:104DF0008400FFE7FFE702992420C1F888000298A9
:104E000000680068009002980168086820F00100BE
:104E1000086002980068806820F0604001990843AB
:104E2000029909688860029805F0DAF900980299F9
:104E30000968086002992020C1F88800FFE70299FC
:104E4000002081F88400FFE700208DF80F00FFE7C5
:104E50009DF80F0004B080BD80B582B0009000982E
:104E600020B9FFE701208DF8070046E0009880692F
:104E700008B1FFE700E0FFE70098D0F8880040B9EC
:104E8000FFE70099002081F88400009800F03AF8CC
:104E9000FFE700992420C1F888000098016808689D
:104EA00020F0010008600098806A20B1FFE70098B8
:104EB00005F0DAF9FFE7009805F06EFB012804D150
:104EC000FFE701208DF8070017E0009801684868A7
:104ED00020F49040486000980168886820F02A001B
:104EE000886000980168086840F001000860009838
:104EF00005F05EFA8DF80700FFE79DF8070002B0A5
:104F000080BD000080B5ECB06B9000206A90699085
:104F100068906790669002A84FF4C871FBF7F4FCA4
:104F20006B98006841F20001C5F20021884229D146
:104F3000FFE74FF480700390002002903020C0F211
:104F40000070569002A8FCF783FC18B1FFE7FBF74E
:104F500019FDFFE71020019000F03CF8019800F0E7
:104F600027F8602066900220679000206890699082
:104F700007206A9041F20000C5F2026066A9FBF7C3
:104F800005FDFFE76CB080BDFFE7FEE782B0019052
:104F9000019848F65C21C5F20261086048F25C2085
:104FA000C5F2026000680090009802B070470000EF
:104FB00082B00190019848F65C21C5F20261086058
:104FC00048F25C20C5F2026000680090009802B0D0
:104FD0007047000082B00190019848F66C21C5F23C
:104FE0000261086048F26C20C5F20260006800901F
:104FF000009802B07047000048F64821C5F20261EF
:10500000402008607047000048F24820C5F2026066
:105010000068C0F38010704781B0009048F24410DF
:10502000C5F20260006800F0700001B07047000037
:1050300048F24410C5F20260006880B2000A70476E
:1050400081B0009048F24410C5F20260006800F0A0
:10505000070001B07047000048F22400C5F202606A
:10506000006800F4E000704748F22400C5F20260D6
:10507000006800F00700704748F22400C5F20260A3
:10508000006800F07000704748F22400C5F202602A
:10509000006800F4E040704748F22400C5F2026066
:1050A000006800F4E020704781B0009048F25C1086
:1050B000C5F20260006800F0070001B07047000010
:1050C00082B001909DF8040048F24411C5F20261DB
:1050D00008440090019800990968019A130EC2F3E0
:1050E000042293401940D14040EA014002B0704789
:1050F00048F22000C5F20260006800F440107047DA
:1051000081B0009048F24410C5F20260006800F4DB
:10511000401001B07047000048F24810C5F202602C
:10512000006800F0F000704781B0009048F248102D
:10513000C5F20260006800F4405001B07047000002
:1051400081B0009048F24810C5F20260006800F09B
:10515000030001B07047000081B0009048F24C108D
:10516000C5F20260006800F0030001B07047000063
:1051700081B0009048F24C10C5F20260006800F067
:10518000300001B07047000080B582B001900198F6
:10519000FFF796FF02B080BD80B582B00190019804
:1051A000FFF78EFF02B080BD80B582B001900198FC
:1051B000FFF786FF02B080BD81B0009048F2781002
:1051C000C5F20260006800F4E06001B070470000C2
:1051D00081B0009048F25010C5F20260006800F003
:1051E000407001B07047000081B0009048F2541048
:1051F000C5F20260006800F4E02001B070470000D2
:1052000081B0009048F25C10C5F20260006800F0C6
:10521000300001B07047000048F25C10C5F2026037
:10522000006800F44070704780B582B0019001982A
:10523000FFF746FF02B080BD80B582B001900198B3
:10524000FFF73EFF02B080BD81B0009048F26410CD
:10525000C5F20260006800F0070001B0704700006E
:1052600080B582B001900198FFF72AFF02B080BD9F
:1052700048F22000C5F20260006800F0405070471C
:1052800048F22400C5F202600068C0F30160704774
:1052900080B582B001900198FFF712FF02B080BD87
:1052A00080B582B001900198FFF70AFF02B080BD7F
:1052B00080B582B001900198FFF702FF02B080BD77
:1052C00080B582B001900198FFF7FAFE02B080BD70
:1052D00048F20400C5F202600068C0F30010704795
:1052E00048F20400C5F202600068C0F30010704785
:1052F00048F25400C5F202600068C0F380107047A5
:1053000048F25401C5F20261086820F040000860CC
:105310007047000048F25401C5F20261086840F08D
:10532000400008607047000049F20001C5F20261C8
:10533000082008607047000048F60001C5F20261CD
:10534000082008607047000048F24800C5F202607B
:10535000006800F4C070704748F24800C5F202606F
:10536000006800F4C070704748F20400C5F20260A3
:105370000068C0F3C000704748F20400C5F2026044
:105380000068C0F3C000704781B0009048F2480147
:10539000C5F20261086820F4FE00009A40EA02406B
:1053A000086001B07047000081B0009048F24801E9
:1053B000C5F20261086820F4C070009A10430860CA
:1053C00001B0704748F64021C5F202614FF4007009
:1053D0000860704748F2E800C5F20260006800F417
:1053E0007F01012000EB11407047000048F2E80007
:1053F000C5F20260006800F04050704748F240205B
:10540000C5F202600068C0F34020704748F2EC002B
:10541000C5F20260006800F04050704748F6402135
:10542000C5F202614FF400600860704748F2F00076
:10543000C5F20260006800F47F01012000EB11401A
:105440007047000048F2F000C5F20260006800F00A
:105450004050704748F24020C5F202600068C0F337
:10546000C020704748F64021C5F202614FF48050D9
:105470000860704748F2F400C5F20260006800F46A
:105480007F01012000EB11407047000048F2F4005A
:10549000C5F20260006800F04050704748F24020BA
:1054A000C5F202600068C0F30030704748F6402142
:1054B000C5F202614FF400500860704748F2F800EE
:1054C000C5F20260006800F47F01012000EB11408A
:1054D0007047000048F2F800C5F20260006800F072
:1054E0004050704748F24020C5F202600068C0F3A7
:1054F0004030704748F64021C5F202614FF48040C9
:105500000860704748F2FC00C5F20260006800F4D1
:105510007F01012000EB11407047000048F2FC00C1
:10552000C5F20260006800F04050704748F2402029
:10553000C5F202600068C0F38030704748F6402131
:10554000C5F202614FF400400860704748F2001055
:10555000C5F20260006800F47F01012000EB1140F9
:105560007047000048F20010C5F20260006800F0C9
:105570004050704748F24020C5F20260006880B297
:10558000C00B704748F64021C5F202614FF48030ED
:105590000860704748F20410C5F20260006800F429
:1055A0007F01012000EB11407047000048F2041019
:1055B000C5F20260006800F04050704748F2402099
:1055C000C5F202600068C0F30040704748F6402111
:1055D000C5F202614FF400300860704748F20810CD
:1055E000C5F20260006800F47F01012000EB114069
:1055F0007047000048F20810C5F20260006800F031
:105600004050704748F24020C5F202600068C0F385
:105610004040704748F64021C5F202614FF48020B7
:105620000860704748F20C10C5F20260006800F490
:105630007F01012000EB11407047000048F20C1080
:10564000C5F20260006800F04050704748F2402008
:10565000C5F202600068C0F38040704748F6402100
:10566000C5F20261012008607047000048F2C400E2
:10567000C5F20260006800F47F01012000EB1140D8
:105680007047000048F2C400C5F20260006800F0F4
:105690004050704748F64021C5F202614FF40020A7
:1056A0000860704748F21010C5F20260006800F40C
:1056B0007F01012000EB11407047000048F21010FC
:1056C000C5F20260006800F04050704748F2402088
:1056D000C5F202600068C0F3C040704748F2C800DD
:1056E000C5F20260006800F47F01012000EB114068
:1056F0007047000048F2C800C5F20260006800F080
:105700004050704748F64021C5F20261042008600D
:105710007047000048F2CC00C5F20260006800F457
:105720007F01012000EB11407047000048F2CC00DF
:10573000C5F20260006800F04050704748F2402017
:10574000C5F202600068C0F38000704748F640214F
:10575000C5F20261082008607047000048F2D000DE
:10576000C5F20260006800F47F01012000EB1140E7
:105770007047000048F2D000C5F20260006800F0F7
:105780004050704748F24020C5F202600068C0F304
:10579000C000704748F64021C5F202611020086041
:1057A0007047000048F2D400C5F20260006800F4BF
:1057B0007F01012000EB11407047000048F2D40047
:1057C000C5F20260006800F04050704748F2402087
:1057D000C5F202600068C0F30010704748F2D800BC
:1057E000C5F20260006800F04050704748F6402162
:1057F000C5F20261402008607047000048F2DC00FA
:10580000C5F20260006800F47F01012000EB114046
:105810007047000048F2DC00C5F20260006800F04A
:105820004050704748F24020C5F202600068C0F363
:105830008010704748F64021C5F202618020086060
:105840007047000048F2E000C5F20260006800F412
:105850007F01012000EB11407047000048F2E0009A
:10586000C5F20260006800F04050704748F24020E6
:10587000C5F202600068C0B2C009704748F6402116
:10588000C5F202614FF480700860704748F2E4008E
:10589000C5F20260006800F47F01012000EB1140B6
:1058A0007047000048F2E400C5F20260006800F0B2
:1058B0004050704748F24020C5F202600068C0F3D3
:1058C0000020704748F20400C5F202600068C0F38F
:1058D0004000704748F20400C5F202600068C0F35F
:1058E0004000704749F20001C5F2026101200860E2
:1058F0007047000048F60001C5F20261012008600F
:105900007047000048F20400C5F20260006800F031
:105910000100704748F20400C5F20260006800F020
:105920000100704749F20001C5F2026104200860DD
:105930007047000048F60001C5F2026104200860CB
:105940007047000048F24400C5F20260006800F4AD
:105950000070704748F20400C5F202600068C0F3AE
:105960008000704748F20400C5F202600068C0F38E
:105970008000704781B0009048F24401C5F2026196
:10598000086820F4F810009A40EA0240086001B06C
:105990007047000081B0009048F24401C5F20261F6
:1059A000086820F40070009A1043086001B0704746
:1059B00048F28800C5F202600068C0F3807070474A
:1059C00048F28400C5F20260006820F07F40704712
:1059D00048F28000C5F202600068C0F305507047CD
:1059E00048F28000C5F202600068C0F30B207047E7
:1059F00048F28800C5F202600068C0F3C2607047D8
:105A000048F28800C5F202600068C0F30260704787
:105A100048F28000C5F20260006800F0E040704784
:105A200048F28000C5F20260006800F0E040704774
:105A300048F28000C5F202600068C0F3C0607047A1
:105A400048F28000C5F202600068C0F3C060704791
:105A500048F20400C5F202600068C0F300207047FD
:105A600048F20400C5F202600068C0F300207047ED
:105A700048F29800C5F202600068C0F38070704779
:105A800048F29400C5F20260006820F07F40704741
:105A900048F29000C5F202600068C0F305507047FC
:105AA00048F29000C5F202600068C0F30B20704716
:105AB00048F29800C5F202600068C0F3C260704707
:105AC00048F29800C5F202600068C0F302607047B7
:105AD00048F29000C5F20260006800F0E0407047B4
:105AE00048F29000C5F20260006800F0E0407047A4
:105AF00048F29000C5F202600068C0F3C0607047D1
:105B000048F29000C5F202600068C0F3C0607047C0
:105B100048F20400C5F202600068C0F340207047FC
:105B200048F20400C5F202600068C0F340207047EC
:105B300048F2A800C5F202600068C0F380707047A8
:105B400048F2A400C5F20260006820F07F40704770
:105B500048F2A000C5F202600068C0F3055070472B
:105B600048F2A000C5F202600068C0F30B20704745
:105B700048F2A800C5F202600068C0F3C260704736
:105B800048F2A800C5F202600068C0F302607047E6
:105B900048F2A000C5F20260006800F0E0407047E3
:105BA00048F2A000C5F20260006800F0E0407047D3
:105BB00048F2A000C5F202600068C0F3C060704700
:105BC00048F2A000C5F202600068C0F3C0607047F0
:105BD00048F20400C5F202600068C0F380207047FC
:105BE00048F20400C5F202600068C0F380207047EC
:105BF00048F2B800C5F202600068C0F380707047D8
:105C000048F2B400C5F20260006820F07F4070479F
:105C100048F2B000C5F202600068C0F3055070475A
:105C200048F2B000C5F202600068C0F30B20704774
:105C300048F2B800C5F202600068C0F3C260704765
:105C400048F2B800C5F202600068C0F30260704715
:105C500048F2B000C5F20260006800F0E040704712
:105C600048F2B000C5F20260006800F0E040704702
:105C700048F2B000C5F202600068C0F3C06070472F
:105C800048F2B000C5F202600068C0F3C06070471F
:105C900048F20400C5F202600068C0F3C0207047FB
:105CA00048F20400C5F202600068C0F3C0207047EB
:105CB00081B0009048F24411C5F20261086820F0FA
:105CC0000700009A1043086001B0704781B000904F
:105CD00048F25C11C5F20261086820F00700009AE2
:105CE0001043086001B0704782B001909DF8040035
:105CF00048F24411C5F2026108440090009800681F
:105D000001990B0EC1F3042293409843C1F307415C
:105D1000914008430099086002B0704781B000903C
:105D200048F24411C5F20261086820F44010009A5C
:105D30001043086001B0704781B0009048F24811EC
:105D4000C5F20261086820F44050009A10430860D0
:105D500001B0704781B0009048F24811C5F202616D
:105D6000086820F4E020009A1043086001B07047F2
:105D700081B0009048F24811C5F20261086820F431
:105D80008010009A1043086001B0704781B0009005
:105D900048F24811C5F20261086820F08070009A4C
:105DA0001043086001B0704781B0009048F24C1178
:105DB000C5F20261086820F00300009A10430860F1
:105DC00001B0704781B0009048F24C11C5F20261F9
:105DD000086820F03000009A1043086001B0704756
:105DE00080B582B001900198FFF77EFF02B080BDC0
:105DF00080B582B001900198FFF776FF02B080BDB8
:105E000080B582B001900198FFF76EFF02B080BDAF
:105E100081B0009048F27811C5F20261086820F460
:105E2000E060009A1043086001B0704781B00090B4
:105E300048F25011C5F20261086820F04070009AE3
:105E40001043086001B0704781B0009048F25411CF
:105E5000C5F20261086820F4E020009A104308604F
:105E600001B0704780B582B001900198FFF73CFF08
:105E700002B080BD80B582B001900198FFF734FF79
:105E800002B080BD81B0009048F25C11C5F20261A1
:105E9000086820F03000009A1043086001B0704795
:105EA00081B0009048F25C11C5F20261086820F4EC
:105EB0004070009A1043086001B0704781B00090B4
:105EC00048F25C11C5F20261086820F47C30009A47
:105ED0001043086001B0704780B582B0019001980E
:105EE000FFF702FF02B080BD80B582B0019001983B
:105EF000FFF7FAFE02B080BD81B0009048F2641155
:105F0000C5F20261086820F00700009A104308609B
:105F100001B0704780B582B001900198FFF7E4FEB0
:105F200002B080BD81B0009048F22401C5F2026148
:105F3000086820F04070009A40EA0260086001B0F2
:105F40007047000080B582B001900198FFF7CCFE49
:105F500002B080BD80B582B001900198FFF7C4FE09
:105F600002B080BD80B51020FFF710F880BD0000A2
:105F700080B582B040F20C00C3F21C40009041F2A8
:105F80000001C5F2002101604FF4E13141600021C0
:105F900001918160C16001610C2242618161C16136
:105FA000016241628162FEF757FF18B1FFE7FAF71D
:105FB000E9FCFFE740F20C00C3F21C400021FEF7B1
:105FC00005FF18B1FFE7FAF7DDFCFFE740F20C0030
:105FD000C3F21C400021FEF7B3FE18B1FFE7FAF749
:105FE000D1FCFFE740F20C00C3F21C40FEF76AFE52
:105FF00018B1FFE7FAF7C6FCFFE702B080BD00006A
:10600000FFE7FEE7FFE7FEE788B0079006910592FD
:10601000079800F0070004900498C0F107000528D5
:1060200003D3FFE70420019004E00498C0F10700C7
:106030000190FFE70198039004980430062803D8E4
:10604000FFE70020009003E0049803380090FFE78A
:106050000098029006980399012202FA01F1013991
:106060000840029B984005999A40013A1140084324
:1060700008B070477047000085B0DDF818C0DDF843
:1060800014C004900391029201939DED040AB8EEAE
:10609000400A9DED021AB8EE411A9DED012AB8EEB4
:1060A000422A9FED163A22EE032A31EE021A20EE22
:1060B000010A9DED031AB8EE411A80EE010A8DED3A
:1060C000000A9DED000A9DED051AB8EE411A80EE1A
:1060D000010A8DED000A9DED000A9DED061AB8EE4D
:1060E000411A80EE010A8DED000A9DED000ABCEE1A
:1060F000C00A10EE100A05B0704700BF00008033E0
:1061000080B588B00790002006900798FEF784FFBE
:106110000146049100B3FFE70498102822D0FFE75E
:106120000498202823D0FFE70498302863D0FFE7A5
:106130000498402800F0B280FFE70498502800F04F
:106140009E80FFE70498602800F0B380FFE7049882
:10615000702800F0B480BCE0FEF70AF900F018FEE9
:106160000690B7E0072000F097F90690B2E0FFF73D
:1061700059FB00283ED0FFE7FFF740FB0590FFF7F3
:1061800049FB0146039178B1FFE70398B0F1805FC6
:1061900013D0FFE70398B0F1005F17D0FFE7039833
:1061A000B0F1405F1BD023E0FAF7C0FE06900698DE
:1061B0000599B0FBF1F006901BE0FAF703FF06909B
:1061C00006980599B0FBF1F0069012E0FAF746FF49
:1061D000069006980599B0FBF1F0069009E0FAF7F1
:1061E00089FF069006980599B0FBF1F0069000E053
:1061F000FFE7FFE76EE0FFF739FB00283ED0FFE73F
:10620000FFF720FB0590FFF729FB0146029178B1CB
:10621000FFE70298B0F1805F13D0FFE70298B0F17A
:10622000005F17D0FFE70298B0F1405F1BD023E07A
:10623000FAF77CFE069006980599B0FBF1F00690FF
:106240001BE0FAF7BFFE069006980599B0FBF1F047
:10625000069012E0FAF702FF069006980599B0FB47
:10626000F1F0069009E0FAF745FF069006980599C7
:10627000B0FBF1F0069000E0FFE7FFE72AE0FFF750
:106280007BF850B1FFE7FFF767F8C10949F200005A
:10629000C0F2D030C8400690FFE71BE0FFF762FB7A
:1062A00030B1FFE740F60010C0F23D000690FFE776
:1062B00010E048F20000C0F2BB0006900AE0FEF7D2
:1062C00057F80190FEF7DCFF01460198C8400690A0
:1062D00000E0FFE706980090FEF7AAFE014600984E
:1062E0000131B0FBF1F008B080BD000080B588B08E
:1062F0000790002006900798FEF7A2FE0146049141
:10630000072800F2C4800499DFE801F0040A0F5363
:10631000A697B1B7FEF72CF800F03AFD0690B7E06B
:10632000072000F0B9F80690B2E0FFF77BFA0028EA
:106330003ED0FFE7FFF762FA0590FFF76BFA0146E0
:10634000039178B1FFE70398B0F1805F13D0FFE7C6
:106350000398B0F1005F17D0FFE70398B0F1405FFA
:106360001BD023E0FAF7E2FD069006980599B0FBF2
:10637000F1F006901BE0FAF725FE069006980599C5
:10638000B0FBF1F0069012E0FAF768FE069006986E
:106390000599B0FBF1F0069009E0FAF7ABFE069024
:1063A00006980599B0FBF1F0069000E0FFE7FFE7E3
:1063B0006EE0FFF75BFA00283ED0FFE7FFF742FAF6
:1063C0000590FFF74BFA0146029178B1FFE702987A
:1063D000B0F1805F13D0FFE70298B0F1005F17D0F3
:1063E000FFE70298B0F1405F1BD023E0FAF79EFD73
:1063F000069006980599B0FBF1F006901BE0FAF7BD
:10640000E1FD069006980599B0FBF1F0069012E0C8
:10641000FAF724FE069006980599B0FBF1F0069075
:1064200009E0FAF767FE069006980599B0FBF1F0CF
:10643000069000E0FFE7FFE72AE0FEF79DFF50B17E
:10644000FFE7FEF789FFC10949F20000C0F2D03032
:10645000C8400690FFE71BE0FFF784FA30B1FFE782
:1064600040F60010C0F23D000690FFE710E048F251
:106470000000C0F2BB0006900AE0FDF779FF019032
:10648000FEF7FEFE01460198C840069000E0FFE7D7
:10649000069808B080BD000080B58AB00990002041
:1064A0000890FEF7B1FD012840F08F81FFE70998C1
:1064B000FEF7FAFD01460691072800F2848106994D
:1064C000DFE811F0080017002200F9002D0071002C
:1064D000B5003D01FEF750FF50B1FFE7FEF73CFF6E
:1064E000C10949F20000C0F2D030C8400890FFE76F
:1064F0006AE1FFF737FA30B1FFE740F60010C0F26B
:106500003D000890FFE75FE1FEF7EAFE30B1FFE7EC
:1065100046F60040C0F2DC200890FFE754E1FFF7A8
:1065200055F900283ED0FFE7FFF73CF90790FFF749
:1065300045F90146059178B1FFE70598B0F1805F14
:1065400013D0FFE70598B0F1005F17D0FFE705987B
:10655000B0F1405F1BD023E0FAF7E8FC0890089800
:106560000799B0FBF1F008901BE0FAF72BFD0890BB
:1065700008980799B0FBF1F0089012E0FAF76EFD69
:10658000089008980799B0FBF1F0089009E0FAF735
:10659000B1FD089008980799B0FBF1F0089000E071
:1065A000FFE7FFE710E1FEF729FF00283ED0FFE7F5
:1065B000FEF710FF0790FEF719FF0146049178B12E
:1065C000FFE70498B0F1805F13D0FFE70498B0F1C3
:1065D000005F17D0FFE70498B0F1405F1BD023E0C5
:1065E000FAF7A4FC089008980799B0FBF1F008901E
:1065F0001BE0FAF7E7FC089008980799B0FBF1F068
:10660000089012E0FAF72AFD089008980799B0FB65
:10661000F1F0089009E0FAF76DFD089008980799E5
:10662000B0FBF1F0089000E0FFE7FFE7CCE0FEF7F9
:106630007DFF00283ED0FFE7FEF764FF0790FEF7DE
:106640006DFF0146039178B1FFE70398B0F1805FD9
:1066500013D0FFE70398B0F1005F17D0FFE703986E
:10666000B0F1405F1BD023E0FAF760FC0890089877
:106670000799B0FBF1F008901BE0FAF7A3FC089033
:1066800008980799B0FBF1F0089012E0FAF7E6FCE1
:10669000089008980799B0FBF1F0089009E0FAF724
:1066A00029FD089008980799B0FBF1F0089000E0E8
:1066B000FFE7FFE788E0FEF7C9FF00283ED0FFE7CD
:1066C000FEF7B0FF0790FEF7B9FF0146029178B1DF
:1066D000FFE70298B0F1805F13D0FFE70298B0F1B6
:1066E000005F17D0FFE70298B0F1405F1BD023E0B6
:1066F000FAF71CFC089008980799B0FBF1F0089095
:106700001BE0FAF75FFC089008980799B0FBF1F0DE
:10671000089012E0FAF7A2FC089008980799B0FBDD
:10672000F1F0089009E0FAF7E5FC0890089807995D
:10673000B0FBF1F0089000E0FFE7FFE744E0FEF770
:10674000C5FF00283ED0FFE7FEF7ACFF0790FEF73D
:10675000B5FF0146019178B1FFE70198B0F1805F84
:1067600013D0FFE70198B0F1005F17D0FFE7019861
:10677000B0F1405F1BD023E0FAF7D8FB08900898EF
:106780000799B0FBF1F008901BE0FAF71BFC0890AA
:1067900008980799B0FBF1F0089012E0FAF75EFC58
:1067A000089008980799B0FBF1F0089009E0FAF713
:1067B000A1FC089008980799B0FBF1F0089000E060
:1067C000FFE7FFE700E0FFE7FFE708980AB080BDBA
:1067D00080B584B000200390FEF714FF00283ED05F
:1067E000FFE7FEF7FBFE0290FEF704FF0146019172
:1067F00078B1FFE70198B0F1805F13D0FFE701980F
:10680000B0F1005F17D0FFE70198B0F1405F1BD0F7
:1068100023E0FAF78BFB039003980299B0FBF1F0A9
:1068200003901BE0FAF7CEFB039003980299B0FBAC
:10683000F1F0039012E0FAF711FC0390039802992B
:10684000B0FBF1F0039009E0FAF754FC03900398D1
:106850000299B0FBF1F0039000E0FFE7FFE7039837
:1068600004B080BD80B586B00590002004900598E6
:10687000FEF746FC0146029178B1FFE70298B0F5B9
:10688000801F12D0FFE70298B0F5001F12D0FFE77B
:106890000298B0F5401F51D05FE0FDF769FD00F0B0
:1068A00077FA01F051FA049058E00720FFF7F4FD61
:1068B000049053E0FEF782FE00283ED0FFE7FEF78B
:1068C00069FE0390FEF772FE0146019178B1FFE781
:1068D0000198B0F1805F13D0FFE70198B0F1005F3D
:1068E00017D0FFE70198B0F1405F1BD023E0FAF723
:1068F0001DFB049004980399B0FBF1F004901BE099
:10690000FAF760FB049004980399B0FBF1F004904F
:1069100012E0FAF7A3FB049004980399B0FBF1F09E
:10692000049009E0FAF7E6FB049004980399B0FBA1
:10693000F1F0049000E0FFE7FFE70FE0FEF71CFD39
:1069400050B1FFE7FEF708FDC10949F20000C0F2AF
:10695000D030C8400490FFE700E0FFE7049806B09D
:1069600080BD000080B586B0059000200490059899
:10697000FEF7DAFB0146029178B1FFE70298B0F525
:10698000805F10D0FFE70298B0F5005F10D0FFE7FE
:106990000298B0F5405F4FD059E0FDF7E9FC00F0F8
:1069A000F7F9049054E00720FFF776FD04904FE0DC
:1069B000FEF750FD00283ED0FFE7FEF737FD0390BD
:1069C000FEF740FD0146019178B1FFE70198B0F173
:1069D000805F13D0FFE70198B0F1005F17D0FFE7A9
:1069E0000198B0F1405F1BD023E0FAF79FFA0490C2
:1069F00004980399B0FBF1F004901BE0FAF7E2FA77
:106A0000049004980399B0FBF1F0049012E0FAF7B7
:106A100025FB049004980399B0FBF1F0049009E081
:106A2000FAF768FB049004980399B0FBF1F0049026
:106A300000E0FFE7FFE70BE0FEF752FC30B1FFE7B5
:106A400046F60040C0F2DC200490FFE700E0FFE7DC
:106A5000049806B080BD000080B586B00590002087
:106A600004900598FEF76CFB0146029103285ED85E
:106A70000299DFE801F002080D51FDF779FC00F002
:106A800087F9049054E00720FFF706FD04904FE0DB
:106A9000FEF704FD00283ED0FFE7FEF7EBFC039075
:106AA000FEF7F4FC0146019178B1FFE70198B0F1DF
:106AB000805F13D0FFE70198B0F1005F17D0FFE7C8
:106AC0000198B0F1405F1BD023E0FAF72FFA049051
:106AD00004980399B0FBF1F004901BE0FAF772FA06
:106AE000049004980399B0FBF1F0049012E0FAF7D7
:106AF000B5FA049004980399B0FBF1F0049009E012
:106B0000FAF7F8FA049004980399B0FBF1F00490B6
:106B100000E0FFE7FFE70BE0FEF7E2FB30B1FFE745
:106B200046F60040C0F2DC200490FFE700E0FFE7FB
:106B300004980090FEF7F0FA02460098012101EB5C
:106B40001211B0FBF1F006B080BD000080B586B038
:106B50000590002004900598FEF7FEFA0146029188
:106B6000032860D80299DFE801F0020A0F53FDF70D
:106B7000FFFB00F00DF901F0BDF8049054E0072090
:106B8000FFF78AFC04904FE0FEF760FD00283ED03E
:106B9000FFE7FEF747FD0390FEF750FD0146019128
:106BA00078B1FFE70198B0F1805F13D0FFE701985B
:106BB000B0F1005F17D0FFE70198B0F1405F1BD044
:106BC00023E0FAF7B3F9049004980399B0FBF1F0CD
:106BD00004901BE0FAF7F6F9049004980399B0FBCF
:106BE000F1F0049012E0FAF739FA0490049803994E
:106BF000B0FBF1F0049009E0FAF77CFA04900498F5
:106C00000399B0FBF1F0049000E0FFE7FFE70BE031
:106C1000FEF766FB30B1FFE746F60040C0F2DC202D
:106C20000490FFE700E0FFE7049806B080BD000095
:106C300080B586B00590002004900598FEF798FA7C
:106C40000146029160B1FFE7029810280ED0FFE7DD
:106C5000029820280FD0FFE7029830284FD092E00A
:106C6000FDF786FB00F094F804908DE00720FFF715
:106C700013FC049088E0FEF761FD00283ED0FFE79A
:106C8000FEF748FD0390FEF751FD0146019178B1F2
:106C9000FFE70198B0F1805F13D0FFE70198B0F1F2
:106CA000005F17D0FFE70198B0F1405F1BD023E0F1
:106CB000FAF73CF9049004980399B0FBF1F00490C2
:106CC0001BE0FAF77FF9049004980399B0FBF1F008
:106CD000049012E0FAF7C2F9049004980399B0FB0B
:106CE000F1F0049009E0FAF705FA0490049803998A
:106CF000B0FBF1F0049000E0FFE7FFE744E0FEF7AF
:106D000041FD00283ED0FFE7FEF728FD0390FEF787
:106D100031FD0146009178B1FFE70098B0F1805F46
:106D200013D0FFE70098B0F1005F17D0FFE700989D
:106D3000B0F1405F1BD023E0FAF7F8F80490049814
:106D40000399B0FBF1F004901BE0FAF73BF90490D3
:106D500004980399B0FBF1F0049012E0FAF77EF981
:106D6000049004980399B0FBF1F0049009E0FAF75D
:106D7000C1F9049004980399B0FBF1F0049000E08D
:106D8000FFE7FFE700E0FFE7049806B080BD0000E2
:106D900080B582B0019001980090FEF75DF9014640
:106DA0000098C1F30251C84002B080BD80B586B0E2
:106DB0000590002004900598FEF7E6F9014602913F
:106DC0000C21C0F20071884200F0C980FFE70298F0
:106DD00040F20C41C0F20071884200F0C080FFE731
:106DE000029840F60C01C0F20071884200F0B780B2
:106DF000FFE7029840F60C41C0F20071884200F0B3
:106E0000AE80FFE702980C21C0F20171884200F0C9
:106E1000AE80FFE7029840F20C41C0F20171884257
:106E200000F0A580FFE7029840F60C01C0F2017166
:106E3000884200F09C80FFE7029840F60C41C0F2C7
:106E40000171884200F09380FFE702980C21C0F2A4
:106E50000271884200F09080FFE7029840F20C41F6
:106E6000C0F20271884200F08780FFE7029840F686
:106E70000C01C0F2027188427ED0FFE7029840F612
:106E80000C41C0F20271884276D0FFE702980C21D3
:106E9000C0F20371884200F0B380FFE7029840F22D
:106EA0000C41C0F20371884200F0AA80FFE702980B
:106EB00040F60C01C0F20371884200F0A180FFE7A8
:106EC000029840F60C41C0F20371884200F09880AD
:106ED000FFE702980C21C0F20471884200F0E380C1
:106EE000FFE7029840F20C41C0F20471884200F0C2
:106EF000DA80FFE7029840F60C01C0F20471884284
:106F000000F0D180FFE7029840F60C41C0F2047116
:106F1000884200F0C880FFE702980C21C0F205719A
:106F2000884200F0B180FFE7029840F20C41C0F2C5
:106F30000571884200F0A880FFE7029840F60C0136
:106F4000C0F20571884200F09F80FFE7029840F68A
:106F50000C41C0F20571884200F09680AEE0FDF76A
:106F600007FAFFF715FF00F0C5FE0490A7E0072021
:106F7000FFF792FA0490A2E0FEF740FA00283ED014
:106F8000FFE7FEF727FA0390FEF730FA014601917A
:106F900078B1FFE70198B0F1805F13D0FFE7019867
:106FA000B0F1005F17D0FFE70198B0F1405F1BD050
:106FB00023E0F9F7BBFF049004980399B0FBF1F0CC
:106FC00004901BE0F9F7FEFF049004980399B0FBCE
:106FD000F1F0049012E0FAF741F804900498039954
:106FE000B0FBF1F0049009E0FAF784F804900498FB
:106FF0000399B0FBF1F0049000E0FFE7FFE75EE0EB
:10700000FEF794FA00283ED0FFE7FEF77BFA0390E4
:10701000FEF784FA0146009178B1FFE70098B0F1DD
:10702000805F13D0FFE70098B0F1005F17D0FFE753
:107030000098B0F1405F1BD023E0F9F777FF049090
:1070400004980399B0FBF1F004901BE0F9F7BAFF44
:10705000049004980399B0FBF1F0049012E0F9F762
:10706000FDFF049004980399B0FBF1F0049009E04F
:10707000FAF740F8049004980399B0FBF1F00490FB
:1070800000E0FFE7FFE71AE0FEF776F950B1FFE70F
:10709000FEF762F9C10949F20000C0F2D030C840E1
:1070A0000490FFE70BE0FEF75DFC30B1FFE740F630
:1070B0000010C0F23D000490FFE700E0FFE70498F5
:1070C00006B080BD80B586B005900020049005987C
:1070D000FEF762F80146029141F20C01C0F2007124
:1070E00088425CD0FFE7029841F20C41C0F2007187
:1070F000884254D0FFE7029841F20C01C0F20171BE
:10710000884254D0FFE7029841F20C41C0F201716D
:1071100088424CD0FFE7029841F20C01C0F20271A4
:10712000884249D0FFE7029841F20C41C0F2027157
:10713000884241D0FFE7029841F20C01C0F203718E
:1071400088427DD0FFE7029841F20C41C0F2037102
:10715000884275D0FFE7029841F20C01C0F2047139
:10716000884200F0C080FFE7029841F20C41C0F273
:107170000471884200F0B780FFE7029841F20C01E9
:10718000C0F20571884200F09F80FFE7029841F24B
:107190000C41C0F20571884200F09680AEE0FDF728
:1071A000E7F8FFF7F5FD00F0A5FD0490A7E0072044
:1071B000FFF772F90490A2E0FEF720F900283ED014
:1071C000FFE7FEF707F90390FEF710F9014601917A
:1071D00078B1FFE70198B0F1805F13D0FFE7019825
:1071E000B0F1005F17D0FFE70198B0F1405F1BD00E
:1071F00023E0F9F79BFE049004980399B0FBF1F0AB
:1072000004901BE0F9F7DEFE049004980399B0FBAC
:10721000F1F0049012E0F9F721FF0490049803992B
:10722000B0FBF1F0049009E0F9F764FF04900498D2
:107230000399B0FBF1F0049000E0FFE7FFE75EE0A8
:10724000FEF774F900283ED0FFE7FEF75BF90390E4
:10725000FEF764F90146009178B1FFE70098B0F1BC
:10726000805F13D0FFE70098B0F1005F17D0FFE711
:107270000098B0F1405F1BD023E0F9F757FE04906F
:1072800004980399B0FBF1F004901BE0F9F79AFE23
:10729000049004980399B0FBF1F0049012E0F9F720
:1072A000DDFE049004980399B0FBF1F0049009E02E
:1072B000F9F720FF049004980399B0FBF1F00490D3
:1072C00000E0FFE7FFE71AE0FEF756F850B1FFE7EE
:1072D000FEF742F8C10949F20000C0F2D030C840C0
:1072E0000490FFE70BE0FEF73DFB30B1FFE740F60F
:1072F0000010C0F23D000490FFE700E0FFE70498B3
:1073000006B080BD80B586B0059000200490059839
:10731000FDF74AFF0146029140F62C01C0F20071D0
:10732000884200F00381FFE7029840F62C41C0F24A
:107330000071884200F00281FFE7029841F22C01BF
:10734000C0F20071884200F0F980FFE7029841F234
:107350002C41C0F20071884200F0F080FFE70298F3
:1073600041F62C01C0F20071884200F0E780FFE78F
:10737000029840F62C01C0F20171884200F0E680CC
:10738000FFE7029840F62C41C0F20171884200F0FC
:10739000DD80FFE7029841F22C01C0F201718842C2
:1073A00000F0D480FFE7029841F22C41C0F2017155
:1073B000884200F0CB80FFE7029841F62C01C0F232
:1073C0000171884200F0C280FFE7029840F62C016C
:1073D000C0F20271884200F0BE80FFE7029840F6DA
:1073E0002C41C0F20271884200F0B580FFE702989C
:1073F00041F22C01C0F20271884200F0AC80FFE73C
:10740000029841F22C41C0F20271884200F0A38040
:10741000FFE7029841F62C01C0F20271884200F0A9
:107420009A80FFE7029840F62C01C0F2037188426F
:1074300000F0D580FFE7029840F62C41C0F20371BE
:10744000884200F0CC80FFE7029841F22C01C0F2A4
:107450000371884200F0C380FFE7029841F22C419B
:10746000C0F20371884200F0BA80FFE7029841F64B
:107470002C01C0F20371884200F0B180FFE702984E
:1074800040F62C01C0F20471884200F0B180FFE7A1
:10749000029840F62C41C0F20471884200F0A880A6
:1074A000FFE7029841F22C01C0F20471884200F01B
:1074B0009F80FFE7029841F22C41C0F2047188429C
:1074C00000F09680FFE7029841F62C01C0F20471AB
:1074D000884200F08D80FFE7029840F62C01C0F250
:1074E0000571884200F08D80FFE7029840F62C413C
:1074F000C0F20571884200F08480FFE7029841F2F3
:107500002C01C0F2057188427BD0FFE7029841F25E
:107510002C41C0F20571884273D0FFE7029841F612
:107520002C01C0F2057188426BD074E0FCF720FF9B
:10753000FFF72EFC00F0DEFB04906DE0FCF718FF77
:10754000FFF726FC00F0F2FB049065E00720FEF751
:10755000A3FF049060E0FDF7E9FF00283ED0FFE7BD
:10756000FDF7D0FF0390FDF7D9FF0146019178B1F7
:10757000FFE70198B0F1805F13D0FFE70198B0F109
:10758000005F17D0FFE70198B0F1405F1BD023E008
:10759000F9F7CCFC049004980399B0FBF1F0049047
:1075A0001BE0F9F70FFD049004980399B0FBF1F08C
:1075B000049012E0F9F752FD049004980399B0FB8F
:1075C000F1F0049009E0F9F795FD0490049803990F
:1075D000B0FBF1F0049000E0FFE7FFE71CE0FEF7EE
:1075E00079F920B1FFE74FF400400490FFE713E082
:1075F000FEF790F920B1FFE74FF4FA400490FFE75F
:107600000AE0FCF7B5FE0090FDF73AFE014600984F
:10761000C840049000E0FFE7049806B080BD000079
:1076200080B586B00590002004900598FDF7C4FD54
:107630000146029108B3FFE70298B0F5807F24D09D
:10764000FFE70298B0F5007F24D0FFE70298B0F57D
:10765000407F63D0FFE70298B0F5806F00F0BC80F8
:10766000FFE70298B0F5A06F00F0AB80FFE702984B
:10767000B0F5C06F00F09680B7E0FCF779FEFFF739
:1076800087FB00F053FB0490B0E00720FEF704FFF7
:107690000490ABE0FEF70EF900283ED0FFE7FEF7BE
:1076A000F5F80390FEF7FEF80146019178B1FFE787
:1076B0000198B0F1805F13D0FFE70198B0F1005F4F
:1076C00017D0FFE70198B0F1405F1BD023E0F9F736
:1076D0002DFC049004980399B0FBF1F004901BE09A
:1076E000F9F770FC049004980399B0FBF1F0049052
:1076F00012E0F9F7B3FC049004980399B0FBF1F0A1
:10770000049009E0F9F7F6FC049004980399B0FBA3
:10771000F1F0049000E0FFE7FFE767E0FDF7E2FE2D
:1077200000283ED0FFE7FDF7C9FE0390FDF7D2FE2B
:107730000146009178B1FFE70098B0F1805F13D067
:10774000FFE70098B0F1005F17D0FFE70098B0F1B5
:10775000405F1BD023E0F9F7E9FB049004980399FC
:10776000B0FBF1F004901BE0F9F72CFC04900498B6
:107770000399B0FBF1F0049012E0F9F76FFC04906C
:1077800004980399B0FBF1F0049009E0F9F7B2FC1A
:10779000049004980399B0FBF1F0049000E0FFE737
:1077A000FFE723E0FDF7E8FD50B1FFE7FDF7D4FD6B
:1077B000C10949F20000C0F2D030C8400490FFE790
:1077C00014E0FEF7CFF830B1FFE740F60010C0F24A
:1077D0003D000490FFE709E0FEF77CF820B1FFE7E9
:1077E0004FF400400490FFE700E0FFE7049806B084
:1077F00080BD000080B586B00590002004900598FB
:10780000FDF7E6FC0146029178B1FFE70298B0F17E
:10781000807F12D0FFE70298B0F1007F12D0FFE71F
:107820000298B0F1407F51D05FE0FCF7A1FDFFF777
:10783000AFFA00F089FA049058E00720FEF72CFE1A
:10784000049053E0FDF796FE00283ED0FFE7FDF7D9
:107850007DFE0390FDF786FE0146019178B1FFE7BA
:107860000198B0F1805F13D0FFE70198B0F1005F9D
:1078700017D0FFE70198B0F1405F1BD023E0F9F784
:1078800055FB049004980399B0FBF1F004901BE0C1
:10789000F9F798FB049004980399B0FBF1F0049079
:1078A00012E0F9F7DBFB049004980399B0FBF1F0C8
:1078B000049009E0F9F71EFC049004980399B0FBCA
:1078C000F1F0049000E0FFE7FFE70FE0FDF754FD63
:1078D00050B1FFE7FDF740FDC10949F20000C0F2D9
:1078E000D030C8400490FFE700E0FFE7049806B0FE
:1078F00080BD000080B588B00790002006900798F2
:10790000FDF772FC0146049138B3FFE70498B0F527
:10791000803F28D0FFE70498B0F5003F28D0FFE76C
:107920000498B0F5403F67D0FFE70498B0F5802F8A
:1079300000F0B580FFE70498B0F5A02F00F0A0801C
:10794000FFE70498B0F5C02F00F0B480FFE704987B
:10795000B0F5E02F00F0B480BCE0FCF709FDFFF7C4
:1079600017FA0690B7E00720FEF796FD0690B2E002
:10797000FDF758FF00283ED0FFE7FDF73FFF0590D9
:10798000FDF748FF0146039178B1FFE70398B0F196
:10799000805F13D0FFE70398B0F1005F17D0FFE7D7
:1079A0000398B0F1405F1BD023E0F9F7BFFA0690CF
:1079B00006980599B0FBF1F006901BE0F9F702FB81
:1079C000069006980599B0FBF1F0069012E0F9F7E1
:1079D00045FB069006980599B0FBF1F0069009E08A
:1079E000F9F788FB069006980599B0FBF1F0069030
:1079F00000E0FFE7FFE76EE0FDF738FF00283ED02C
:107A0000FFE7FDF71FFF0590FDF728FF01460291F4
:107A100078B1FFE70298B0F1805F13D0FFE70298DA
:107A2000B0F1005F17D0FFE70298B0F1405F1BD0C4
:107A300023E0F9F77BFA069006980599B0FBF1F080
:107A400006901BE0F9F7BEFA069006980599B0FB80
:107A5000F1F0069012E0F9F701FB069006980599FF
:107A6000B0FBF1F0069009E0F9F744FB06900698A8
:107A70000599B0FBF1F0069000E0FFE7FFE72AE090
:107A8000FDF77AFC50B1FFE7FDF766FCC10949F24A
:107A90000000C0F2D030C8400690FFE71BE0FDF7C1
:107AA00061FF30B1FFE740F60010C0F23D000690E4
:107AB000FFE710E048F20000C0F2BB0006900AE0C9
:107AC000FCF756FC0190FDF7DBFB01460198C8402E
:107AD000069000E0FFE7069808B080BD80B584B04E
:107AE0000390002002900398FDF7E2FB014601910C
:107AF00041F21401C0F2001188422ED0FFE7019834
:107B000041F61401C0F2001188422ED0FFE701981F
:107B100041F21401C0F20111884208D0FFE7019838
:107B200041F61401C0F20111884226D1FFE7FDF7AA
:107B3000D7FB88B1FFE7FDF7DBFB30B9FFE746F67F
:107B40000040C0F2DC20029005E043F20060C0F289
:107B50006E100290FFE7FFE710E040F61440C0F21D
:107B6000003000F00FF8029008E041F21440C0F23B
:107B7000003000F007F8029000E0FFE7029804B040
:107B800080BD000080B586B0059000200490059867
:107B9000FDF78EFB0146029140F61441C0F2003120
:107BA00088423DD0FFE7029841F21441C0F2003113
:107BB000884235D0FFE7029840F61441C0F2013107
:107BC000884228D0FFE7029841F21441C0F2013107
:107BD000884220D0FFE7029840F61441C0F20231FB
:107BE00088423ED0FFE7029841F21441C0F20231D0
:107BF000884236D0FFE7029840F61441C0F20331C4
:107C0000884218D0FFE7029841F21441C0F20331D4
:107C1000884210D069E00720FEF73EFC049065E042
:107C2000FDF75EFB30B1FFE743F20060C0F26E107B
:107C30000490FFE75AE0FDF753FB88B1FFE7FDF73B
:107C400057FB30B9FFE746F60040C0F2DC20049055
:107C500005E043F20060C0F26E100490FFE7FFE71A
:107C600044E0FDF763FC00283ED0FFE7FDF74AFC47
:107C70000390FDF753FC0146019178B1FFE70198AD
:107C8000B0F1805F13D0FFE70198B0F1005F17D02B
:107C9000FFE70198B0F1405F1BD023E0F9F746F908
:107CA000049004980399B0FBF1F004901BE0F9F7FD
:107CB00089F9049004980399B0FBF1F0049012E064
:107CC000F9F7CCF9049004980399B0FBF1F0049013
:107CD00009E0F9F70FFA049004980399B0FBF1F06A
:107CE000049000E0FFE7FFE700E0FFE7049806B03C
:107CF00080BD000080B582B0019001980090FDF732
:107D0000B3F90146009801F00701C84002B080BDF8
:107D100080B582B0019001980090FDF7ADF9014661
:107D20000098C1F30211C84002B080BD80B582B096
:107D3000019001980090FDF7A7F901460098C1F362
:107D40000231C84002B080BD80B582B00190019878
:107D50000090FDF7A1F901460098C1F30241C84027
:107D600002B080BD80B584B00390002002900398DB
:107D7000019078B1FFE70198B0F1805F19D0FFE77B
:107D80000198B0F1005F2AD0FFE70198B0F1405FA1
:107D900030D035E0FDF7F0FA50B1FFE7FDF7DCFA3F
:107DA000C10949F20000C0F2D030C8400290FFE79C
:107DB00027E0FDF7D7FD88B1FFE7FDF7C3FD30B938
:107DC000FFE740F60010C0F23D00029005E042F2ED
:107DD0000040C0F2F4000290FFE7FFE711E0FDF77A
:107DE0007FFA30B1FFE746F60040C0F2DC20029097
:107DF000FFE706E048F20000C0F2BB00029000E09E
:107E0000FFE7029804B080BD80B586B005900020E1
:107E100004900598FDF7F4F90146029160B1FFE77F
:107E2000029810280ED0FFE7029820280FD0FFE715
:107E3000029830284FD05DE0FCF79AFAFEF7A8FFD1
:107E4000049058E00720FEF727FB049053E0FDF76D
:107E50003DFC00283ED0FFE7FDF724FC0390FDF732
:107E60002DFC0146019178B1FFE70198B0F1805FE8
:107E700013D0FFE70198B0F1005F17D0FFE701983A
:107E8000B0F1405F1BD023E0F9F750F8049004985C
:107E90000399B0FBF1F004901BE0F9F793F804901C
:107EA00004980399B0FBF1F0049012E0F9F7D6F8CA
:107EB000049004980399B0FBF1F0049009E0F9F7FD
:107EC00019F9049004980399B0FBF1F0049000E0D4
:107ED000FFE7FFE70FE0FDF74FFA50B1FFE7FDF7CF
:107EE0003BFAC10949F20000C0F2D030C84004900A
:107EF000FFE700E0FFE7049806B080BD80B584B0DE
:107F000000200390FDF788F90146019178B1FFE761
:107F10000198B0F5807F0BD0FFE70198B0F5007FA6
:107F20000FD0FFE70198B0F5407F13D02BE02BE096
:107F3000FDF7D0FC20B1FFE74FF400400390FFE7CE
:107F400022E0FDF7E7FC20B1FFE74FF4FA40039091
:107F5000FFE719E0FDF7C4F9A0B1FFE748F25C10B4
:107F6000C5F20260006800F47C31012000EB1130A2
:107F70000290029946F60040C0F2DC20B0FBF1F01E
:107F80000390FFE700E0FFE7039804B080BD000026
:107F900080B586B00590002004900598FDF744F95F
:107FA0000146029141F21841C0F20071884200F08E
:107FB0008380FFE7029841F61801C0F20071884201
:107FC0007AD0FFE7029841F21841C0F2017188426D
:107FD0007AD0FFE7029841F61801C0F20171884299
:107FE00072D0FFE7029841F21841C0F20271884254
:107FF0006FD0FFE7029841F61801C0F20271884283
:1080000067D0FFE7029841F21841C0F2037188423D
:1080100000F0A380FFE7029841F61801C0F2037157
:10802000884200F09A80FFE7029841F21841C0F2BE
:108030000471884200F0E480FFE7029841F61801DD
:10804000C0F20471884200F0DB80FFE7029841F241
:108050001841C0F20571884200F0C380FFE7029822
:1080600041F61801C0F20571884200F0BA80FFE7BE
:10807000029841F21841C0F20671884200F0CB80AC
:10808000FFE7029841F61801C0F20671884200F03D
:10809000C280FFE7029841F21841C0F2077188429E
:1080A00000F0BF80FFE7029841F61801C0F20771A7
:1080B000884200F0B680B9E0FCF75AF9FEF768FE96
:1080C000FFF726FE0490B2E00720FEF7E5F90490E2
:1080D000ADE0FDF7A7FB00283ED0FFE7FDF78EFBE4
:1080E0000390FDF797FB0146019178B1FFE70198F6
:1080F000B0F1805F13D0FFE70198B0F1005F17D0B7
:10810000FFE70198B0F1405F1BD023E0F8F70EFFC6
:10811000049004980399B0FBF1F004901BE0F8F789
:1081200051FF049004980399B0FBF1F0049012E021
:10813000F8F794FF049004980399B0FBF1F00490D1
:1081400009E0F8F7D7FF049004980399B0FBF1F029
:10815000049000E0FFE7FFE769E0FDF787FB0028F8
:108160003ED0FFE7FDF76EFB0390FDF777FB01467E
:10817000009178B1FFE70098B0F1805F13D0FFE77E
:108180000098B0F1005F17D0FFE70098B0F1405FB2
:108190001BD023E0F8F7CAFE049004980399B0FBC3
:1081A000F1F004901BE0F8F70DFF04900498039998
:1081B000B0FBF1F0049012E0F8F750FF049004983F
:1081C0000399B0FBF1F0049009E0F8F793FF0490F5
:1081D00004980399B0FBF1F0049000E0FFE7FFE79B
:1081E00025E0FDF7C9F850B1FFE7FDF7B5F8C10983
:1081F00049F20000C0F2D030C8400490FFE716E01A
:10820000FDF7B0FB30B1FFE740F60010C0F23D00D3
:108210000490FFE70BE048F20000C0F2BB000490BE
:1082200005E0072000F0E2F8049000E0FFE7049882
:1082300006B080BD80B586B00590002004900598FA
:10824000FCF7FAFF014602911C21C0F2003188427E
:1082500035D0FFE7029840F21C41C0F2003188425D
:108260002DD0FFE702981C21C0F2013188422CD0AA
:10827000FFE7029840F21C41C0F20131884224D04D
:10828000FFE702981C21C0F20231884222D0FFE7AA
:10829000029840F21C41C0F2023188421AD0FFE736
:1082A00002981C21C0F20331884257D0FFE70298A0
:1082B00040F21C41C0F2033188424FD092E0FCF7FB
:1082C00057F8FEF765FD04908DE00720FEF7E4F80F
:1082D000049088E0FDF756FA00283ED0FFE7FDF74E
:1082E0003DFA0390FDF746FA0146019178B1FFE7A8
:1082F0000198B0F1805F13D0FFE70198B0F1005F03
:1083000017D0FFE70198B0F1405F1BD023E0F8F7EA
:108310000DFE049004980399B0FBF1F004901BE06B
:10832000F8F750FE049004980399B0FBF1F0049024
:1083300012E0F8F793FE049004980399B0FBF1F073
:10834000049009E0F8F7D6FE049004980399B0FB76
:10835000F1F0049000E0FFE7FFE744E0FDF736FAB4
:1083600000283ED0FFE7FDF71DFA0390FDF726FA3F
:108370000146009178B1FFE70098B0F1805F13D01B
:10838000FFE70098B0F1005F17D0FFE70098B0F169
:10839000405F1BD023E0F8F7C9FD049004980399CF
:1083A000B0FBF1F004901BE0F8F70CFE0490049889
:1083B0000399B0FBF1F0049012E0F8F74FFE04903F
:1083C00004980399B0FBF1F0049009E0F8F792FEED
:1083D000049004980399B0FBF1F0049000E0FFE7EB
:1083E000FFE700E0FFE7049806B080BD80B586B0E7
:1083F0000590002004900598FCF726FF01460291A5
:10840000062800F2BC800299DFE801F0040C115547
:10841000A899B300FBF7ACFFFEF7BAFCFFF76AFCC4
:108420000490ADE00720FEF737F80490A8E0FDF7D0
:10843000F9F900283ED0FFE7FDF7E0F90390FDF7DA
:10844000E9F90146019178B1FFE70198B0F1805F49
:1084500013D0FFE70198B0F1005F17D0FFE7019854
:10846000B0F1405F1BD023E0F8F760FD0490049862
:108470000399B0FBF1F004901BE0F8F7A3FD049022
:1084800004980399B0FBF1F0049012E0F8F7E6FDD0
:10849000049004980399B0FBF1F0049009E0F8F718
:1084A00029FE049004980399B0FBF1F0049000E0D9
:1084B000FFE7FFE764E0FDF7D9F900283ED0FFE7CA
:1084C000FDF7C0F90390FDF7C9F90146009178B1B5
:1084D000FFE70098B0F1805F13D0FFE70098B0F19C
:1084E000005F17D0FFE70098B0F1405F1BD023E09A
:1084F000F8F71CFD049004980399B0FBF1F0049088
:108500001BE0F8F75FFD049004980399B0FBF1F0CD
:10851000049012E0F8F7A2FD049004980399B0FBD0
:10852000F1F0049009E0F8F7E5FD04900498039950
:10853000B0FBF1F0049000E0FFE7FFE720E0FCF77C
:108540001BFF50B1FFE7FCF707FFC10949F200002C
:10855000C0F2D030C8400490FFE711E0FDF702FA06
:1085600030B1FFE740F60010C0F23D000490FFE795
:1085700006E048F20000C0F2BB00049000E0FFE714
:10858000049806B080BD000080B588B00790002038
:1085900006900798FCF764FE0146049140F22041E2
:1085A000C0F20071884200F07A81FFE7049840F63B
:1085B0002001C0F20071884200F06981FFE7049851
:1085C00040F62041C0F20071884200F06081FFE770
:1085D000049841F22001C0F20071884200F05F81EE
:1085E000FFE7049841F22041C0F20071884200F098
:1085F0005681FFE7049841F62001C0F200718842DD
:1086000000F05581FFE7049840F22041C0F201716B
:10861000884200F05481FFE7049840F62001C0F240
:108620000171884200F04B81FFE7049840F6204139
:10863000C0F20171884200F04281FFE7049841F2E4
:108640002001C0F20171884200F03981FFE70498EF
:1086500041F22041C0F20171884200F03081FFE711
:10866000049841F62001C0F20171884200F0278190
:10867000FFE7049840F22041C0F20271884200F006
:108680002381FFE7049840F62001C0F2027188427E
:1086900000F01A81FFE7049840F62041C0F2027111
:1086A000884200F01181FFE7049841F22001C0F2F6
:1086B0000271884200F04C81FFE7049841F22041AA
:1086C000C0F20271884200F04381FFE7049841F64E
:1086D0002001C0F20271884200F0F680FFE70498A2
:1086E00040F22041C0F20371884200F03181FFE77F
:1086F000049840F62001C0F20371884200F02881FE
:10870000FFE7049840F62041C0F20371884200F070
:108710001F81FFE7049841F22001C0F203718842F3
:1087200000F05A81FFE7049841F22041C0F2037142
:10873000884200F05181FFE7049841F62001C0F221
:108740000371884200F00481FFE7049840F2204161
:10875000C0F20471884200F09281FFE7049840F66D
:108760002001C0F20471884200F08981FFE704987B
:1087700040F62041C0F20471884200F08081FFE79A
:10878000049841F22001C0F20471884200F0778120
:10879000FFE7049841F22041C0F20471884200F0E2
:1087A0006E81FFE7049841F62001C0F2047188420F
:1087B00000F06581FFE7049840F22041C0F20571A6
:1087C000884200F04D81FFE7049840F62001C0F296
:1087D0000571884200F04481FFE7049840F620418B
:1087E000C0F20571884200F03B81FFE7049841F236
:1087F0002001C0F20571884200F03281FFE7049841
:1088000041F22041C0F20571884200F02981FFE762
:10881000049841F62001C0F20571884200F02081E1
:10882000FFE7049840F22041C0F20671884200F050
:108830003181FFE7049840F62001C0F206718842BA
:1088400000F02881FFE7049840F62041C0F206714D
:10885000884200F01F81FFE7049841F22001C0F236
:108860000671884200F01C81FFE7049841F2204124
:10887000C0F20671884200F01381FFE7049841F6C8
:108880002001C0F20671884200F0048113E1FBF779
:108890006FFDFEF77DFAFFF72DFA06900CE1FBF76E
:1088A00067FDFEF775FAFFF733FA069004E1FBF770
:1088B0005FFDFEF76DFAFFF739FA0690FCE007203E
:1088C000FDF7EAFD0690F7E0FCF7D0FF00283ED068
:1088D000FFE7FCF7B7FF0590FCF7C0FF01460391E7
:1088E00078B1FFE70398B0F1805F13D0FFE70398FA
:1088F000B0F1005F17D0FFE70398B0F1405F1BD0E5
:1089000023E0F8F713FB069006980599B0FBF1F009
:1089100006901BE0F8F756FB069006980599B0FB09
:10892000F1F0069012E0F8F799FB06900698059989
:10893000B0FBF1F0069009E0F8F7DCFB0690069832
:108940000599B0FBF1F0069000E0FFE7FFE7B3E028
:10895000FCF7B0FF00283ED0FFE7FCF797FF05903B
:10896000FCF7A0FF0146029178B1FFE70298B0F151
:10897000805F13D0FFE70298B0F1005F17D0FFE7E8
:108980000298B0F1405F1BD023E0F8F7CFFA0690D1
:1089900006980599B0FBF1F006901BE0F8F712FB82
:1089A000069006980599B0FBF1F0069012E0F8F7F2
:1089B00055FB069006980599B0FBF1F0069009E08A
:1089C000F8F798FB069006980599B0FBF1F0069031
:1089D00000E0FFE7FFE76FE0FCF784FD00283ED0F2
:1089E000FFE7FCF76BFD0590FCF774FD0146019174
:1089F00078B1FFE70198B0F1805F13D0FFE70198ED
:108A0000B0F1005F17D0FFE70198B0F1405F1BD0D5
:108A100023E0F8F78BFA069006980599B0FBF1F081
:108A200006901BE0F8F7CEFA069006980599B0FB81
:108A3000F1F0069012E0F8F711FB06900698059900
:108A4000B0FBF1F0069009E0F8F754FB06900698A9
:108A50000599B0FBF1F0069000E0FFE7FFE72BE09F
:108A6000FCF78AFC50B1FFE7FCF776FCC10949F23C
:108A70000000C0F2D030C8400690FFE71CE0FCF7D1
:108A800071FF30B1FFE740F60010C0F23D000690E4
:108A9000FFE711E048F20000C0F2BB0006900BE0D7
:108AA000FCF71EFC30B1FFE746F60040C0F2DC20C8
:108AB0000690FFE700E0FFE7069808B080BD0000E1
:108AC00080B586B00590002004900598FCF7E0FB87
:108AD000014602913421C0F20071884200F03581D4
:108AE000FFE7029840F63041C0F20071884200F082
:108AF0002481FFE7029841F23001C0F20071884200
:108B000000F01B81FFE7029841F63001C0F20071CE
:108B1000884200F01281FFE7029841F63041C0F22E
:108B20000071884200F00981FFE702983421C0F209
:108B30000171884200F01181FFE7029840F6304150
:108B4000C0F20171884200F00881FFE7029841F20B
:108B50003001C0F20171884200F0FF80FFE7029807
:108B600041F63001C0F20171884200F0F680FFE763
:108B7000029841F63041C0F20171884200F0ED8068
:108B8000FFE702983421C0F20271884200F0EA80C7
:108B9000FFE7029840F63041C0F20271884200F0CF
:108BA000E180FFE7029841F23001C0F20271884291
:108BB00000F0D880FFE7029841F63001C0F2027160
:108BC000884200F0CF80FFE7029841F63041C0F2C2
:108BD0000271884200F0C680FFE702983421C0F29B
:108BE0000371884200F00281FFE7029840F63041AD
:108BF000C0F20371884200F0F980FFE7029841F269
:108C00003001C0F20371884200F0F080FFE7029863
:108C100041F63001C0F20371884200F0E780FFE7BF
:108C2000029841F63041C0F20371884200F0DE80C4
:108C3000FFE702983421C0F20471884200F03481C9
:108C4000FFE7029840F63041C0F20471884200F01C
:108C50002B81FFE7029841F23001C0F20471884293
:108C600000F02281FFE7029841F63001C0F2047162
:108C7000884200F01981FFE7029841F63041C0F2C6
:108C80000471884200F01081FFE702983421C0F29D
:108C90000571884200F0FD80FFE7029840F6304100
:108CA000C0F20571884200F0F480FFE7029841F2BB
:108CB0003001C0F20571884200F0EB80FFE70298B6
:108CC00041F63001C0F20571884200F0E280FFE712
:108CD000029841F63041C0F20571884200F0D98017
:108CE000FFE702983421C0F20671884200F0C2808A
:108CF000FFE7029840F63041C0F20671884200F06A
:108D0000B980FFE7029841F23001C0F20671884253
:108D100000F0B080FFE7029841F63001C0F2067122
:108D2000884200F0A780FFE7029841F63041C0F288
:108D30000671884200F09E80BFE0FBF719FBFEF74A
:108D400027F8FEF7D7FF0490B8E0FBF711FBFEF71A
:108D50001FF8FEF7DDFF0490B0E00720FDF79CFB55
:108D60000490ABE0FCF7A6FD00283ED0FFE7FCF73F
:108D70008DFD0390FCF796FD0146019178B1FFE768
:108D80000198B0F1805F13D0FFE70198B0F1005F68
:108D900017D0FFE70198B0F1405F1BD023E0F8F750
:108DA000C5F8049004980399B0FBF1F004901BE01F
:108DB000F8F708F9049004980399B0FBF1F00490D7
:108DC00012E0F8F74BF9049004980399B0FBF1F026
:108DD000049009E0F8F78EF9049004980399B0FB29
:108DE000F1F0049000E0FFE7FFE767E0FCF77AFBB3
:108DF00000283ED0FFE7FCF761FB0390FCF76AFB1D
:108E00000146009178B1FFE70098B0F1805F13D080
:108E1000FFE70098B0F1005F17D0FFE70098B0F1CE
:108E2000405F1BD023E0F8F781F804900498039981
:108E3000B0FBF1F004901BE0F8F7C4F8049004983C
:108E40000399B0FBF1F0049012E0F8F707F90490F1
:108E500004980399B0FBF1F0049009E0F8F74AF99F
:108E6000049004980399B0FBF1F0049000E0FFE750
:108E7000FFE723E0FCF780FA50B1FFE7FCF76CFA5C
:108E8000C10949F20000C0F2D030C8400490FFE7A9
:108E900014E0FCF767FD30B1FFE740F60010C0F2C8
:108EA0003D000490FFE709E0FCF714FD20B1FFE767
:108EB0004FF400400490FFE700E0FFE7049806B09D
:108EC00080BD000080B586B0059000200490059814
:108ED000FCF7E6F9014602913021C0F200718842A8
:108EE00000F02D81FFE7029840F23041C0F200719E
:108EF000884200F02C81FFE7029840F23441C0F232
:108F00000071884200F01B81FFE7029840F63001B3
:108F1000C0F20071884200F01A81FFE7029841F226
:108F20003041C0F20071884200F00981FFE70298E9
:108F30003021C0F20171884200F01181FFE70298F0
:108F400040F23041C0F20171884200F00881FFE731
:108F5000029840F23441C0F20171884200F0FF8073
:108F6000FFE7029840F63001C0F20171884200F03C
:108F7000F680FFE7029841F23041C0F20171884269
:108F800000F0ED80FFE702983021C0F202718842C4
:108F900000F0EA80FFE7029840F23041C0F202712F
:108FA000884200F0E180FFE7029840F23441C0F2CD
:108FB0000271884200F0D880FFE7029840F6300145
:108FC000C0F20271884200F0CF80FFE7029841F2C0
:108FD0003041C0F20271884200F0C680FFE702987B
:108FE0003021C0F20371884200F00281FFE702984D
:108FF00040F23041C0F20371884200F0F980FFE78F
:10900000029840F23441C0F20371884200F0F080CF
:10901000FFE7029840F63001C0F20371884200F089
:10902000E780FFE7029841F23041C0F203718842C5
:1090300000F0DE80FFE702983021C0F20471884220
:1090400000F03481FFE7029840F23041C0F2047131
:10905000884200F02B81FFE7029840F23441C0F2D1
:109060000471884200F02281FFE7029840F6300147
:10907000C0F20471884200F01981FFE7029841F2C2
:109080003041C0F20471884200F01081FFE702987D
:109090003021C0F20571884200F0FD80FFE70298A0
:1090A00040F23041C0F20571884200F0F480FFE7E1
:1090B000029840F23441C0F20571884200F0EB8022
:1090C000FFE7029840F63001C0F20571884200F0D7
:1090D000E280FFE7029841F23041C0F20571884218
:1090E00000F0D980FFE702983021C0F20671884273
:1090F00000F0C280FFE7029840F23041C0F20671F2
:10910000884200F0B980FFE7029840F23441C0F293
:109110000671884200F0B080FFE7029840F6300107
:10912000C0F20671884200F0A780FFE7029841F282
:109130003041C0F20671884200F09E80BFE0FBF72C
:1091400017F9FDF725FEFEF7E3FD0490B8E0FBF705
:109150000FF9FDF71DFEFEF7CDFD0490B0E00720EE
:10916000FDF79AF90490ABE0FCF7A4FB00283ED091
:10917000FFE7FCF78BFB0390FCF794FB01460191A2
:1091800078B1FFE70198B0F1805F13D0FFE7019855
:10919000B0F1005F17D0FFE70198B0F1405F1BD03E
:1091A00023E0F7F7C3FE049004980399B0FBF1F0B5
:1091B00004901BE0F7F706FF049004980399B0FBB6
:1091C000F1F0049012E0F7F749FF04900498039936
:1091D000B0FBF1F0049009E0F7F78CFF04900498DD
:1091E0000399B0FBF1F0049000E0FFE7FFE767E0D0
:1091F000FCF778F900283ED0FFE7FCF75FF9039011
:10920000FCF768F90146009178B1FFE70098B0F1EA
:10921000805F13D0FFE70098B0F1005F17D0FFE741
:109220000098B0F1405F1BD023E0F7F77FFE049079
:1092300004980399B0FBF1F004901BE0F7F7C2FE2D
:10924000049004980399B0FBF1F0049012E0F7F752
:1092500005FF049004980399B0FBF1F0049009E035
:10926000F7F748FF049004980399B0FBF1F00490DD
:1092700000E0FFE7FFE723E0FCF77EF850B1FFE7EF
:10928000FCF76AF8C10949F20000C0F2D030C840CA
:109290000490FFE714E0FCF765FB30B1FFE740F610
:1092A0000010C0F23D000490FFE709E0FCF712FB5C
:1092B00020B1FFE74FF400400490FFE700E0FFE734
:1092C000049806B080BD000080B586B005900020EF
:1092D00004900598FBF7F4FF014602911421C0F2B7
:1092E0000031884255D0FFE7029840F21441C0F2A5
:1092F000003188424DD0FFE7029840F61401C0F2D9
:109300000031884245D0FFE702981421C0F20131B4
:10931000884244D0FFE7029840F21441C0F2013184
:1093200088423CD0FFE7029840F61401C0F20131B8
:10933000884234D0FFE702981421C0F202318842FB
:1093400032D0FFE7029840F21441C0F20231884265
:109350002AD0FFE7029840F61401C0F20231884299
:1093600022D0FFE702981421C0F2033188425FD077
:10937000FFE7029840F21441C0F20331884257D00F
:10938000FFE7029840F61401C0F2033188424FD043
:1093900092E0FAF7EDFFFDF7FBFC04908DE007206B
:1093A000FDF77AF8049088E0FCF7C8F900283ED071
:1093B000FFE7FCF7AFF90390FCF7B8F9014601911C
:1093C00078B1FFE70198B0F1805F13D0FFE7019813
:1093D000B0F1005F17D0FFE70198B0F1405F1BD0FC
:1093E00023E0F7F7A3FD049004980399B0FBF1F094
:1093F00004901BE0F7F7E6FD049004980399B0FB96
:10940000F1F0049012E0F7F729FE04900498039914
:10941000B0FBF1F0049009E0F7F76CFE04900498BB
:109420000399B0FBF1F0049000E0FFE7FFE744E0B0
:10943000FCF7A8F900283ED0FFE7FCF78FF903906E
:10944000FCF798F90146009178B1FFE70098B0F178
:10945000805F13D0FFE70098B0F1005F17D0FFE7FF
:109460000098B0F1405F1BD023E0F7F75FFD049058
:1094700004980399B0FBF1F004901BE0F7F7A2FD0C
:10948000049004980399B0FBF1F0049012E0F7F710
:10949000E5FD049004980399B0FBF1F0049009E015
:1094A000F7F728FE049004980399B0FBF1F00490BC
:1094B00000E0FFE7FFE700E0FFE7049806B080BDAB
:1094C00080B586B00590049100200390FBF7D0FE94
:1094D0000146029178B1FFE70298B0F1805F14D0A5
:1094E000FFE70298B0F1005F23D0FFE70298B0F1E8
:1094F000405F24D05CE0FBF727FFC10949F2000080
:10950000C0F2D030C840039053E048F24400C5F2A6
:109510000260006800F4007140F60010C0F23D00E7
:10952000B1F5007F04BF42F20040C0F2F4000390A6
:109530003FE046F60040C0F2DC20039039E0059899
:10954000019078B1FFE70198B0F1805F13D0FFE799
:109550000198B0F1005F17D0FFE70198B0F1405FCC
:109560001BD023E0F7F7E2FC039003980499B0FBCB
:10957000F1F003901BE0F7F725FD039003980499A1
:10958000B0FBF1F0039012E0F7F768FD0390039849
:109590000499B0FBF1F0039009E0F7F7ABFD0390FD
:1095A00003980499B0FBF1F0039000E0FFE700E0BE
:1095B000FFE7039806B080BD80B586B005900491A2
:1095C000012003900598029078B1FFE70298B0F16E
:1095D000805F17D0FFE70298B0F1005F1FD0FFE770
:1095E0000298B0F1405F27D033E0FCF731FA40B980
:1095F000FFE7FCF71DFA18B9FFE700200390FFE72B
:10960000FFE729E0FCF784FA40B9FFE7FCF770FABE
:1096100018B9FFE700200390FFE7FFE71CE0FCF725
:10962000D7FA40B9FFE7FCF7C3FA18B9FFE7002003
:109630000390FFE7FFE70FE0FCF72AFB40B9FFE7E5
:10964000FCF716FB18B9FFE700200390FFE7FFE7E0
:1096500002E000200390FFE70498019078B1FFE753
:109660000198B0F1805F17D0FFE70198B0F1005F7B
:109670001FD0FFE70198B0F1405F27D033E0FCF73F
:10968000E7F940B9FFE7FCF7D3F918B9FFE7002085
:109690000390FFE7FFE729E0FCF73AFA40B9FFE75C
:1096A000FCF726FA18B9FFE700200390FFE7FFE771
:1096B0001CE0FCF78DFA40B9FFE7FCF779FA18B91E
:1096C000FFE700200390FFE7FFE70FE0FCF7E0FA79
:1096D00040B9FFE7FCF7CCFA18B9FFE70020039088
:1096E000FFE7FFE702E000200390FFE7039806B0E2
:1096F00080BD000080B588B00690059100208DF8EF
:109700000700069948F28000C5F2026000EB0110E4
:109710000490069948F28400C5F2026000EB011043
:109720000390069948F28800C5F2026000EB011030
:10973000029005980068022840F09380FFE70699A0
:109740004FF48070884049F20001C5F20261086060
:10975000F7F726FB0090FFE748F20400C5F202602D
:109760000068069A4FF480719140084088420CD1FD
:10977000FFE7F7F715FB0099401A022804D3FFE72B
:1097800003208DF81F00EDE0E6E70299086840F03D
:10979000040008600499086820F0006008600498DC
:1097A0000068FF21C8F600410840059A5168936897
:1097B000126941EA035141EA022108430499086011
:1097C0000298006820F07C50059A51699269C90698
:1097D00041EA02610843029908600398006800F0BA
:1097E0007F400599C9680843039908600299086891
:1097F00020F0080008600598C06830B1FFE70299C2
:10980000086840F00A000860FFE702990868012232
:10981000C4F200021043086006994FF4807088403B
:1098200048F60001C5F202610860F7F7B9FA009046
:10983000FFE748F20400C5F2026000680699C840DC
:10984000C00500280CD4FFE7F7F7AAFA0099401AE0
:10985000022804D3FFE703208DF81F0082E0E8E729
:109860007BE00598006803283ED1FFE70598406833
:1098700000F02AF9012832D1FFE706994FF48070F1
:10988000884049F20001C5F202610860F7F788FAE2
:109890000090FFE748F20400C5F202600068069AF3
:1098A0004FF480719140084088420CD1FFE7F7F7F0
:1098B00077FA0099401A022804D3FFE703208DF8B5
:1098C0001F004FE0E6E70498006820F0F04105989B
:1098D0004068084340F000600499086003E00120FC
:1098E0008DF80700FFE737E005980068012831D1BF
:1098F000FFE70299086820F08040086006994FF45D
:109900008070884049F20001C5F202610860F7F7F3
:1099100047FA0090FFE748F20400C5F202600068D1
:10992000069A4FF480719140084088420CD1FFE7BD
:10993000F7F736FA0099401A022804D3FFE703200C
:109940008DF81F000EE0E6E70499086820F000603B
:10995000086000E0FFE7FFE7FFE79DF807008DF8EC
:109960001F00FFE79DF81F0008B080BD80B584B0E0
:10997000029000208DF8070002994FF48070884013
:1099800048F60001C5F202610860F7F709FA009095
:10999000FFE748F20400C5F2026000680299C8407F
:1099A000C00500280CD4FFE7F7F7FAF90099401A30
:1099B000022804D3FFE703208DF80F0005E0E8E755
:1099C0009DF807008DF80F00FFE79DF80F0004B029
:1099D00080BD000087B00690059100200190069997
:1099E00048F28000C5F2026000EB01100490069975
:1099F00048F28400C5F2026000EB01100390069962
:109A000048F28800C5F2026000EB01100290049851
:109A100000684FF60071C7F2FF310840059A51689F
:109A20009368126941EA035141EA0221884203D056
:109A3000FFE70120019044E00398006820F07F4098
:109A40000599C968884203D0FFE70120019037E0FB
:109A50000298006800F07C50059A51699269C90625
:109A600041EA0261884203D0FFE70120019026E02D
:109A700048F20400C5F202600068069A4FF4807153
:109A800091400840884203D1FFE7022000900CE09B
:109A9000049800680001002803D5FFE70320009028
:109AA00002E001200090FFE7FFE7009805990968B0
:109AB000884203D0FFE701200190FFE7FFE7FFE7BF
:109AC000FFE7019807B0704780B584B0039001208C
:109AD00002900398019078B1FFE70198B0F1805FA0
:109AE00012D0FFE70198B0F1005F15D0FFE70198B1
:109AF000B0F1405F18D018E0FBF736FC18B9FFE76B
:109B000000200290FFE711E0FBF724FF18B9FFE700
:109B100000200290FFE709E0FBF7DAFB18B9FFE746
:109B200000200290FFE701E0FFE7FFE7029804B0A2
:109B300080BD000082B04FF2F870C3F21F40009069
:109B4000009880F30A884FF6F870C3F21F40019026
:109B5000019880F3088800F07DFAF6F7F7FD000021
:109B60006DED81CF80B581B000F0BCF840F200000F
:109B7000C3F21C40006801B0BDE880409FEC100AB1
:109B8000FDEC81CF9FE80E90744700007047000005
:109B9000FFE7FEE780B582B0009000980138B0F191
:109BA000807F03D3FFE70120019019E0009801387E
:109BB0004EF21401CEF2000108604FF0FF300F2189
:109BC00000F07EFF4EF21801CEF200010020086086
:109BD0004EF21002CEF20002072111600190FFE761
:109BE000019802B080BD000080B5F7F7DFF880BDB6
:109BF00080B5B8B012A89821F6F786FE02A84021D9
:109C0000F6F782FE0020F7F761F918B1FFE7F6F7E3
:109C1000B9FEFFE702201290082015900020169050
:109C200017901C9023902A90319012A8FAF7AEFB5F
:109C300018B1FFE7F6F7A6FEFFE702A8FAF7A0FAC9
:109C40000398B0F5403F05D0FFE70498B0F1407F9E
:109C50000ED1FFE70320029000200390049002A899
:109C6000FAF712F818B1FFE7F6F78CFEFFE7FFE707
:109C70000020129002211C911D9004211E914B2165
:109C800020911F9001212191229123902A903190BF
:109C900012A8FAF77BFB18B1FFE7F6F773FEFFE7B0
:109CA0007F2002900021019103914FF040700490B9
:109CB0004FF40010059006910791089109910C91BD
:109CC00003200D900E9104200F901091119002A886
:109CD000F9F7DAFF18B1FFE7F6F754FEFFE738B0FF
:109CE00080BD00008EB000200D900C900B900A906B
:109CF0000990089048F22000C5F20260006800F464
:109D000040100146029178B1FFE70298B0F5801F3C
:109D100018D0FFE70298B0F5001F29D0FFE702989E
:109D2000B0F5401F2AD089E148F24800C5F2026030
:109D30000068C0F3C11149F20000C0F2D030C84041
:109D40000D907CE148F24400C5F202600068800595
:109D5000002806D4FFE740F60010C0F23D000D9049
:109D600005E042F20040C0F2F4000D90FFE766E12A
:109D700046F60040C0F2DC200D9060E148F2C400DD
:109D8000C5F20260006800F040500146019150B1F8
:109D9000FFE70198B0F1805F36D0FFE70198B0F19E
:109DA000005F62D092E048F28000C5F20260006875
:109DB0000790079800F0E0400690079800F00060D8
:109DC00005900598F8B9FFE70798C0F305500C9087
:109DD0000798C0F30B200B9048F28400C5F2026094
:109DE000006820F07F400A9048F28800C5F20260C7
:109DF000006807900798C0F3C26009900798C0F305
:109E000002600890FFE792E048F29000C5F202601D
:109E100000680790079800F0E0400690079800F06F
:109E2000006005900598F8B9FFE70798C0F3055062
:109E30000C900798C0F30B200B9048F29400C5F2E9
:109E40000260006820F07F400A9048F29800C5F256
:109E50000260006807900798C0F3C26009900798F5
:109E6000C0F302600890FFE761E048F2A000C5F28D
:109E7000026000680790079800F0E040069007989D
:109E800000F0006005900598F8B9FFE70798C0F367
:109E900005500C900798C0F30B200B9048F2A400DB
:109EA000C5F20260006820F07F400A9048F2A800E6
:109EB000C5F20260006807900798C0F3C26009907D
:109EC0000798C0F302600890FFE730E048F2B00066
:109ED000C5F2026000680790079800F0E040069025
:109EE000079800F0006005900598F8B9FFE707981B
:109EF000C0F305500C900798C0F30B200B9048F26C
:109F0000B400C5F20260006820F07F400A9048F279
:109F1000B800C5F20260006807900798C0F3C260FD
:109F200009900798C0F302600890FFE7FFE70698E2
:109F3000009078B1FFE70098B0F1805F18D0FFE79C
:109F40000098B0F1005F29D0FFE70098B0F1405FC2
:109F50002AD02FE048F24800C5F202600068C0F342
:109F6000C11149F20000C0F2D030C8400D9022E08B
:109F700048F24400C5F2026000688005002806D45B
:109F8000FFE740F60010C0F23D000D9005E042F200
:109F90000040C0F2F4000D90FFE70CE046F60040F0
:109FA000C0F2DC200D9006E048F20000C0F2BB00D9
:109FB0000D9000E0FFE7059878BBFFE79DED0D0AE7
:109FC000B8EE400A9DED0B1AB8EE411A9DED0A2A33
:109FD000B8EE422A9FED1E3A22EE032A31EE021A13
:109FE00020EE010A9DED0C1AB8EE411A80EE010A2E
:109FF0008DED030A9DED030A9DED091AB8EE411A95
:10A000009DED082AB8EE422A21EE021A80EE010ADE
:10A01000BCEEC00A8DED0D0AFFE748F2C400C5F2A0
:10A020000260006800F47F01012000EB1140049001
:10A030000D980499B0FBF1F00D9000E0FFE70D984A
:10A0400040F20001C3F21C4108600EB0704700BF2F
:10A050000000803310B540F20040C3F218404EF6C5
:10A060000851CEF20001086048F61822C5F20262DB
:10A070000120106049F21822C5F20262106049F214
:10A080005822C5F2026210604EF6D854CEF2000497
:10A09000002222604EF6DC5CCEF2000CCCF80020F0
:10A0A0004EF6E053CEF200031A602060CCF8002098
:10A0B0001A604FF0020EC4F800E0CCF800201A60DD
:10A0C0004FF0030EC4F800E0CCF800201A604FF007
:10A0D000040EC4F800E0CCF800201A604FF0050E22
:10A0E000C4F800E0CCF800201A604FF0060EC4F867
:10A0F00000E0CCF800201A604FF0070EC4F800E032
:10A10000CCF800201A6048F67822C5F2026210608E
:10A1100048F27823C5F202631A680A6848F210010F
:10A12000C5F200610A6044F63C02C5F20262D2F850
:10A1300000C04CF4805CC2F800C0D2F800C04CF003
:10A14000100CC2F800C0126848F2742CC5F2026C00
:10A15000DCF8002042F40042CCF800201A6842F0FB
:10A1600010021A601A681A6822F010021A6048F683
:10A170002023C5F202634FF440521A6049F22023B3
:10A18000C5F202631A6048F62422C5F2026210602A
:10A1900049F22422C5F20262106049F26422C5F23B
:10A1A0000262106049F25C23C5F2026340221A6029
:10A1B000096849F27821C5F2026108604EF68851BB
:10A1C000CEF20001086840F4700008604EF6885135
:10A1D000CEF20201086840F47000086010BD000073
:10A1E00082B001900198406E40B9FFE701990120CB
:10A1F000A1F86A000199A1F8680032E010208DF8FA
:10A2000003008DF80200019800688068C0F3426086
:10A210008DF80100019800688068400F8DF80000FB
:10A220009DF802009DF800204AF6A633C3F21843B9
:10A23000995C48434AF69E31C3F218418A5CB0FBF0
:10A24000F2F0019AA2F86A009DF803009DF801203F
:10A250009B5C5843895CB0FBF1F00199A1F8680060
:10A26000FFE702B07047000081B00090009890F8BE
:10A270002800000700280BD5FFE700980068406819
:10A2800020F40040009A1168926B10434860FFE789
:10A29000009890F82800C00758B1FFE700980068C0
:10A2A000406820F40030009A1168D26A1043486078
:10A2B000FFE7009890F82800800700280BD5FFE7FB
:10A2C00000980068406820F48030009A1168126B92
:10A2D00010434860FFE7009890F8280040070028E6
:10A2E0000BD5FFE700980068406820F48020009AB2
:10A2F0001168526B10434860FFE7009890F82800FF
:10A30000C00600280BD5FFE700980068806820F49D
:10A310008050009A1168D26B10438860FFE7009864
:10A3200090F82800800600280BD5FFE70098006809
:10A33000806820F40050009A1168126C1043886005
:10A34000FFE7009890F82800400600281CD5FFE79A
:10A3500000980068406820F48010009A1168526CE0
:10A36000104348600098406CB0F5801F0BD1FFE7A8
:10A3700000980068406820F4C000009A1168926C50
:10A3800010434860FFE7FFE7009890F828000006B8
:10A3900000280BD5FFE700980068406820F40020F3
:10A3A000009A1168D26C10434860FFE701B0704713
:10A3B00080B588B0069006990020C1F89000F6F7A5
:10A3C000EFFC0590069800680068000700282FD56C
:10A3D000FFE70698059B6A466FF07E4111604FF4D7
:10A3E0000011002200F0E2FA08B3FFE7FFE7FFE701
:10A3F0000698006850E8000F20F080000490FFE706
:10A4000004990698026842E8001008B12FF011C0C4
:10A41000FFE706992020C1F88800FFE70699002091
:10A4200081F88400FFE703208DF81F005FE0FFE75D
:10A430000698006800684007002842D5FFE70698A4
:10A44000059B6A466FF07E4111604FF48001002247
:10A4500000F0ACFAA0B3FFE7FFE7FFE7069800685B
:10A4600050E8000F20F490700390FFE703990698DE
:10A47000026842E8001008B12FF011C0FFE7FFE7C3
:10A48000FFE70698006850E8020F20F001000290F4
:10A49000FFE702990698026842E8021008B12FF01F
:10A4A00011C0FFE706992020C1F88C00FFE706994C
:10A4B000002081F88400FFE703208DF81F0016E0DC
:10A4C000FFE706992020C1F888000699C1F88C00A2
:10A4D00006990020C86606990867FFE706990020DC
:10A4E00081F88400FFE700208DF81F00FFE79DF84A
:10A4F0001F0008B080BD000084B00390FFE7FFE7B5
:10A500000398006850E8000F20F490700290FFE775
:10A5100002990398026842E8001008B12FF011C0B8
:10A52000FFE7FFE7FFE70398006850E8020F4FF6E8
:10A53000FE71CEF6FF7108400190FFE70199039884
:10A54000026842E8021008B12FF013C8FFE7039831
:10A55000C06E012814D1FFE7FFE7FFE7039800680A
:10A5600050E8000F20F010000090FFE700990398DA
:10A57000026842E8001008B12FF011C0FFE7FFE7C2
:10A5800003992020C1F88C0003990020C866039924
:10A59000486704B07047000080B58CB00B90002075
:10A5A0008DF813000B98006840F60041C5F2006179
:10A5B000884209D0FFE70B98006840F60041C4F2DA
:10A5C0000061884201D1FFE700E0FFE70B9988684E
:10A5D0000B694A69C9691843104308430A900B98EC
:10A5E0000068006846F6F311CCF6FF7108400A993E
:10A5F00008430B99096808600B980068406820F4CC
:10A6000040500B9A1168D268104348600B988069DB
:10A610000A900B98006840F60041C5F2006188423C
:10A620000FD0FFE70B98006840F60041C4F20061CC
:10A63000884206D0FFE70B98016A0A9808430A90FF
:10A64000FFE70B98006880684FF2FF41C1F2FF11ED
:10A6500008400A9908430B99096888600B980068BC
:10A66000C06A20F00F000B9A1168526A1043C8624A
:10A67000FFE70B98006841F20001C5F20021884213
:10A6800006D1FFE74FF48070079000200690A0E00D
:10A690000B98006844F20041C5F20001884206D1DF
:10A6A000FFE74FF4007007900020069090E00B98B1
:10A6B000006844F60001C5F20001884206D1FFE7B8
:10A6C0004FF4806007900020069080E00B980068AF
:10A6D00044F60041C5F20001884206D1FFE74FF47D
:10A6E000006007900020069070E00B980068B0F1C1
:10A6F000502F06D1FFE74FF48050079000200690BE
:10A7000063E00B98006841F20041C5F200218842E5
:10A7100006D1FFE74FF4005007900020069053E069
:10A720000B98006847F60001C5F20001884206D187
:10A73000FFE74FF4804007900020069043E00B981D
:10A74000006847F60041C5F20001884206D1FFE7E4
:10A750004FF4004007900020069033E00B9800680B
:10A7600041F60001C5F20021884206D1FFE74FF40F
:10A77000803007900020069023E00B98006841F697
:10A780000041C5F20021884206D1FFE74FF40030B6
:10A7900007900020069013E00B98006840F60041F7
:10A7A000C5F20061884206D1FFE7002007904FF410
:10A7B0000000069003E0002007900690FFE7FFE707
:10A7C000FFE7FFE7FFE7FFE7FFE7FFE7FFE7FFE759
:10A7D000FFE7FFE70B98006840F60041C5F2006113
:10A7E000884209D0FFE70B98006840F60041C4F2A8
:10A7F000006188425AD1FFE706980799F6F7C6FC30
:10A8000002900298002850D0FFE702980B994A6AFC
:10A810004AF6AE31C3F2184131F81210B0FBF1F034
:10A82000039003980B99496801EB4101884207D3D3
:10A83000FFE703980B994968B0EB013F04D9FFE7A4
:10A8400001208DF813002FE002980B994A680092BE
:10A850004A6A4AF6AE31C3F2184131F81220002399
:10A8600001931946F5F7D8FF009A019B50EA0F2192
:10A8700010EB520041F10001F5F7CEFF059005986D
:10A88000B0F5407F0BD3FFE705990020B0EB115FD7
:10A8900005D1FFE705980B990968C86003E001201E
:10A8A0008DF81300FFE7FFE7FFE76FE00B98C06943
:10A8B000B0F5004F3CD1FFE706980799F6F766FC24
:10A8C0000290029898B3FFE702980B9A5168536A76
:10A8D0004AF6AE32C3F2184232F81320B0FBF2F05F
:10A8E000400000EB5100B0FBF1F0059005981028F6
:10A8F00018D3FFE7BDF81600A0B9FFE7059820F0D0
:10A900000F00ADF82600059800F00E01BDF82600F6
:10A9100040EA5100ADF82600BDF826000B99096801
:10A92000C86003E001208DF81300FFE7FFE72CE08B
:10A9300006980799F6F72AFC0290029820B3FFE7E1
:10A9400002980B9A5168536A4AF6AE32C3F2184223
:10A9500032F81320B0FBF2F000EB5100B0FBF1F045
:10A960000590059810280AD3FFE7BDF8160030B906
:10A97000FFE7BDF814000B990968C86003E00120E7
:10A980008DF81300FFE7FFE7FFE7FFE70B990120D2
:10A99000A1F86A000B99A1F868000B99002048679C
:10A9A0000B9988679DF813000CB080BD80B586B008
:10A9B000DDF820C0049003918DF80B200193FFE790
:10A9C00004980068C0690399084088425FEA1F90B4
:10A9D0009DF80B10884260D1FFE7089801300028ED
:10A9E0005AD0FFE7F6F7DCF90199401A0899884236
:10A9F00003D8FFE7089820B9FFE703208DF8170078
:10AA00004FE00498006800684007002843D5FFE73E
:10AA1000039880283FD0FFE7039840283BD0FFE70A
:10AA200004980068C0690007002816D5FFE704985D
:10AA300001680820009008620498FFF75DFD009807
:10AA40000499C1F89000FFE70499002081F8840080
:10AA5000FFE701208DF8170023E004980068C06923
:10AA60000005002816D5FFE7049801684FF4006040
:10AA700008620498FFF740FD04992020C1F8900077
:10AA8000FFE70499002081F88400FFE703208DF898
:10AA9000170006E0FFE7FFE792E700208DF81700B8
:10AAA000FFE79DF8170006B080BD0000FFE7FEE756
:10AAB0004EF60C50CEF200000068C0F30220704742
:10AAC00082B0ADF806000091BDF9060000280AD456
:10AAD000FFE700980001BDF906104EF20042CEF2E9
:10AAE000000288540BE000980001BDF8061001F048
:10AAF0000F014EF61452CEF200028854FFE702B066
:10AB00007047000083B00290029800F007000090A8
:10AB10004EF60C51CEF200010868019001984FF6F4
:10AB2000FF02104001900198009A40EA02200022A2
:10AB3000C0F2FA52104301900198086003B07047C8
:10AB400080B582B000200190F6F73EF9FFF750F88B
:10AB5000FBF708FAFBF70CFAFFE7FEE7000000003E
:10AB60007FE97FE9FEF7FCBF000000000000000065
:10AB700000000000000000000000000000000000D5
:10AB8000F1EE100A4FF6FF71C0F2C03120EA010069
:10AB900040F0407040F48020E1EE100A7047080455
:10ABA0000204080101010101010307010000010085
:10ABB00002000400060008000A000C00100020003B
:10ABC0004000800000010000E8AB183400001C3495
:10ABD0000C000000B0071834F4AB18340C001C341F
:10ABE00098000000D00718340090D0030100000046
:04ABF0001000000051
:040000053418074D57
:00000001FF
